season,name,fast_swing_rate_z,contact_index_z,decision_index_z,bat_plus,obp,woba
2026,A.J. Ewing,-0.7125940189944047,-0.09639965336978727,0.41861701473851043,96.8598295086638,0.344,0.335
2023,Aaron Hicks,-1.021019035027645,0.04075641734950359,1.1862038823534635,97.780722696116,0.353,0.326
2023,Aaron Judge,2.523494300163577,-1.982326119455955,1.31411295965413,113.18338179028792,0.406,0.42
2024,Aaron Judge,2.9233457473289026,-1.0377837000738828,1.4207448437494867,118.45389600260201,0.458,0.476
2025,Aaron Judge,2.591653238756372,-1.2737878844162447,0.9480273177194124,114.43129531780349,0.457,0.463
2026,Aaron Judge,2.004457772467584,-1.2939164260745246,1.0246164948059666,111.19179350972742,0.375,0.385
2024,Abraham Toro,-0.5784118813398482,1.5811113339031806,-0.3586316730793506,99.92836894649271,0.293,0.283
2025,Abraham Toro,-0.8830126545094592,0.8880963155909299,-0.7161129192126006,95.14652841182799,0.289,0.286
2025,Adael Amador,-0.5632581244543214,0.724768136845182,-0.026510737146525642,98.6519824882195,0.256,0.238
2023,Adam Duvall,0.06625499417211643,-0.6594847392405927,-0.5122157955414357,96.9982961789546,0.303,0.347
2024,Adam Duvall,0.11191871636273548,0.09552500745504577,-0.48271329784908745,99.44764363330806,0.245,0.252
2023,Adam Frazier,-1.069946366341634,1.1201875124482852,-0.11675591123219978,96.52583907634177,0.3,0.302
2024,Adam Frazier,-1.101727011856323,0.762230290621766,0.5449150671037111,97.36109563474453,0.282,0.261
2025,Adam Frazier,-1.1174993098832269,0.8640156472380752,0.025540367219154696,95.97158402210323,0.319,0.3
2024,Addison Barger,1.2977285333841089,-0.08514413462809074,-0.14451831944605117,106.87522554290071,0.25,0.262
2025,Addison Barger,2.1280091701764223,-0.1945490338604692,-0.18467015732541173,111.28075964747943,0.301,0.322
2023,Adley Rutschman,-0.5915457934937391,1.6778191936389952,0.8517548072179071,103.80234584234377,0.374,0.352
2024,Adley Rutschman,-0.8122335354004007,1.1553725221322244,0.09783975783002351,98.77579091331677,0.318,0.309
2025,Adley Rutschman,-0.5632581244543214,1.6081750617090804,1.3140997533741787,105.18032432446174,0.307,0.298
2026,Adley Rutschman,-0.5909349835558082,1.4866163156058374,0.8749821949015101,103.34629168450252,0.331,0.333
2023,Adolis García,0.9795651786999159,-1.3668576935379604,-0.1843438728223764,101.34817152724771,0.328,0.354
2024,Adolis García,0.0896499874045877,-1.3347208698882311,-1.1223466782895553,93.40564798676354,0.284,0.296
2025,Adolis García,0.14553108383456753,-0.9787302629344091,-1.2834008043415555,94.2281279373839,0.271,0.286
2026,Adolis García,0.03763669954360716,-1.2523115998481102,0.19212321016879622,97.33038410098821,0.27,0.268
2025,Adrian Del Castillo,-0.12093102454471401,-1.7519324565639829,-0.4567903657977701,93.04801823652409,0.29,0.295
2026,Adrian Del Castillo,-0.013054565222474713,-0.11904925392487546,0.06629579382288041,99.79555943291727,0.258,0.26
2025,Agustín Ramírez,1.7389744919426713,0.3805348290501428,-0.24750142407821588,110.42086682185746,0.287,0.302
2026,Agustín Ramírez,1.8067618398798646,-1.0748308283602592,-0.11385374553142706,107.18565724029152,0.318,0.295
2023,AJ Pollock,-0.3088545459018011,0.05108814988475507,-0.4558379193805724,96.9578390341248,0.215,0.227
2023,Akil Baddoo,0.46854638497602824,0.3911775165814337,0.7161136025709013,105.9897019871327,0.31,0.299
2025,Alan Roden,-0.5472703979515645,0.40720936960483084,-0.06653630638965696,97.74254776685628,0.261,0.249
2023,Alan Trejo,-0.9829644440056532,0.7225179311512281,0.10023450349841075,96.58920435152451,0.288,0.277
2023,Alec Bohm,-0.02072692816386435,1.2417427991732561,0.015998904999537312,103.3718385777288,0.327,0.329
2024,Alec Bohm,0.028410982769681008,1.319448199911024,0.1811392027834563,104.37564123650331,0.332,0.335
2025,Alec Bohm,-0.23284511006401232,1.491447878406878,0.5449911693602295,104.43939810306598,0.331,0.322
2026,Alec Bohm,-0.7582161572838784,0.7533873339720419,0.7955565117329234,100.09782761872205,0.285,0.288
2023,Alec Burleson,-0.45563653984376895,1.4266115566800037,-0.822918262703767,98.80183771713438,0.3,0.3
2024,Alec Burleson,-0.16644039561411278,0.9571528923432627,-1.0553605018713919,98.47547017377221,0.314,0.319
2025,Alec Burleson,0.3480422862028215,0.7819625779221324,-0.23738930942234993,103.47159807056741,0.343,0.346
2026,Alec Burleson,0.4076829323360047,0.17710074981169344,-1.1714717194635287,99.29950775042309,0.344,0.349
2023,Aledmys Díaz,-0.6459094949537272,0.5599451110417618,-0.3090853191179899,96.85431642417538,0.28,0.268
2023,Alejandro Kirk,-0.16750892210583226,1.9315647183463815,0.6373066901986623,106.32099624142147,0.334,0.308
2024,Alejandro Kirk,-0.4893369655072568,1.6325456729634678,0.11880701012212884,102.04175505213595,0.319,0.297
2025,Alejandro Kirk,0.310737591029722,0.8727237990055049,0.002163298824226964,104.23500551779178,0.348,0.334
2026,Alejandro Kirk,-0.5301054658365099,1.4247668949005505,0.44252670071381267,102.2131063583467,0.309,0.285
2025,Alejandro Osuna,-0.3287714690805537,1.145689607527387,0.535975274608406,102.89490612545316,0.313,0.27
2026,Alejandro Osuna,-0.08909146237159753,1.6461935891813657,0.029626767613408222,104.13718640845724,0.346,0.3
2023,Alek Thomas,-0.7926914888956949,0.4407982060307348,-0.15816973209164883,96.12892142083601,0.273,0.278
2024,Alek Thomas,-0.7175914373282724,0.10644274101376212,-0.020222997806633253,96.05827785025936,0.245,0.262
2025,Alek Thomas,-0.43535631243226625,-0.006981111057810577,-0.9370508279714849,94.59679710234751,0.289,0.287
2026,Alek Thomas,-1.0319489870207206,0.3269710456222414,-2.3462037895034396,87.7647288249012,0.222,0.245
2023,Alex Bregman,-0.8090005993336914,1.7057125636170927,1.4211106976452172,104.34648796205639,0.363,0.351
2024,Alex Bregman,-0.5060385122258676,1.6358624566193873,0.7788818453754546,103.9618297478721,0.315,0.331
2025,Alex Bregman,-0.7231353894818904,1.340912495585266,1.19122938354528,103.1350563166216,0.36,0.356
2026,Alex Bregman,-1.097847631216627,0.7875243017070545,1.3194511788683314,99.81008349281058,0.338,0.318
2023,Alex Call,-0.3523455070697916,0.9092392307546171,1.3704839184156876,104.64069384069104,0.307,0.28
2024,Alex Call,-0.9848161848260466,0.3311878714656166,1.6626058727822117,100.24613105475176,0.425,0.412
2025,Alex Call,-1.1174993098832269,0.6306066247182585,1.6879342943874076,100.38153847313289,0.361,0.331
2026,Alex Call,-1.0420872399739367,1.2050019420428697,1.1271231926799994,100.70724505957374,0.355,0.309
2026,Alex Freeland,-0.854529560339434,-1.50649038071813,1.7747208781057948,96.24879476761814,0.309,0.282
2024,Alex Jackson,1.4313409071329963,-1.8753396207475108,-2.4774229192700763,95.59077402113215,0.201,0.2
2025,Alex Jackson,2.143996896679179,-1.4723231622212756,-1.0220019705009924,105.28278848020393,0.29,0.327
2023,Alex Kirilloff,-0.8742370410856771,0.25475398872388355,-0.5968279021352484,93.80400424633457,0.348,0.343
2024,Alex Kirilloff,-0.10520139097920607,-0.8060481427934278,-0.17083873885708767,96.63270991898177,0.27,0.282
2023,Alex Verdugo,-0.9612189634216579,1.5878226592887448,1.286174327388126,102.7233380768255,0.324,0.322
2024,Alex Verdugo,-0.7565617130050311,1.2633895942307,0.9995611876757519,102.14247753252096,0.291,0.283
2025,Alex Verdugo,-1.000255982196343,1.827998123626252,1.1564254637409939,102.7675657458059,0.296,0.264
2025,Alexander Canario,1.941485694310925,-2.4135341464617737,-0.6604518177904629,102.59405095014716,0.274,0.27
2023,Alfonso Rivas III,-0.6730913456837212,-0.4135435315507465,0.570940249404136,96.67352701358331,0.303,0.313
2023,Alika Williams,-0.8851097813776747,-0.8253489966711491,-0.07633877604832659,92.32866515819171,0.27,0.238
2026,Alika Williams,-1.047156366450545,0.16445219938564834,-1.0557090459890506,91.1514208118648,0.282,0.295
2023,Amed Rosario,-0.3088545459018011,0.6246231784088548,-1.3730468890632568,95.75814352439873,0.305,0.297
2024,Amed Rosario,-0.24994812920716725,0.3790313096922763,-1.8114144239260201,94.08620347839448,0.306,0.299
2025,Amed Rosario,0.369359254873164,0.753373664945395,-1.8984156300372306,98.46323150409822,0.309,0.321
2026,Amed Rosario,0.8385586828477006,-0.3804540165172604,-1.7339187294717793,98.54927306263401,0.278,0.307
2024,Andrés Chaparro,0.04511252948829195,0.7635627474312436,-0.5976693707912654,100.56190052238902,0.28,0.301
2023,Andrés Giménez,-0.7981278590416937,0.004400972533540285,-1.3380249124918318,91.29769941037357,0.314,0.309
2024,Andrés Giménez,-0.7899648064422529,0.43088871636491166,-1.1946260033462097,92.96423401943001,0.298,0.281
2025,Andrés Giménez,-0.8243909906660173,0.4465249993314663,-0.7120768888752367,94.27527917315092,0.285,0.269
2026,Andrés Giménez,-1.077571125310194,-0.19345437052667838,-1.251369649527303,89.38662161026397,0.27,0.273
2023,Andrew Benintendi,-0.9884008141516519,0.8111938060024957,0.3742599710269567,97.63713066608827,0.326,0.299
2024,Andrew Benintendi,-1.112861376335397,0.5609099486674256,0.5960077162422142,96.8934121949862,0.289,0.298
2025,Andrew Benintendi,-1.0375606773694426,-0.20042817105445246,-0.02838514627939954,93.3206072916302,0.307,0.317
2026,Andrew Benintendi,-1.0218107340675042,-1.1703621135273488,-0.259293820756676,90.01983577398153,0.303,0.31
2023,Andrew Knizner,-0.3577818772157904,-0.3843581671278421,-1.325709080906799,92.8192186734102,0.287,0.306
2023,Andrew McCutchen,-0.2055635131278239,-0.6158854242193234,1.765503183168591,102.4667954686343,0.378,0.345
2024,Andrew McCutchen,0.22326236115347478,-0.9451279248315025,1.4001365595439421,102.9373708515205,0.328,0.325
2025,Andrew McCutchen,-0.5632581244543214,-0.3503581217173085,1.2285865286261737,99.48850894260721,0.333,0.309
2023,Andrew Vaughn,-0.5480548323257486,0.7130978762899332,-0.5760637206573287,97.03624867150364,0.314,0.321
2024,Andrew Vaughn,-0.5060385122258676,0.9053079568489222,-0.6534031647075568,97.5785100224027,0.297,0.304
2025,Andrew Vaughn,-0.5579288822867358,0.5419171475224818,0.11801745053496009,98.61556275733567,0.307,0.311
2026,Andrew Vaughn,-0.7379396513774455,0.7964927486280258,1.175515818457173,101.49125374217746,0.397,0.383
2023,Andruw Monasterio,-1.04276451561164,0.20321647740817764,1.2291180325642572,98.23530190522958,0.33,0.302
2024,Andruw Monasterio,-0.9848161848260466,-0.06688062099710382,1.3436603485825582,98.17186868014018,0.303,0.266
2025,Andruw Monasterio,-1.0908530990452987,0.12146773831906799,0.3625531023743307,95.09254214499684,0.319,0.328
2026,Andruw Monasterio,-1.077571125310194,0.8782901874383888,0.9985554235647441,99.20357161153336,0.32,0.337
2023,Andy Ibáñez,-0.8579279306476806,0.667923087593906,-0.1313136136672369,96.46092872952474,0.312,0.32
2024,Andy Ibáñez,-0.8512038110771595,-0.5019916067954282,-0.24210330662474547,92.91844719997303,0.295,0.287
2025,Andy Ibáñez,-1.058877646039785,1.2472276178363313,-0.011261207649513523,97.26350103056545,0.301,0.289
2024,Andy Pages,0.36800909938143594,0.2163365643767093,-0.6331085532549324,100.81526371634682,0.305,0.31
2025,Andy Pages,-0.05698011853368647,0.7270209074765579,-0.4823112803613522,100.2174562856251,0.313,0.332
2026,Andy Pages,0.24547088508454273,0.8692307201287752,-0.4956292624792357,102.33118803294215,0.334,0.344
2024,Angel Martínez,-0.8066663531608638,1.308815386394796,-0.6272345707004462,97.02793739951403,0.298,0.282
2025,Angel Martínez,-0.6325382726329346,0.976438811585054,-1.3973560452214517,94.7764968077766,0.269,0.274
2026,Angel Martínez,-0.43886118925756257,1.3722214377566544,-2.0303907117098117,95.0752752846123,0.26,0.291
2024,Anthony Rendon,-1.0627567361795642,1.7203116958059526,1.5550494282909073,103.3179258487551,0.307,0.264
2023,Anthony Rizzo,-0.7872551187496961,0.4000148036410704,-0.367803191757511,95.40970810163493,0.328,0.312
2024,Anthony Rizzo,-0.7342929840468831,1.4010047284128413,-0.4095912864392532,98.36683024603605,0.301,0.285
2023,Anthony Santander,0.5935828983340006,0.42502830394025576,-0.8906977614553198,101.92293856413802,0.325,0.34
2024,Anthony Santander,0.7131743982327275,0.7834802628334601,-0.973480070784915,103.36106794204072,0.308,0.345
2025,Anthony Santander,-0.08362632937161463,-0.02256142621052435,-0.4371003114343112,98.12110747425783,0.271,0.255
2026,Anthony Seigler,-1.2296449196084398,-0.014099334742315815,0.6308324690804318,94.72514033846969,0.331,0.332
2023,Anthony Volpe,-0.6241640143697319,-0.5954225420073354,0.0909382188896613,94.99356047837004,0.283,0.29
2024,Anthony Volpe,-0.9625474558678988,0.2182884537906463,-0.18197511317346998,94.45107758349891,0.293,0.287
2025,Anthony Volpe,0.31606683319730766,-0.36915363882182284,0.6822971264817055,102.89095043199002,0.272,0.286
2026,Anthony Volpe,-0.4033773039213053,-0.17751512398252386,0.6401140638853892,99.1079184518693,0.339,0.307
2023,Austin Barnes,-0.9231643723996663,0.3333526133614835,1.82047388754432,101.0911244347414,0.256,0.229
2024,Austin Barnes,-1.0460551894609533,0.13775521235985574,1.2075018661771326,97.96884867552747,0.331,0.289
2023,Austin Hays,-0.3577818772157904,0.03367072903960499,-0.2415535755390727,97.27673270133049,0.325,0.33
2024,Austin Hays,0.16759053875810515,-0.4118378113959255,-1.2120161984031672,96.14583065158826,0.303,0.303
2025,Austin Hays,-0.14757723538264217,-0.6374789344932179,-1.050589971523735,94.17729130243433,0.315,0.327
2023,Austin Hedges,-1.0264554051736434,-0.4200004348164109,-0.6027724406912596,91.0288964786355,0.234,0.209
2024,Austin Hedges,-0.8901740867539182,-1.6485440493592485,-0.30541749321405687,89.31930638469701,0.203,0.191
2025,Austin Hedges,-0.39272237509158126,-0.6210848699240464,-0.7535122762741854,93.70010697045566,0.25,0.239
2026,Austin Hedges,-0.8646678132926503,0.034862806382932904,0.5755323487783063,96.81636491478838,0.342,0.333
2024,Austin Martin,-1.1072941940958598,0.4337835561638367,1.3093380978998181,98.74330989190014,0.318,0.297
2025,Austin Martin,-0.9416343183529012,0.7734726916346505,1.6725461222766542,101.7542347041557,0.374,0.333
2026,Austin Martin,-1.072501998833586,0.5044332592325379,2.0628454257792628,101.43398164205412,0.359,0.315
2023,Austin Nola,-1.1134373275096245,1.552794840436584,1.326624079099158,101.86354603446647,0.26,0.22
2023,Austin Riley,2.4202032673895997,-0.40894276383702355,0.08549527759010352,113.20823209079435,0.345,0.363
2024,Austin Riley,1.804342117181973,-0.3815520199527669,-0.2643240088246607,108.63651734025994,0.322,0.338
2025,Austin Riley,2.0054366003219526,-0.8212697377201196,-0.40830193204969234,108.14912312280514,0.309,0.318
2026,Austin Riley,1.6952410573944843,-0.9052900567236755,-0.2180372491659941,106.69000873577295,0.29,0.284
2023,Austin Slater,0.8219104444659506,-0.6040109104066281,1.267203813671062,106.96231363624925,0.348,0.33
2024,Austin Slater,-0.038395204104762534,-1.3980371049489508,1.4169253794731227,100.2098863910253,0.321,0.273
2025,Austin Slater,-0.829720232833603,0.15960607827294707,0.4609084080377652,97.01696216767863,0.27,0.28
2024,Austin Wells,0.0395453472487549,-0.361254210352164,0.5685482254299606,100.9578380004628,0.322,0.315
2025,Austin Wells,0.45462712955453416,-0.2984986152554963,-0.08474896727962608,101.55965167295706,0.275,0.302
2026,Austin Wells,0.06805145840325617,-1.07686799977753,0.31141896418276277,98.35683778186346,0.258,0.239
2023,Austin Wynns,-0.8144369694796901,-0.4118123488833579,0.14028419761509367,94.54576309945443,0.268,0.245
2025,Austin Wynns,-0.33942995341572496,-0.3505377385648207,-0.5665241115890188,95.32936287830339,0.321,0.365
2023,Avisaíl García,0.14780054636209852,-0.9235839244149359,-1.153865568456257,94.78833993579042,0.243,0.243
2024,Ben Rice,-0.36685895623744347,0.028341419155529745,1.22640291684956,101.67490188006975,0.264,0.269
2025,Ben Rice,0.614504394582103,0.6743503428482683,0.8852357001423845,108.13880880652118,0.337,0.358
2026,Ben Rice,0.027498446590390645,-0.11578827648073059,0.5840362816376156,101.61561815902147,0.359,0.395
2024,Ben Rortvedt,-0.8790397222748444,0.030193949625921705,0.45843746624647913,96.3635698175736,0.317,0.283
2025,Ben Rortvedt,-0.9416343183529012,0.11250070955470573,0.36560855357591754,95.9452182165576,0.24,0.211
2025,Ben Williamson,-0.7870862954929179,0.8839551884061971,-0.9003269135244817,95.13279474662158,0.294,0.269
2026,Ben Williamson,-0.6517645012751064,1.3804660945130716,0.1613949649112603,100.52710694037951,0.315,0.29
2023,Billy McKinney,-0.40127283838378086,-0.48172604485387727,0.7347429515564536,98.56436120432208,0.32,0.315
2026,Blake Dunn,-0.1854048654271532,0.5553171730692127,0.05148801973831223,100.61791294629298,0.335,0.32
2023,Blake Perkins,-0.8090005993336914,0.44211058617586874,1.302535000200415,100.48136864398346,0.325,0.303
2024,Blake Perkins,-0.9903833670655836,-0.42707984471295884,0.8488569922023388,95.63524862621817,0.316,0.288
2025,Blake Perkins,-1.0269021930342712,-0.9146428070600983,1.7373451911473907,96.77351054464489,0.298,0.287
2026,Blake Perkins,-0.8190456750031766,0.11875396673147144,0.7815212312293762,97.94113388776145,0.25,0.235
2023,Blake Sabol,-0.4719456502817653,-1.8135944567135944,0.049617056895956795,92.3751579386002,0.301,0.303
2024,Blaze Alexander,0.501621473130323,-0.33559440676724706,0.008756760490833182,102.01467529217409,0.321,0.298
2025,Blaze Alexander,0.15086032600215304,-1.1369671420456153,0.30693106632405914,98.65834424912133,0.323,0.313
2026,Blaze Alexander,0.017360193637174306,-0.33181487196717374,-0.18993312745713048,98.60297072386601,0.368,0.353
2026,Blaze Jordan,0.1897104938418528,0.15141372752291124,-0.41100519783046124,100.2734315443788,0.254,0.257
2023,Bo Bichette,-0.2381817340038166,1.108874854813488,-1.4538437994316815,97.26655772521212,0.339,0.349
2024,Bo Bichette,-0.3891276851955914,1.1464476409538062,-1.7694445819055156,95.53235089252875,0.277,0.264
2025,Bo Bichette,-0.7178061473143047,1.2204977405985333,-1.0989252051833516,95.86508735636926,0.357,0.361
2026,Bo Bichette,-0.4844833275470362,1.2858615120906056,-1.3944039951025677,96.50508799777607,0.302,0.294
2023,Bo Naylor,0.19129150753008903,0.3808930561602581,0.916170696022846,104.95654169253883,0.339,0.347
2024,Bo Naylor,-0.6229493392561438,-0.9298789253919351,0.40557037555333725,95.03023121110196,0.264,0.269
2025,Bo Naylor,-0.025004665528172616,0.37662744555726696,0.5663463761194453,102.62194028192955,0.282,0.289
2023,Bobby Witt Jr.,1.784147960307739,0.2689962077318407,-0.336647252852927,110.10318436625829,0.319,0.343
2024,Bobby Witt Jr.,1.5037142762469768,0.7101919851820737,-0.47552860466311125,109.27252748267419,0.389,0.41
2025,Bobby Witt Jr.,1.2007210330165226,0.1224590292653573,-0.31396377070031484,106.37104671771006,0.351,0.36
2026,Bobby Witt Jr.,0.7827982916050105,0.519867521542207,-0.28117277117245065,105.14121004889304,0.35,0.346
2026,Braden Montgomery,-0.7987691690967439,-0.04953118413082764,-0.20290788030648393,94.59760879006245,0.329,0.324
2025,Brady House,-0.0196754233605871,-0.7396045155806539,-0.6097391109518083,95.97941751038016,0.252,0.248
2026,Brady House,0.3721990469997476,-1.6019911975134205,-0.5297983570818219,96.11109674802505,0.287,0.303
2023,Brandon Belt,-0.2055635131278239,-1.2454132119809709,1.6756088286221797,100.44743012906741,0.369,0.369
2023,Brandon Crawford,-0.2327453638578179,-0.7136143516027343,-0.3148705290949454,95.70875974111487,0.273,0.26
2023,Brandon Drury,-0.18381803254382853,-0.2822022848111535,-1.0537833580136498,94.94200599087381,0.306,0.339
2024,Brandon Drury,0.10635153412319844,-0.1264486029970907,0.6014675731541237,102.09789960758867,0.242,0.217
2025,Brandon Lockridge,-0.2861375317398686,0.06249164215051023,-0.1275524917383547,98.12034505936657,0.276,0.254
2023,Brandon Lowe,0.5446555670200114,-0.6383174216178106,-0.31069072878126897,100.45371051858868,0.328,0.334
2024,Brandon Lowe,0.8245180430234669,-0.9447659017790977,-0.1397084259097764,101.75239962526119,0.311,0.335
2025,Brandon Lowe,0.9449174089724119,-1.0591459629333244,-0.34443626496870733,101.51292936107978,0.307,0.334
2026,Brandon Lowe,0.7827982916050105,-1.3193527550448705,-0.5563613870254968,99.20326564638702,0.321,0.346
2023,Brandon Marsh,-0.3306000264857964,0.04096845793051621,0.47036112942175434,99.62089474109764,0.372,0.358
2024,Brandon Marsh,-0.3445902272792956,-0.021829526807145335,0.5410754124150934,99.58045547981355,0.328,0.326
2025,Brandon Marsh,-0.4620025232701944,0.6085493858219089,0.11612533868475766,99.35276058118893,0.342,0.339
2026,Brandon Marsh,-0.4642068216406035,0.0789110430689149,-1.0862475989820746,94.21325318768699,0.32,0.333
2023,Brandon Nimmo,0.34350987161805563,0.544630675608469,1.2361760343388255,107.26985295655497,0.363,0.359
2024,Brandon Nimmo,0.7632790383885606,0.36280346231702815,0.8472164501571375,108.02478908760483,0.327,0.321
2025,Brandon Nimmo,0.19349426334283815,-0.06753589873129083,0.8164451166438417,103.42233304356391,0.324,0.329
2026,Brandon Nimmo,0.1288809761225544,0.3143104707239554,0.37931309419522485,102.77553257340774,0.333,0.333
2026,Brandon Valenzuela,-0.10936796827803039,0.18004547395861376,-0.3910034878802296,98.67345738357606,0.307,0.31
2025,Braxton Fulford,-0.21152814139366968,-0.6987946308291383,0.2929969080446614,97.72254788131126,0.267,0.258
2024,Brayan Rocchio,-0.9903833670655836,0.4605516661626423,0.3094779480552428,96.4560689584404,0.298,0.276
2025,Brayan Rocchio,-0.8403787171687742,0.07717895485858473,-0.3311819886995226,94.31667685909491,0.29,0.278
2026,Brayan Rocchio,-0.8748060662458665,0.30706471181636513,-0.21338522885621,95.11226423992373,0.326,0.318
2023,Brendan Donovan,-0.9829644440056532,1.7641056467903793,0.8447342511709673,101.74276760028857,0.365,0.345
2024,Brendan Donovan,-0.7676960774841051,1.5520130937986094,0.9339910261908537,102.67866538020493,0.342,0.332
2025,Brendan Donovan,-0.9469635605204868,1.6186014550720567,0.8508421042865401,101.56729268394301,0.353,0.337
2026,Brendan Donovan,-1.2245757931318317,1.350971722468181,0.43963035652733057,97.9587677713205,0.386,0.37
2023,Brendan Rodgers,0.40874631337004125,0.16765539733958712,0.40151935987335796,104.06479789371198,0.313,0.307
2024,Brendan Rodgers,0.22326236115347478,0.052308420410124755,0.07938869703239589,101.68566425953443,0.314,0.314
2025,Brendan Rodgers,0.9289296824696552,-1.2218981941053786,-0.08441642478600357,101.75955921857343,0.266,0.246
2023,Brent Rooker,0.6968739311079778,-1.6117759470825823,-0.15440497769151357,99.11513313191097,0.329,0.348
2024,Brent Rooker,0.8801898654188365,-0.799186810648273,-0.8955107421604721,100.18079819206498,0.365,0.392
2025,Brent Rooker,0.6891137849283019,-0.7155768414223138,-0.16983922392156137,101.50848717200232,0.335,0.349
2026,Brent Rooker,0.8233513034178762,-1.7859573851282635,-0.15694625732909379,99.36026406950704,0.282,0.294
2023,Brenton Doyle,-0.46107290998976774,-1.4926692360902412,-0.36796561933474997,92.05810056353334,0.25,0.257
2024,Brenton Doyle,-0.7175914373282724,-0.32028084230542386,0.2169266893536515,95.59627848053627,0.317,0.328
2025,Brenton Doyle,-0.8723541701742881,-0.5280267989986046,-0.0012736030504162676,93.45582028311681,0.274,0.282
2026,Brenton Doyle,-0.38310079801487246,0.039396946299537466,-0.2895288401358706,96.99934323759881,0.279,0.252
2023,Brett Baty,2.0287846168776853,-0.7873464109602019,0.21251396208251794,110.26768162521431,0.275,0.266
2024,Brett Baty,0.9302945055746695,-0.1542030356571118,-0.17966750672463677,104.43880829135026,0.306,0.282
2025,Brett Baty,1.3765860245468482,-0.2680487052359902,0.47480603144345634,108.71089928327842,0.313,0.324
2026,Brett Baty,1.5127525042365897,-0.656137874615674,0.05066350210167503,107.13658921717794,0.296,0.281
2024,Brett Harris,-0.6563524326933657,0.2287833846274327,1.6843918801037256,101.93961600111652,0.276,0.252
2026,Brett Sullivan,-1.052225492927153,0.9899095543811292,0.06265697290117984,96.81344936879154,0.267,0.284
2023,Brett Wisely,-0.6296003845157307,-1.0289377443521526,-0.4666754809870192,92.06329234194367,0.231,0.222
2024,Brett Wisely,-0.9736818203469727,0.6873963223873955,-0.3034272511680867,95.31780700870274,0.278,0.272
2023,Brian Anderson,0.6696920803779838,-1.2455136915505374,-0.0368888919795452,100.33024337606885,0.31,0.299
2026,Brice Matthews,0.19984874679506912,-1.9125087436998947,0.7668964892257544,98.19184324669683,0.25,0.257
2023,Brice Turang,-0.9068552619616698,0.669959670774452,0.6534575206897008,98.56928962712674,0.285,0.262
2024,Brice Turang,-0.9848161848260466,1.4644588143416635,0.574544540653572,100.07901014351181,0.316,0.294
2025,Brice Turang,-0.23817435223159786,0.18895413487605955,0.9392935131235102,101.99566939588236,0.359,0.346
2026,Brice Turang,-0.7531470308072702,0.20791792997454953,1.2626109427208196,100.03540969614625,0.363,0.358
2024,Brooks Baldwin,-0.7008898906096614,-0.5526051118878428,-0.5806267812880735,92.62285649537529,0.25,0.249
2025,Brooks Baldwin,-0.6112213039625921,0.17209662495201827,-0.5675784787391676,95.19414149152908,0.29,0.302
2024,Brooks Lee,-0.9124428157120662,0.9079124065577825,-0.9725128212301416,94.25023103174384,0.265,0.252
2025,Brooks Lee,-0.7018184208115478,0.5719096226453366,-0.6922838406984559,95.3964314610173,0.285,0.286
2026,Brooks Lee,-0.8494604338628257,0.9981463578908335,-0.823087486741551,95.32152797072496,0.302,0.315
2023,Bryan De La Cruz,0.16954602694609386,-0.7578002278102518,-0.33300642294292193,97.87183145138344,0.304,0.309
2024,Bryan De La Cruz,-0.06623111530244735,-0.6053930600530824,-0.8251675655439883,95.42537157702704,0.271,0.283
2024,Bryan Ramos,-0.027260839625688642,-0.9766465551989855,0.29395728670196763,98.02707682227322,0.252,0.257
2023,Bryan Reynolds,-0.5263093517417534,-0.1346889894282285,0.30449684890151113,97.49039028471704,0.33,0.338
2024,Bryan Reynolds,-0.22211221800948242,-0.3691395421745249,-0.2321253558663863,96.97769886554913,0.344,0.343
2025,Bryan Reynolds,0.0069707874773410556,-0.32211695425195125,0.7443990896261377,101.41180659348527,0.318,0.315
2026,Bryan Reynolds,0.3012312763272329,-0.2873596695238737,0.8227153001985441,103.45864509887318,0.384,0.369
2026,Bryce Eldridge,0.5090654618681685,-0.1929287242386347,1.0365150774601972,105.58025899168436,0.352,0.351
2023,Bryce Harper,1.9200572139577092,-0.7686262723037125,-0.6677763097395277,107.00896594979814,0.401,0.384
2024,Bryce Harper,1.0973099727607785,0.1809078577872487,-1.2712541444933703,103.01919890175547,0.373,0.38
2025,Bryce Harper,1.1474286113406662,-0.3844376708320073,-1.260286656894499,101.77629285896687,0.357,0.361
2026,Bryce Harper,1.1477753979208,-0.4965908153394063,-0.9740447294780084,102.33806743141534,0.357,0.364
2025,Bryce Teodosio,-0.973609771358415,-2.0966001968983137,-1.6070582701201248,83.63140899377214,0.248,0.243
2023,Bryson Stott,-1.075382736487633,1.6073534252443047,0.12594951913002198,98.58363134476456,0.329,0.323
2024,Bryson Stott,-1.0627567361795642,1.1113425280301328,0.35491267639004553,97.97803629372572,0.315,0.296
2025,Bryson Stott,-0.8990003810122161,1.132654949445211,1.1124737247547782,101.29460652515802,0.328,0.315
2026,Bryson Stott,-0.9052208251055158,0.8062666546285475,-0.24314739988450268,96.2292050548465,0.313,0.317
2023,Byron Buxton,2.3767123062216093,-0.747904157183555,0.2144638664302134,112.40746404188823,0.294,0.311
2024,Byron Buxton,1.152981795156148,-1.1194738894920537,-0.8323048360493401,101.07209375368144,0.335,0.366
2025,Byron Buxton,1.4938293522337323,-0.928002227214572,-0.48756543373020567,104.63513015623708,0.327,0.367
2026,Byron Buxton,0.8182821769412679,-0.5776527081429481,-0.8424387676557461,100.59642214085092,0.32,0.366
2023,C.J. Cron,1.4634021216938096,-0.1316327447159939,-0.37562431467166235,107.00722850064348,0.295,0.312
2023,Cade Marlowe,-0.9720917037136555,-0.9933941747022607,-0.16791346276334299,91.07791821712549,0.33,0.327
2023,Cal Raleigh,1.5993113753437798,-0.7714114295097982,-0.16162066986840062,106.67474793296196,0.306,0.326
2024,Cal Raleigh,1.3255644445817938,-0.45201810075641735,-0.5984931402319295,104.63866168927638,0.312,0.323
2025,Cal Raleigh,1.712328281104743,-0.6798000327292253,-0.5996187216211255,106.25395891292824,0.359,0.392
2026,Cal Raleigh,1.4519229865172913,-1.164020890611566,-0.5121767165849801,103.66186178406896,0.269,0.262
2025,Caleb Durbin,-1.1068408255480557,1.6618018207808714,1.1003150012779073,101.51577214336471,0.334,0.319
2026,Caleb Durbin,-0.9305664574885567,1.3229029387598041,0.670093692275936,100.29276373259911,0.309,0.311
2023,Cam Gallagher,-0.9938371842976508,0.4109494467104287,-0.596185053408834,93.54323288693891,0.154,0.145
2025,Cam Smith,1.2966473920330637,-0.4769773210147011,0.10064691938417705,106.52808282004077,0.312,0.298
2026,Cam Smith,2.5924764437541334,-0.949899205205533,0.4229793371294663,113.73705489111772,0.28,0.284
2023,Carlos Correa,1.6536750768037678,0.3019788551603257,0.002099973878619468,110.46600720563347,0.312,0.309
2024,Carlos Correa,1.3645347202585527,0.7437402073092485,0.15756504463454335,110.48170819098038,0.388,0.385
2025,Carlos Correa,0.7903693861124288,0.5858992398213528,-0.29892907701545474,105.31437399491287,0.332,0.322
2026,Carlos Correa,0.7067613944558877,-0.13934855009181427,-0.4655344412251172,102.30969312988046,0.369,0.347
2026,Carlos Cortes,-0.5301054658365099,0.32100582868957567,0.9629999522761826,100.73537167233607,0.34,0.335
2025,Carlos Narváez,-0.12093102454471401,-0.34903681551091925,-0.3432750723391611,97.28405106793318,0.306,0.315
2026,Carlos Narváez,-0.2969256479125333,-1.2241524740177483,-0.6810741272909945,92.80537289882993,0.261,0.247
2023,Carlos Pérez,-0.8959825216696723,1.166678143577991,0.06357881975377953,98.21561308571737,0.293,0.285
2023,Carlos Santana,-0.3577818772157904,0.2712875778738265,0.7663533999890227,101.00194296884744,0.318,0.323
2024,Carlos Santana,-0.09963420873966923,0.2495661278666736,0.6035553725623617,101.9485104863462,0.328,0.326
2025,Carlos Santana,-0.29679601607503986,0.30576558029546336,0.6107719237193471,100.97911198201835,0.308,0.284
2026,Carson Benge,-0.3374786597253988,0.20276944928832788,0.7209780259913956,100.79201682660084,0.325,0.318
2023,Carson Kelly,-0.7600732680197021,-0.845184301939773,0.40816375570194063,94.47513337568623,0.278,0.255
2024,Carson Kelly,-0.8456366288376225,0.18832020009172715,0.6526315708078964,97.58723781316556,0.313,0.304
2025,Carson Kelly,-0.8670249280067023,0.4621535899887732,1.1596965660695482,99.76479425791437,0.333,0.332
2026,Carson Kelly,-0.7683544102370947,0.8743010244844418,0.8623853250504852,100.57747534808533,0.351,0.326
2025,Carson Williams,0.555882730738661,-2.007748353855014,-0.5743684826581242,95.91899438797697,0.219,0.248
2026,Carter Jensen,0.6459318767365897,-0.5836352572911009,0.39919541947903664,103.35424283965284,0.305,0.315
2023,Casey Schmitt,-0.25992721458781193,0.26432125092670766,-1.6286323298928742,94.26606255220278,0.255,0.254
2024,Casey Schmitt,0.18429208547671608,0.5504226000481847,-1.2280996448223758,98.86275353550016,0.283,0.323
2025,Casey Schmitt,-0.1156017823771285,0.17145970563795496,-0.646510795808412,97.83607858366061,0.305,0.307
2026,Casey Schmitt,0.13395010259916265,1.018236780380484,-0.9456917436425468,100.72636908182795,0.301,0.335
2023,Cavan Biggio,-0.9612189634216579,-0.029479020727566092,1.815996097738601,99.84982258673055,0.34,0.318
2024,Cavan Biggio,-0.9848161848260466,-0.22543477366599518,2.142993263496516,100.16384711711189,0.314,0.285
2024,Ceddanne Rafaela,-0.7955319886817899,-0.9404967174519095,-3.1524020471125653,83.17265132142387,0.274,0.286
2025,Ceddanne Rafaela,-0.5419411557839788,-0.03935437764890941,-2.0137185681000567,90.61143643847667,0.295,0.307
2026,Ceddanne Rafaela,-0.8697369397692585,0.11014999510875585,-1.9413081576157822,89.33902296330741,0.321,0.333
2023,Cedric Mullins,-0.6513458650997259,-0.10374268886457665,0.6003590665229829,97.74873463998891,0.305,0.311
2024,Cedric Mullins,-0.750994530765494,0.7388426413492691,0.3775201385278492,98.82777482850223,0.305,0.31
2025,Cedric Mullins,-0.6218797882977634,-0.06441569823612629,1.0081098540627824,99.26969893492519,0.299,0.302
2026,Cedric Mullins,-0.8697369397692585,-0.07792041058056483,0.024169152826097114,94.79674617446287,0.279,0.279
2023,Chad Wallach,0.4739827551220269,-1.6111626639293095,0.15203318869265023,98.7521471586476,0.259,0.275
2025,Chandler Simpson,-1.1867794580618403,2.057068603862125,0.12688411758390156,99.18550897512633,0.326,0.296
2026,Chandler Simpson,-1.2296449196084398,1.994813733924492,0.10486879874494207,98.6964626637889,0.323,0.299
2023,Charlie Blackmon,-1.0264554051736434,1.0633628779337858,0.10896523202243687,97.3079841530637,0.363,0.35
2024,Charlie Blackmon,-1.0404880072214162,1.0142443858467676,-0.533117580513789,95.13678987563922,0.329,0.323
2023,Chas McCormick,-0.5698003129097439,-0.6891753101555181,0.01643843001929826,94.82323443236376,0.353,0.362
2024,Chas McCormick,-0.4670682365491089,-1.519483932007391,-0.9963942109399029,90.03706655356802,0.271,0.257
2025,Chas McCormick,-0.46733176543778,-2.0665606201631572,-1.7188645710179824,86.32043205640588,0.279,0.257
2026,Chase DeLauter,-0.3324095332487906,1.146436875189234,1.3842367764817423,105.45636113832907,0.351,0.346
2025,Chase Meidroth,-1.1174993098832269,1.6363957357371217,1.057179665058552,101.25206992575647,0.329,0.294
2026,Chase Meidroth,-1.2042992872253988,0.43177348228584733,0.686570780234872,96.27873743419278,0.344,0.329
2023,Chris Taylor,-0.6350367546617295,-2.05469674074567,1.0545557273308337,93.81472181219533,0.326,0.323
2024,Chris Taylor,-0.762128895244568,-1.7006794676377333,1.2493193566213776,94.64953094798946,0.298,0.272
2025,Chris Taylor,-0.9522928026880725,-2.3524397216928197,0.48362408759826214,89.40611569159756,0.256,0.25
2023,Christian Arroyo,-0.1620725519598334,0.035722930014544275,-1.523712996140455,94.52064501172745,0.268,0.274
2023,Christian Bethancourt,0.16954602694609386,-0.9814006903192386,-2.6492961554964705,90.2051775606178,0.254,0.271
2024,Christian Bethancourt,0.1508889920394942,-0.5362189807231063,-2.4112780537789598,92.05534770319227,0.241,0.263
2023,Christian Encarnacion-Strand,0.6588193400859864,-0.589515891719446,-1.376235979723281,98.01176666204259,0.328,0.346
2024,Christian Encarnacion-Strand,-0.30005276936299996,0.16805353277103688,-1.7199973773215185,93.48765641536102,0.22,0.223
2025,Christian Encarnacion-Strand,0.7637231752745006,0.8250861005434257,-3.4156025614450356,96.34124102515342,0.234,0.261
2025,Christian Koss,-0.8830126545094592,-0.9948943511769843,-1.0866382095703602,88.79716416118926,0.309,0.297
2025,Christian Moore,0.3800177392083352,-2.177820736362296,0.6762152478347163,98.2285141696448,0.284,0.288
2023,Christian Vázquez,-1.0264554051736434,-0.25500937271064844,-0.7155717183439594,91.1433181130092,0.28,0.264
2024,Christian Vázquez,-1.0126520960237315,0.8185747793015775,-0.9018326650194272,93.63440734657365,0.248,0.25
2025,Christian Vázquez,-1.0855238568777132,1.4652617698699824,0.5461349274632042,99.40882920558975,0.271,0.248
2026,Christian Vázquez,-1.2296449196084398,1.016564370065185,-0.5559938671539757,93.9729957029974,0.271,0.265
2023,Christian Walker,1.5884386350517823,-0.14961689651699012,0.342497861342089,109.8695400108664,0.333,0.351
2024,Christian Walker,1.7431031125470662,-0.02585267666630253,0.42146486858602805,111.35294636637462,0.335,0.343
2025,Christian Walker,1.0248560414861965,-0.8264435047795646,-0.16051176268593248,103.18295366649068,0.297,0.31
2026,Christian Walker,1.031185488958812,-0.2743756187708279,-0.17412971901555066,104.70942393764899,0.312,0.331
2023,Christian Yelich,1.00674702942991,-0.00371863887221763,0.6057944902701908,107.69050601887989,0.37,0.353
2024,Christian Yelich,0.7243087627118017,0.42539126463110866,0.5604389150604274,107.09918782756029,0.406,0.391
2025,Christian Yelich,0.6837845427607161,-0.36529671390671087,0.02924126977905614,103.05455829846113,0.343,0.343
2026,Christian Yelich,0.28602389689740826,-1.3456513535640773,0.6479909483849746,99.9036205290236,0.329,0.316
2023,Christopher Morel,1.952675434833702,-1.8512820484111503,-0.21513154191845188,105.57321139203886,0.313,0.347
2024,Christopher Morel,2.422299345770576,-1.6251798372570847,0.35689981444792507,110.67305194856404,0.288,0.28
2025,Christopher Morel,2.0907044750033226,-2.244154486451868,-0.3331072122009243,104.92788326846589,0.289,0.299
2023,CJ Abrams,-0.004417817725868087,0.7480174761727194,-1.3488109091996254,97.94549307171762,0.3,0.306
2024,CJ Abrams,0.15645617427903125,-0.01136458496390893,-0.7804785833254931,98.5044990478117,0.314,0.322
2025,CJ Abrams,0.14553108383456753,-0.01661005311024794,-0.6235896393286648,98.90366450003583,0.315,0.324
2026,CJ Abrams,0.16943398793541992,0.014095163012259998,-0.996525670795389,97.99336981262823,0.365,0.393
2025,CJ Kayfus,-0.49930721844329384,-0.8053040978024862,0.07973628884794533,95.10390633825514,0.292,0.306
2025,Coby Mayo,1.3339520872061632,-0.55476684128123,-0.08003140402311852,105.97975552224563,0.299,0.303
2026,Coby Mayo,1.578651148432496,-0.6230426859646983,-0.4682932247356188,106.03306156897538,0.273,0.301
2023,Cody Bellinger,-0.7655096381657008,0.5940859766139142,-0.3112839891620766,96.24640233363928,0.356,0.37
2024,Cody Bellinger,-0.8846069045143813,0.4462683918046406,-0.6567811648812657,94.09241184875275,0.325,0.322
2025,Cody Bellinger,-0.8563664436715311,1.3138104156225907,-0.11647862365480913,98.30640734273001,0.334,0.347
2026,Cody Bellinger,-1.1079858841698433,0.7645097553167313,0.3960455219335597,96.87811360119488,0.35,0.339
2025,Cody Freeman,-1.1228285520508126,1.7471097917944254,-0.11432021593847932,97.96421274251568,0.258,0.261
2025,Colby Thomas,1.4192199618875334,-0.7424784513004747,-2.018708786277371,100.05753496384183,0.267,0.291
2026,Colby Thomas,1.6242732867219698,-0.8526845808710704,-1.5286159191099904,102.43596980330376,0.237,0.252
2026,Cole Carrigg,0.6966231415026716,0.17885091727094118,-1.2890703660267697,100.62784442550412,0.373,0.378
2025,Cole Young,-0.0676386028688577,-0.03352667587017406,0.8082663159749556,101.97233421078198,0.302,0.274
2026,Cole Young,-0.12964447418446307,0.7749796003422643,0.06946971304147902,101.60626318495082,0.319,0.318
2025,Colson Montgomery,2.6182994495943004,-0.5845827649984372,-0.08313655494454122,113.36076677553815,0.311,0.355
2026,Colson Montgomery,2.1869463256254784,-1.3423405374529165,-0.6924825851875327,106.89563316995249,0.302,0.326
2026,Colt Emerson,0.022429320113782566,-1.2869093042298883,-1.0807432451003025,93.27367754554274,0.263,0.274
2024,Colt Keith,-0.3724261384769804,0.5215633847388256,-0.05165276086876772,99.12232278865976,0.309,0.301
2025,Colt Keith,-0.6751722099736196,0.6100051583717331,0.750190172703125,100.04537116746204,0.333,0.326
2026,Colt Keith,-0.3222712802955742,0.4802467739636109,1.0394310918914145,102.61882744125356,0.312,0.318
2024,Colton Cowser,1.0583396970840195,-0.6556614796844695,0.368331281539963,105.4602463093405,0.321,0.331
2025,Colton Cowser,0.5718704572414178,-1.4156412544719787,0.43734835944588707,100.73194210633991,0.269,0.285
2026,Colton Cowser,1.2694344333593965,-1.5038135506657666,0.3870882323577482,104.39338059662043,0.314,0.293
2023,Connor Joe,0.91432873694793,0.17964362452884064,1.4527661167391572,110.23791005956217,0.339,0.332
2024,Connor Joe,0.14532180979995735,-0.08819092155140855,1.2113938269463915,104.28625085960078,0.32,0.305
2024,Connor Norby,-0.6563524326933657,-1.301860597122604,-0.18941186859002718,91.99420682360619,0.294,0.316
2025,Connor Norby,-0.8403787171687742,-0.770198021784865,-0.2724872299996486,92.14517512566573,0.3,0.3
2026,Connor Norby,-0.9001516986289075,-1.6530774634799803,0.3224172644597851,91.15865433788811,0.313,0.292
2023,Connor Wong,-0.200127142981825,-1.1404926778506095,-0.7436313905081339,93.41031517650327,0.287,0.292
2024,Connor Wong,-0.19984348905133464,-0.5260531476361473,-0.35275083704165594,96.30513576421619,0.333,0.33
2025,Connor Wong,0.03361699831526921,-0.04032248296227774,-0.4906590581359649,98.59111158505429,0.262,0.23
2026,Connor Wong,0.07312058487986443,0.25101217403697945,-0.5092060674982642,99.57251425596557,0.355,0.329
2025,Cooper Hummel,-0.07829708720402892,-1.0583000408449859,0.6889606786394465,98.70532840262075,0.298,0.268
2026,Cooper Pratt,-0.8089074220499602,0.33161897640250676,0.3561345678440862,97.29637454093587,0.367,0.338
2023,Corbin Carroll,0.49029186556002335,0.713316093077468,0.32515774804110475,105.8202773269968,0.362,0.37
2024,Corbin Carroll,0.8801898654188365,0.7170872575067503,0.8751454053266492,109.77256278881332,0.322,0.325
2025,Corbin Carroll,1.2113795173516935,-0.12562950753834037,-0.22053880004868218,106.02924587424558,0.343,0.371
2026,Corbin Carroll,1.745932322160566,-1.0118785261028058,0.08814479329583216,107.62081322498292,0.345,0.356
2023,Corey Dickerson,-0.1946907728358263,0.20445788193281644,-3.1470779895013323,89.86026660374492,0.283,0.277
2023,Corey Julks,-0.5263093517417534,0.10309496886344276,-0.08195025661384092,96.97420931189866,0.297,0.286
2024,Corey Julks,-0.6730539794119765,-0.16443843567333608,-0.1421855883046592,95.19515028683433,0.275,0.26
2023,Corey Seager,-0.21643625341982145,0.37004575129581363,0.19943327116752319,100.37360661606249,0.39,0.419
2024,Corey Seager,-0.0216936573861516,0.3129741850837931,0.22284038203510223,101.41967217296826,0.353,0.365
2025,Corey Seager,-0.051650876366100766,-0.35555876049580476,0.6604110424428551,100.72245776414344,0.373,0.365
2026,Corey Seager,-0.5858658570791999,-1.4983464278208882,-0.4671478619624818,91.01450261069759,0.292,0.293
2024,Cristian Pache,-0.33902304503975866,-1.8909785726844555,0.9332743454013537,95.62220475458774,0.273,0.25
2024,Curt Casali,-1.1072941940958598,0.7361332308070443,1.1405847757868874,99.0684516594944,0.293,0.254
2024,Curtis Mead,1.2086536175515177,0.5657788524514316,-0.5010149470668944,107.07763775688973,0.282,0.255
2025,Curtis Mead,0.774381659609672,1.0014894732529385,0.2258647813181664,107.97042783609582,0.299,0.278
2026,Curtis Mead,0.12381184964594631,1.0090925019736479,0.9624784182953269,106.44698595202539,0.353,0.369
2023,Dairon Blanco,1.4960203425698024,-0.49553679423926955,0.2626254179320443,108.12945465553675,0.324,0.333
2024,Dairon Blanco,1.2197879820305915,-1.4200984141258413,-0.04533194742992422,103.02118286445851,0.308,0.306
2025,Dalton Rushing,0.04960472481802614,-1.9812575721826233,1.487607824556446,99.31948723778352,0.258,0.256
2026,Dalton Rushing,-0.4642068216406035,-1.4040869620081076,0.37138796785770056,94.53476920993681,0.34,0.353
2024,Dane Myers,-0.294485587123463,-0.9185572186530488,1.1921855687081246,99.36585338477308,0.333,0.335
2025,Dane Myers,-0.2594913209019405,-0.34351008305184777,0.9744862798567189,100.50199390343221,0.291,0.275
2026,Dane Myers,-0.21075049781019414,0.46564963672399984,0.9917358421203638,103.08214649023607,0.374,0.34
2024,Daniel Schneemann,-0.8178007176399377,-0.7690329083311916,0.3290559406331166,94.10977285906318,0.303,0.295
2025,Daniel Schneemann,-0.568587366621907,-0.638612218307871,0.307467211242794,95.85587802205929,0.283,0.28
2026,Daniel Schneemann,-0.6771101336581473,-1.089762356296192,0.2633432949274421,93.83900074312695,0.275,0.268
2026,Daniel Susac,-1.072501998833586,0.7899882046979187,-1.647202468152254,90.93934483545443,0.306,0.297
2023,Daniel Vogelbach,-0.3034181757558023,0.7036298099514591,0.6032343182537753,102.02106050901155,0.339,0.327
2023,Danny Jansen,-0.36865461750778805,0.3443034961846196,0.9205332261520103,101.61021654495552,0.312,0.336
2024,Danny Jansen,-0.7899648064422529,0.4320767544368515,1.4978729225182796,101.1585538926399,0.309,0.294
2025,Danny Jansen,-0.888341896677045,-0.05432419510901714,1.2011019758134522,98.33435439389588,0.321,0.318
2026,Danny Jansen,-0.8697369397692585,-0.344393229280777,0.6651763247002919,96.00777693986714,0.277,0.268
2024,Danny Mendick,-1.1184285585749338,-0.8416847499737562,0.0748285167389772,91.3856398593008,0.243,0.247
2023,Dansby Swanson,-0.6350367546617295,-1.016205285434465,0.7956834179801264,95.90727509171734,0.328,0.325
2024,Dansby Swanson,-0.46150105430957195,-1.0726114859438214,1.0869142832165477,97.64655472456515,0.312,0.307
2025,Dansby Swanson,-0.9043296231798017,-1.213217603208766,0.4645982320163354,92.78676150757153,0.3,0.31
2026,Dansby Swanson,-0.7734235367137029,-1.0912050487735165,0.5962959055548225,94.28748389433302,0.296,0.307
2024,Darell Hernaiz,-0.940278726909751,0.2218524144709968,0.013206094660553067,95.18430859621623,0.261,0.23
2025,Darell Hernaiz,-1.0801946147101276,1.0592854687369582,0.2543696466976669,97.42633150780134,0.292,0.266
2026,Darell Hernaiz,-0.8342530544330012,0.7183860689528355,-0.4793591798418781,95.67982304131718,0.318,0.28
2023,Daulton Varsho,1.4416566411098144,0.19847740887091442,0.4963284336746371,110.44882962007843,0.285,0.293
2024,Daulton Varsho,0.7410103094304124,-0.2860522226409864,0.5588151747093208,105.21835668008096,0.293,0.304
2025,Daulton Varsho,1.7922669136185276,-1.263971944437164,-0.29411361150050036,106.02838456146945,0.284,0.345
2026,Daulton Varsho,0.16436486145881185,0.885196905672144,-0.6905055239393374,101.31069568796302,0.308,0.303
2023,David Fry,-0.6622186053917235,-0.32669724935016187,-1.312952104015235,91.2465346912314,0.319,0.321
2024,David Fry,-0.6507852504538287,-0.06102730879822218,0.19028474357922945,96.6229471335722,0.356,0.347
2025,David Fry,-0.8190617484984317,-1.3585178210875013,-0.4579150786485301,90.07350039300891,0.229,0.258
2026,David Fry,-0.6314879953686736,-1.2352749729114194,0.0078271565999154,92.92358176419938,0.299,0.288
2024,David Hamilton,-1.0015177315446575,0.15219054141232788,0.5588336461356432,96.29467432860356,0.303,0.305
2025,David Hamilton,-0.6538552413032771,0.374681928544036,0.661440233536963,99.24678455489203,0.257,0.26
2026,David Hamilton,-0.9254973310119484,0.39540282572718294,0.3610792242515125,96.80991702311503,0.318,0.295
2023,David Peralta,0.20760061796808546,0.5428037870821246,-0.7102391319094118,100.552664772855,0.294,0.29
2024,David Peralta,-0.09963420873966923,-0.0795993688134889,0.249080378957765,99.9572527566732,0.335,0.329
2023,David Villar,-0.8851097813776747,-2.1588406266581575,0.8771469087924283,91.53110560572986,0.236,0.244
2023,Davis Schneider,-0.9775280738596543,-2.3974954497288787,1.3721686353701852,91.83742503521782,0.404,0.424
2024,Davis Schneider,-0.8289350821190117,-0.981696317237537,1.0598090153725506,95.67827020517561,0.282,0.277
2025,Davis Schneider,-0.3181129847453823,-0.5280096258281902,1.194136110051224,100.3174276708815,0.361,0.351
2026,Davis Schneider,-0.6112114894622409,-1.3341652378516127,1.6454748390985503,97.74930130863407,0.281,0.265
2025,Daylen Lile,-1.032231435201857,1.003086577050446,0.23643217076521106,97.49498454379109,0.347,0.36
2026,Daylen Lile,-0.8342530544330012,0.5082525105973118,-1.3988117187120943,92.29992612558132,0.297,0.304
2024,Daz Cameron,0.5127558376093969,-0.6222048154625706,0.7058916140011798,103.40539419982275,0.258,0.258
2025,Denzel Clarke,1.0941361896648099,-0.26197474887167654,-0.16170464507609666,105.1479019199808,0.274,0.281
2026,Denzer Guzman,0.6662083826430223,-0.0012209400115530103,-0.3058984814677075,102.94244310819474,0.283,0.282
2024,Derek Hill,-0.6173821570166069,-1.1235048725603063,-1.342277200850034,89.20839474209994,0.271,0.296
2025,Derek Hill,0.038946240482854916,-0.5894721699253296,-0.9142947103292552,95.81037463757477,0.281,0.272
2026,Derek Hill,-0.39830817744469704,-1.6877374327786996,-0.6277550229781887,91.09199382805556,0.301,0.32
2025,Dillon Dingler,-0.4300270702646806,0.4742125671273649,-0.21280383901365482,98.16559622236655,0.327,0.326
2026,Dillon Dingler,-0.4185846833511297,1.0325452614171529,-0.4490385766212029,99.06195433150963,0.333,0.364
2023,DJ LeMahieu,-0.9014188918156711,0.9225320406191043,0.9109457762243933,100.08471152306376,0.327,0.315
2024,DJ LeMahieu,-0.8790397222748444,1.49106680566766,0.6368659585878513,100.95786957010512,0.269,0.239
2025,DJ LeMahieu,-1.0109144665315144,0.9211969908837191,1.2044234187365999,100.33670161937835,0.338,0.304
2023,DJ Stewart,-0.40670920852977965,-1.7523053267508624,0.2243371055666992,93.45624740481021,0.333,0.358
2024,DJ Stewart,-0.11076857321874312,-1.2596759210794704,2.0651417576229636,102.14447521186426,0.325,0.29
2023,Dominic Canzone,-0.4393274294057725,-0.38254399160179786,-1.598587367855656,91.51962559309227,0.258,0.282
2024,Dominic Canzone,0.3067700947465293,-1.0927405219594666,-1.2160014455855808,95.05516994515688,0.271,0.28
2025,Dominic Canzone,0.7477354487717438,-0.026281942489552176,-1.1824259105680177,100.6807759342936,0.358,0.361
2026,Dominic Canzone,1.173121030303841,-0.5425629081965642,-0.6286284774965408,103.40886145139179,0.336,0.369
2024,Dominic Fletcher,-1.1518316520121556,0.7867847623693129,-0.5283207105185743,93.87269292644547,0.252,0.227
2023,Dominic Smith,-0.7981278590416937,0.7919492805707998,-0.14643136036226392,97.10685905692527,0.326,0.306
2024,Dominic Smith,-1.0293536427423424,0.12759930973003722,0.49377299041125416,95.86658238149676,0.313,0.306
2025,Dominic Smith,-0.9842682556935861,0.6457456611544306,-0.28650588161717944,95.19217474120357,0.333,0.325
2026,Dominic Smith,-0.9761885957780303,0.8233391081199657,0.313324207872511,97.55649547084755,0.322,0.312
2023,Donovan Solano,-0.7818187486036974,0.3345976908764655,-0.2230259967715344,95.70035279723554,0.369,0.338
2024,Donovan Solano,-1.0905926473772491,0.5553316103328191,-0.42331285489348597,93.90657416722524,0.343,0.333
2025,Donovan Solano,-1.133487036385984,0.06398808155838556,-0.9256253004790076,90.76620968591243,0.291,0.277
2026,Donovan Walton,-1.2600596784680889,-0.2916931814081509,0.6973022849661392,93.98051917742107,0.374,0.372
2025,Drake Baldwin,1.7975961557861129,0.8776586267143704,0.06567390890806622,113.09338694775792,0.341,0.351
2026,Drake Baldwin,1.3708169628915603,0.09232835174677088,-0.6734842776381954,106.18348961363075,0.372,0.373
2025,Drew Gilbert,-0.21152814139366968,-0.026275053820333127,0.6618716586112644,100.70984818448174,0.248,0.26
2026,Drew Gilbert,-0.935635583965165,0.6318508180659841,1.132131512310551,99.75234391931251,0.323,0.302
2026,Drew Millas,-1.077571125310194,0.6738682970220805,0.3138507297698526,96.55365666390371,0.277,0.251
2026,Drew Romo,-0.9913959752078549,-0.637331913305678,-0.09424943577978148,92.17717202044064,0.225,0.234
2023,Drew Waters,0.5990192684799995,-0.5777342292481482,-0.4364091873162512,100.55559428149644,0.3,0.296
2025,Drew Waters,-0.264820563069526,-0.7897225590812361,-0.7868872634278699,93.87509966333003,0.288,0.268
2025,Dylan Beavers,-0.06230936070127218,0.40378762012156116,1.323439029838054,104.7834027036574,0.375,0.347
2026,Dylan Beavers,-0.291856521435925,-0.013918563785151621,1.171664742037882,101.8275899342689,0.324,0.301
2023,Dylan Carlson,-0.5969821636397379,0.48834572704575013,0.5837734679461537,99.65666096295641,0.318,0.293
2024,Dylan Carlson,-1.0349208249818793,-1.4399505788535336,0.644122052101794,91.94423345805959,0.287,0.257
2025,Dylan Carlson,-0.9629512870232437,-0.17472891930368395,1.3641260254315288,98.06225293594761,0.278,0.273
2024,Dylan Crews,-0.2666496759257782,0.2462415674758932,0.13642829214882585,99.54641100246022,0.288,0.283
2025,Dylan Crews,0.598516668079346,-0.45283116167402193,-0.5112811228915715,100.67129521941064,0.28,0.279
2026,Dylan Crews,0.5293419677746012,-0.52431994070307,-0.4767031368639998,100.17572249877935,0.311,0.314
2023,Dylan Moore,0.19129150753008903,-1.6552649147865592,0.7738948303773227,98.87676541384182,0.303,0.317
2024,Dylan Moore,0.36244191714189894,-0.13895723611957378,1.8792544772218736,107.44054331815981,0.32,0.306
2025,Dylan Moore,-0.4033808594267525,-1.835705174786403,1.061167498174447,95.79009390689892,0.267,0.28
2023,Eddie Rosario,-0.49912750101175934,-0.7639925883798856,-2.5333657025040526,87.2700362362022,0.305,0.322
2024,Eddie Rosario,-0.7676960774841051,-0.36817788223912795,-0.9673634757169426,91.56909767417558,0.215,0.23
2025,Edgar Quero,-1.1281577942183982,0.40878204610723795,1.1918717143299318,98.19522257867202,0.333,0.307
2026,Edgar Quero,-1.077571125310194,0.5372367936033353,0.6019058771242771,97.0510428181781,0.25,0.221
2023,Edmundo Sosa,0.5174737162900174,-0.5862360052056322,-2.290764477187491,94.41627817567422,0.293,0.309
2024,Edmundo Sosa,0.7187415804722646,-0.6328063507750523,-3.121107162038178,92.93218784399205,0.313,0.318
2025,Edmundo Sosa,0.1881650211752526,0.4407861977517866,-2.9192225119458337,93.43655597765648,0.307,0.332
2026,Edmundo Sosa,0.007221940683957966,0.40878299057101325,-3.697467746060081,89.92740864542967,0.243,0.253
2023,Edouard Julien,-0.48281839057376297,-1.1766520828826796,2.1257178132548096,100.3941888161638,0.381,0.366
2024,Edouard Julien,-0.23881376472809335,-1.4034285187424786,1.5381498520174104,99.39755674884255,0.292,0.278
2025,Edouard Julien,-0.8616956858391168,-0.2463224426941045,1.3643130832512498,98.45343840093393,0.309,0.286
2026,Edouard Julien,-0.5250363393599017,-0.061665485150809135,1.7559377787812507,102.11583845629181,0.32,0.287
2023,Eduardo Escobar,-0.9829644440056532,-0.6740801855509,-1.1731789988582253,88.8420353440547,0.269,0.267
2023,Edward Olivares,-0.21643625341982145,0.6382230257406657,-0.1633524895468825,100.01369821980128,0.317,0.329
2024,Edward Olivares,0.13418744532088325,0.5033346266036474,-0.23033628507265047,101.47598263355582,0.291,0.276
2026,Edwin Arroyo,-1.0015342281610713,0.37852542243445986,-1.249132124636216,91.42215140413431,0.286,0.257
2023,Elehuris Montero,1.626493226073774,-0.6205621357355572,-2.531388759443781,100.04204020665752,0.29,0.306
2024,Elehuris Montero,1.748670294786603,0.3106855862873084,-2.65528581330384,102.95869120158015,0.267,0.254
2025,Eli White,-0.07829708720402892,-0.3028609182098414,-0.2964517308986302,97.80262792453244,0.27,0.29
2026,Eli White,0.20998699974828547,-0.7053969979569379,-0.3911354982455437,98.07563620208295,0.287,0.302
2023,Elias Díaz,0.6642557102319853,-0.007317954888706804,-0.7327040588607783,101.61575931414825,0.316,0.314
2024,Elias Díaz,1.136280248437537,-0.08612656062796653,-0.8856169937672771,103.67854828244747,0.313,0.303
2025,Elias Díaz,0.35870077053799276,-1.0861375258125285,-0.7199015550907899,96.88486541325781,0.271,0.27
2026,Elias Díaz,1.1579136508740167,-0.41840300934994945,-2.1284496492964347,99.10200941560547,0.267,0.296
2023,Elly De La Cruz,2.414766897243601,-0.3105188994721125,-0.6512101785020747,111.20838296943025,0.3,0.305
2024,Elly De La Cruz,1.7820733882238249,-1.062346886633128,0.21050114386893787,108.06336731607236,0.339,0.349
2025,Elly De La Cruz,1.1740748221785944,-0.7952773340140585,0.04270347136302965,104.75585158976894,0.336,0.333
2026,Elly De La Cruz,1.5431672630962385,-0.6893111640458266,0.7705953690317403,109.41171217126079,0.349,0.364
2023,Eloy Jiménez,1.7243478887017525,-0.034252873700679635,-1.2064410084032853,106.26816230915284,0.317,0.325
2024,Eloy Jiménez,1.0583396970840195,0.5828847028454924,-1.0145081081490588,104.68832559714635,0.289,0.276
2023,Elvis Andrus,-0.7165823068517116,1.088560185262692,0.4328335720132034,100.16616369855758,0.304,0.29
2023,Emmanuel Rivera,-0.7926914888956949,0.12242907718585008,0.04788195831024967,95.872820105798,0.314,0.295
2024,Emmanuel Rivera,-0.6173821570166069,-0.23900141148570925,-0.23989633812703548,95.01504388981294,0.312,0.291
2025,Emmanuel Rivera,-1.032231435201857,-0.4719997387583716,-0.4789618040413416,91.22772868782178,0.291,0.258
2023,Endy Rodríguez,-0.6513458650997259,0.9236154637245259,-0.24944346121983652,98.01270451385628,0.284,0.271
2026,Endy Rodríguez,0.022429320113782566,0.5210334180628815,0.4318493632476808,102.8892654691269,0.38,0.368
2023,Enmanuel Valdez,-0.5480548323257486,0.4539807744494026,0.41716403027563786,99.33919230297012,0.311,0.328
2024,Enmanuel Valdez,-0.5839790635793851,0.5650321470240405,0.20185571278335743,98.78314173907555,0.27,0.275
2025,Enmanuel Valdez,-0.8403787171687742,0.9797226749676239,0.5206891233819937,99.41126579475119,0.294,0.29
2023,Enrique Hernández,0.17498239709209257,0.32487275040266483,0.20583023928021232,102.54530920743119,0.289,0.282
2024,Enrique Hernández,-0.08849984426059533,-0.07764661931627458,0.23251923102001354,99.97707343933479,0.281,0.285
2025,Enrique Hernández,-0.4513440389350232,-0.3383561563175556,-0.5226300651953162,94.84549231140484,0.255,0.268
2023,Eric Haase,0.022764033004125946,-0.6245381011096672,-1.0612684081165706,95.17184850769571,0.247,0.233
2025,Eric Wagaman,0.7477354487717438,0.26080373965003734,0.3875254788180544,106.2530115311283,0.296,0.293
2024,Ernie Clement,-1.112861376335397,1.8586344339509153,-2.492698106714661,91.09608622870809,0.284,0.297
2025,Ernie Clement,-1.074865372542542,1.9162207023107292,-1.2737424056937754,95.18514106353298,0.313,0.308
2026,Ernie Clement,-1.1181241371230597,1.540094109755942,-2.7323155953501677,89.45308903196398,0.319,0.323
2026,Esmerlyn Valdez,1.223812295069923,-2.680137195308592,0.9122747081627126,102.4632853987974,0.374,0.435
2023,Esteury Ruiz,-0.42845468911377493,0.23819594301750416,-0.6661233920411959,96.14111927614375,0.309,0.29
2026,Esteury Ruiz,-0.3374786597253988,-0.7270965452411957,-0.6021708174977831,94.18794959735722,0.364,0.366
2024,Estevan Florial,0.49048710865124917,-3.482020157234951,0.6582885785931992,95.19977625258919,0.264,0.277
2023,Eugenio Suárez,0.09343684490211046,-1.2159394185022812,0.6205670622769538,99.05933373325531,0.323,0.313
2024,Eugenio Suárez,0.01727661829060712,-0.3840991682892637,0.15278580239584863,99.50008993427112,0.319,0.337
2025,Eugenio Suárez,0.20948198984559507,-0.8701652392804423,-0.6447653150617132,96.84415641988768,0.298,0.347
2026,Eugenio Suárez,-0.31720215381896594,-0.9888027494081154,-0.5814576695302341,93.6431448010211,0.276,0.292
2024,Evan Carter,-0.31118713384207386,0.045659534858842304,1.7241798026236839,103.56118403067177,0.272,0.278
2025,Evan Carter,-0.7657693268225754,-0.16616766792880003,1.1601807200770644,98.61289061563394,0.336,0.321
2026,Evan Carter,-0.16005923304411226,-0.5863431863622276,1.6675961841471432,102.5156495517201,0.319,0.303
2023,Evan Longoria,-0.026163298309863234,-0.23523717639837013,-0.022268984123823454,99.12762775895364,0.295,0.308
2023,Everson Pereira,0.7892922235899577,-2.2393450368713848,-0.5485650863347616,96.71332161566943,0.233,0.202
2023,Ezequiel Duran,0.9415105876779242,-0.09401785767525402,-1.6157419854327757,100.30220926297919,0.324,0.33
2024,Ezequiel Duran,0.22882954339301184,0.3845430993135873,-1.9852307369787958,96.35854371186683,0.288,0.27
2025,Ezequiel Duran,-0.2914667739074542,0.47978632345363287,-1.0529945813860964,96.43128719485571,0.266,0.249
2026,Ezequiel Duran,0.10353534373951345,0.11829005262406427,-1.063649510816416,97.6946953605397,0.323,0.334
2023,Ezequiel Tovar,0.0390731434421224,-0.07957906581048567,-2.114386646408686,93.57434054663288,0.287,0.298
2024,Ezequiel Tovar,-0.12747011993735405,-0.7662401975304871,-2.5974069468821064,89.23151711696343,0.295,0.324
2025,Ezequiel Tovar,-0.19021117272332724,-0.6270505212482553,-2.0632142317602153,90.87757179187602,0.294,0.301
2026,Ezequiel Tovar,-0.17526661247393685,-0.20741730948964676,-2.4766450937600077,90.87058774872679,0.245,0.249
2023,Fernando Tatis Jr.,0.5120373461440185,-0.8675542804335098,-0.5983190816413065,98.75315345061699,0.322,0.332
2024,Fernando Tatis Jr.,1.487012729528366,-0.44770141426085974,0.098473914945197,107.71033032194195,0.34,0.359
2025,Fernando Tatis Jr.,1.0515022523241246,-0.5994843966727273,0.7778229485631346,106.82200070567202,0.368,0.353
2026,Fernando Tatis Jr.,1.9639047606547184,-0.03551287465852478,0.46672293691187694,112.74860186125632,0.354,0.333
2023,Francisco Alvarez,1.4851476022778047,-0.7196486109797582,0.45116018879271913,108.01820666333765,0.284,0.31
2024,Francisco Alvarez,0.9024585943769847,-0.393173035629831,0.11334793022992931,104.50549847470408,0.307,0.31
2025,Francisco Alvarez,0.9555758933075834,-1.3183330574061691,-0.27128149649502215,101.0786831985291,0.339,0.343
2026,Francisco Alvarez,1.0007707300991628,-0.8630684641196116,-0.4947228967962418,101.92451144978338,0.336,0.341
2023,Francisco Lindor,-0.3197272861937988,0.41451220574042086,0.22266746185358752,99.96659654407853,0.336,0.346
2024,Francisco Lindor,0.1397546275604203,0.08104623849485822,0.30653747545529747,101.97048692484978,0.344,0.363
2025,Francisco Lindor,-0.3341007112481392,0.44495354040657337,0.284403079299512,100.15519679892002,0.346,0.35
2026,Francisco Lindor,0.022429320113782566,0.04258168844764244,0.34958698399676913,101.3121024862832,0.316,0.32
2023,Francisco Mejía,-1.1134373275096245,0.5769390005126371,-2.8220527048176307,86.53621231346575,0.258,0.28
2023,Freddie Freeman,-0.5045638711577582,0.5895392201968387,0.34823877314091656,99.75851738899208,0.41,0.411
2024,Freddie Freeman,-0.61181497477707,0.5080565544184878,0.37954700250442774,99.00372847291348,0.378,0.365
2025,Freddie Freeman,-0.7551108424874041,-0.6817240648030748,-0.10579319378826253,93.39379636907323,0.367,0.37
2026,Freddie Freeman,-0.8190456750031766,0.1475345542674518,0.3624512648207582,96.74607228325792,0.38,0.377
2023,Freddy Fermin,-0.7492005277277045,0.4656736204401144,-0.23101473656962368,96.22936078360765,0.321,0.333
2024,Freddy Fermin,-0.6229493392561438,0.49650556074577284,-0.10263384790764654,97.44003336122198,0.319,0.3
2025,Freddy Fermin,-0.9203173496825586,0.24455023560158046,-0.053848588619542836,95.15941383559588,0.296,0.28
2026,Freddy Fermin,-0.935635583965165,0.3537435890406925,0.1537222876121,96.00457724809017,0.26,0.246
2023,Gabriel Arias,1.4579657515478108,-2.1879897595659292,-0.40193131551556366,101.19259762423569,0.275,0.276
2024,Gabriel Arias,1.436908089372533,-1.9777604102136448,-1.1531403463055938,99.36780580738673,0.255,0.263
2025,Gabriel Arias,1.6004141955854447,-2.4876402657181886,-1.5425287587289458,97.72053630446398,0.274,0.278
2026,Gabriel Arias,1.0058398565757711,-3.280250151748159,-0.6952027745636125,94.64045768394001,0.302,0.309
2023,Gabriel Moreno,-0.38496372794578443,1.0825064777121756,0.06292563525210308,100.95362101761481,0.339,0.325
2024,Gabriel Moreno,-0.45593387207003494,0.805461537470289,1.0583002829118675,102.80042665553052,0.353,0.325
2025,Gabriel Moreno,-0.3607469220860674,1.0214639475364382,0.3028517960398124,101.65513320076359,0.353,0.34
2026,Gabriel Moreno,-0.16005923304411226,1.5138365616640153,-0.22042580244730997,102.59647936355664,0.39,0.37
2023,Garrett Cooper,0.946946957823923,-0.3053075653045335,-1.8702677591423433,98.97355490310242,0.304,0.313
2024,Garrett Cooper,0.3012029125069922,-0.2991551891711201,-1.2276716241442382,97.18815250976962,0.267,0.253
2023,Garrett Hampson,-1.0808191066336317,-0.2706960510982848,0.5463900867466264,94.6225867963184,0.349,0.323
2024,Garrett Hampson,-1.0237864605028053,0.0957359273786887,0.6645277006781937,96.33007186311357,0.275,0.255
2024,Garrett Mitchell,2.0771340469192836,-1.8764306257461676,1.5431228405677284,111.57654437580086,0.342,0.351
2026,Garrett Mitchell,2.703997226239514,-1.9517807860237404,1.0062891071798077,113.38192387212241,0.357,0.348
2023,Garrett Stubbs,-1.0047099245896485,0.3390172063412476,0.22888385453229348,95.79047160109538,0.274,0.252
2024,Garrett Stubbs,-1.079458282898175,0.24846591437579735,-0.023679721941101232,94.33606914606813,0.296,0.258
2023,Gary Sánchez,0.7077466713999756,-0.0578544053309799,0.030515744062637074,104.05050305682529,0.288,0.329
2024,Gary Sánchez,0.5906963889629145,-0.5840498533617023,0.4774388159050805,103.26972723416314,0.307,0.307
2025,Gary Sánchez,0.5612119729062468,-0.22954742280679188,0.4514619127930686,104.00229645287544,0.297,0.311
2026,Gary Sánchez,-0.02826194465229931,-0.24298322021901853,1.7592414029050352,104.5135820418385,0.368,0.353
2024,Gavin Lux,-0.3056199516025369,0.29517349981722796,0.5737002690249082,100.78561525829281,0.32,0.31
2025,Gavin Lux,-0.9309758340177299,0.5349491697807529,1.2455501872697416,99.85575477765644,0.35,0.322
2023,Gavin Sheets,0.06081862402611774,0.8050510039978865,-0.2509469451164616,101.82313610813402,0.267,0.261
2024,Gavin Sheets,0.4737855619326382,0.545073747970647,-0.6947326240204637,102.15496624560835,0.303,0.291
2025,Gavin Sheets,1.5577802582447595,0.3309576757745269,-0.29291427342901966,109.09091644149501,0.317,0.323
2026,Gavin Sheets,1.0970841331547183,0.7537941339427889,-0.15717209054261042,107.99591184607496,0.314,0.315
2023,George Springer,0.21303698811408417,0.32372451475846103,0.9281652421078131,104.96101250977111,0.327,0.32
2024,George Springer,0.06738125844643973,-0.2614678446973191,0.7288664622826508,101.88426054566,0.303,0.298
2025,George Springer,0.9395881668048266,-0.3600197095249031,1.0024615640200292,107.5183172345238,0.399,0.408
2026,George Springer,0.3823372999529638,0.4869067077931686,0.6913777167153008,105.67832142567161,0.317,0.318
2023,Geraldo Perdomo,-0.9775280738596543,1.4639770071036253,1.5760474804742408,103.16681761791703,0.353,0.319
2024,Geraldo Perdomo,-1.0460551894609533,1.8049526682421708,1.688394447793378,104.05550137395726,0.344,0.317
2025,Geraldo Perdomo,-0.957622044855658,1.812058813598121,1.4193703917344662,103.77135372811215,0.389,0.37
2026,Geraldo Perdomo,-1.2042992872253988,1.514062649070221,1.4653328015126112,101.64941094952006,0.35,0.319
2023,Giancarlo Stanton,4.138096233525221,-1.6371687531667412,0.07312110391954914,119.76009516675256,0.275,0.297
2024,Giancarlo Stanton,4.320708489452681,-1.267440548875394,-0.6937740989755735,119.51500801180264,0.298,0.33
2025,Giancarlo Stanton,3.97192696016105,-1.922268174201352,0.20762041384155985,118.41170961922525,0.35,0.395
2024,Gio Urshela,-0.940278726909751,0.688547668610782,-1.2536086661657624,92.62475214363772,0.286,0.281
2025,Gio Urshela,-0.9149881075149731,-0.5044284686207229,-2.365357423875172,86.081262877136,0.287,0.271
2023,Gleyber Torres,0.09887321504810935,0.536159442979338,0.6641928188210792,104.08284110551642,0.347,0.346
2024,Gleyber Torres,-0.6730539794119765,0.07483298847758955,0.9576709996675786,99.20467510750629,0.33,0.313
2025,Gleyber Torres,-0.5792458509570784,0.7156305187092018,1.736987753136686,103.89846683909134,0.358,0.332
2026,Gleyber Torres,-1.128262390076276,-0.03200488208197865,1.8905566865834758,99.09767855473044,0.383,0.348
2025,Graham Pauley,-0.8830126545094592,-0.22075463342167512,-0.045847474484091995,94.11037028640852,0.311,0.3
2026,Graham Pauley,-0.38310079801487246,0.7639393069204636,0.32524964248645205,100.878999826041,0.216,0.223
2024,Grant McCray,0.24553109011162258,-2.56240800426274,-0.5196143983606178,92.74148529549922,0.238,0.266
2026,Griffin Conine,0.8993882005669991,-1.5979770385474237,-0.11386209132745675,100.4550966827028,0.362,0.396
2023,Gunnar Henderson,1.990730025855694,-0.2890870555370996,0.5067967602479417,112.32335309121879,0.325,0.346
2024,Gunnar Henderson,2.383329070093817,0.08936428556752715,0.836078450923302,116.65904497708176,0.364,0.381
2025,Gunnar Henderson,1.6430481329261297,0.13322168199908596,-0.1453859185410605,109.4874762415884,0.349,0.339
2026,Gunnar Henderson,0.985563350669338,0.15101577523216836,-0.040610275971527054,106.02990669889651,0.29,0.3
2026,Hao-Yu Lee,-0.2969256479125333,-0.6030173942648984,0.468375813928532,98.02480498880504,0.303,0.318
2023,Harold Castro,-1.04276451561164,0.2713534412355808,-2.401370219028949,87.37972557121955,0.275,0.258
2023,Harold Ramírez,0.5337828267280138,-0.02791015266148749,-2.7699039236409257,94.60197887533508,0.353,0.349
2024,Harold Ramírez,0.40141219281865764,-0.47409903864085273,-2.715364761724232,92.76024813402799,0.28,0.265
2023,Harrison Bader,-0.3306000264857964,0.558181023881986,-0.8379429818357796,97.07522231966489,0.274,0.271
2024,Harrison Bader,-0.0717982975419844,0.5211412149387741,-0.9509397282469533,98.13461631981922,0.284,0.285
2025,Harrison Bader,0.774381659609672,-0.47652461749674124,-0.7175507640724362,101.00137311642926,0.347,0.346
2026,Harrison Bader,0.6611392561664141,-1.0029882778610009,-1.8688855962042912,95.37984641250313,0.198,0.238
2023,Ha-Seong Kim,-0.9177280022536674,0.9984543585275415,1.2503177271269978,101.23279820782011,0.351,0.33
2024,Ha-Seong Kim,-0.7454273485259572,1.049194622664343,1.8378742598722548,104.16351614581474,0.33,0.308
2025,Ha-Seong Kim,-0.7018184208115478,1.3217134271931401,0.40188349075515817,100.80452632286298,0.304,0.288
2024,Heliot Ramos,1.8767154862959534,-0.39551689503260024,0.013198999063250725,109.86317288100904,0.322,0.339
2025,Heliot Ramos,1.1580870956758371,0.42564971083824515,-0.18938423646394148,107.34281644894922,0.328,0.319
2026,Heliot Ramos,-0.06374582998855659,-0.01872728286661857,-0.853401744163458,96.98096068899255,0.304,0.319
2026,Henry Bolte,2.49109391422197,-0.9602604260994808,0.3600748836495442,112.92704621142924,0.326,0.296
2023,Henry Davis,0.609892008771997,-0.06932688808151505,0.23352255494926388,104.06688568888457,0.302,0.287
2024,Henry Davis,0.2622326368302335,-1.6701352152751003,0.3214681842260282,97.87194919498234,0.242,0.213
2025,Henry Davis,0.8862957451289704,-0.27359239352975795,-1.4044804471886865,100.12560620905178,0.234,0.229
2026,Henry Davis,1.0261163624822038,0.1246285072321341,-0.1848675915435219,105.75383457236913,0.268,0.268
2025,Heriberto Hernández,0.7797109017772577,-1.486250303471418,1.3117731955032268,104.40561130241021,0.347,0.341
2026,Heriberto Hernández,1.2846418127892214,-1.808864677872122,0.7800081238190495,104.83118458107691,0.308,0.34
2024,Heston Kjerstad,-0.294485587123463,-0.2494360907316743,-1.8296073625704015,92.02875929567548,0.351,0.327
2025,Heston Kjerstad,-0.8776834123418735,-0.5475971676031254,-1.3853196328770547,89.16004026893143,0.24,0.248
2025,Hunter Feduccia,-0.6378675148005203,-0.9277170158206386,1.151341790898005,97.21818294370884,0.267,0.226
2026,Hunter Feduccia,-0.6821792601347555,0.058723311478938015,0.5300515403608864,97.80601209455287,0.305,0.287
2024,Hunter Goodman,1.609490738798179,-0.5703884236204539,-2.123112849856024,101.32430004388546,0.228,0.274
2025,Hunter Goodman,1.0515022523241246,-0.6249989049999879,-1.4400615482219816,100.00407060028581,0.323,0.359
2026,Hunter Goodman,1.487406871853549,-1.4459517506105566,-1.3586825199206478,100.51123056656216,0.326,0.369
2023,Hunter Renfroe,1.5014567127158014,0.17299590308485413,-0.8599165305899313,106.60019509469002,0.297,0.308
2024,Hunter Renfroe,1.7598046592656773,0.268984061796785,0.02326369686486631,111.05641429031328,0.297,0.302
2025,Hunter Renfroe,1.0941361896648099,0.4722948302816921,0.9003375393201682,110.41518517270747,0.241,0.219
2025,Hyeseong Kim,-1.074865372542542,-0.8473462171877861,-0.9482711391412625,88.51097934068338,0.314,0.306
2026,Hyeseong Kim,-1.2600596784680889,-0.20189080045407862,0.5795999454843209,93.87150143386569,0.323,0.292
2023,Ian Happ,-0.053345149039857265,-0.11524197292040578,0.9745399383371098,102.3347103688853,0.36,0.345
2024,Ian Happ,0.14532180979995735,-0.5786811087140794,0.7748564902662526,101.59793844134087,0.341,0.341
2025,Ian Happ,-0.2914667739074542,-0.04794930513272198,1.4760553557526546,102.66148542526172,0.342,0.333
2026,Ian Happ,-0.24116525666984315,-1.1243824564024059,0.8939768982041847,98.19808250857041,0.331,0.33
2023,Ildemaro Vargas,-0.7274550471437092,2.1611083246527847,0.3640808879916,102.86827830399622,0.304,0.292
2024,Ildemaro Vargas,-0.7064570728491983,1.9745349301057733,0.5821239324582644,103.13635000914606,0.295,0.271
2025,Ildemaro Vargas,-0.5845750931246639,0.7366794595703214,-0.5669258179393933,96.91694929346681,0.292,0.292
2026,Ildemaro Vargas,-0.4489994422107789,1.9116514596721774,-1.516215257487782,98.07651144899049,0.321,0.318
2025,Isaac Collins,-0.003687696857830168,-0.10153892837005982,1.5821815672028496,104.51019793199266,0.368,0.344
2026,Isaac Collins,0.4380976911956539,0.31974244862555823,1.5821127482606563,108.24893074149905,0.339,0.316
2023,Isaac Paredes,-0.8742370410856771,1.332808278389618,0.1989259987419742,99.21462512100679,0.352,0.362
2024,Isaac Paredes,-0.9068756334725292,1.1222819964192823,0.6139551640057629,99.7034400908169,0.346,0.327
2025,Isaac Paredes,-0.6911599364763765,1.3360074276261114,0.8724977220129487,102.33787218098132,0.352,0.353
2026,Isaac Paredes,-0.9204282045353404,1.082001517066131,0.5430507152183655,99.29716833997978,0.347,0.339
2023,Isiah Kiner-Falefa,-1.069946366341634,1.0586258452724169,0.08476578161146156,96.96817007424413,0.306,0.286
2024,Isiah Kiner-Falefa,-1.0516223717004902,1.7357253907093917,-0.20526949420993815,98.07027999740939,0.306,0.299
2025,Isiah Kiner-Falefa,-1.1388162785535696,1.9733949741598764,-0.5733460092533283,97.10231875667493,0.297,0.279
2026,Isiah Kiner-Falefa,-1.0572946194037613,1.7046313619240256,-0.8427954195197087,96.01158225129313,0.344,0.317
2024,Iván Herrera,0.6742041225559691,0.34641885810448886,0.24844181089920445,105.63948370829665,0.372,0.351
2025,Iván Herrera,1.3126351185358207,0.38932094933000655,0.140078477772947,109.1436027949497,0.373,0.365
2026,Iván Herrera,0.9095264535202152,0.8387768440133275,0.5109156367732035,109.1727008110249,0.365,0.336
2023,J.D. Davis,-0.10227248035384645,-1.8259988328771852,0.3860032438140092,95.51509147126286,0.325,0.321
2024,J.D. Davis,-0.16644039561411278,-1.6189331653155494,0.7901541801578064,96.94547816605312,0.293,0.282
2023,J.D. Martinez,0.3272007611800592,-1.0859710190440377,-0.4746201172493577,97.44822668652259,0.321,0.369
2024,J.D. Martinez,0.40141219281865764,-0.5908240761892736,-0.038193982976731836,100.58092471331614,0.32,0.318
2023,J.P. Crawford,0.12605506577810338,0.8779261899665565,1.4850101988648434,107.68589789471359,0.38,0.359
2024,J.P. Crawford,0.10635153412319844,0.4983675918422099,1.4340613654416445,106.36361209107618,0.304,0.283
2025,J.P. Crawford,-0.17422344622057032,0.43780752312744464,0.8695712177781458,102.84582360369839,0.352,0.322
2026,J.P. Crawford,-0.31213302734235787,0.7266999377159391,1.7167560713783048,105.42184969848371,0.33,0.308
2023,J.T. Realmuto,0.805601334027954,-0.13195323037274898,-0.08993514627339577,104.04795116158654,0.31,0.324
2024,J.T. Realmuto,0.8078164963048561,0.36324213157532104,-0.5406706189472763,104.0629718547245,0.322,0.326
2025,J.T. Realmuto,0.19349426334283815,0.71767057718013,-0.7018980451836775,100.9809243361613,0.315,0.307
2026,J.T. Realmuto,0.5293419677746012,-0.022245274288647147,-0.014921863563405698,102.97295877890198,0.304,0.295
2025,Jac Caglianone,2.7142258086108417,0.699375552187245,-1.3877361292042385,113.51096793166535,0.237,0.239
2026,Jac Caglianone,2.6127529496605666,-0.4413011959529042,-1.2336361395384285,110.2258524558598,0.311,0.329
2023,Jace Peterson,-0.8524915605016817,0.042852372761137014,0.7966266386450077,97.58197705527698,0.304,0.275
2023,Jack Suwinski,0.8001649638819555,-0.910584300141545,1.4896322714712726,106.66221769669868,0.339,0.341
2024,Jack Suwinski,0.6240994824001365,-0.3048892361672048,0.9790316838819585,105.76422181523368,0.264,0.26
2025,Jack Suwinski,1.0408437679889535,-1.068075712473859,1.5884855791467634,107.92659103924315,0.281,0.25
2024,Jackson Chourio,0.7020400337536539,0.1866426433985066,-0.6421694562428377,102.64895148929396,0.327,0.339
2025,Jackson Chourio,0.9236004403020696,0.29250430686406975,-1.4827523272515455,101.67452884013396,0.308,0.328
2026,Jackson Chourio,1.1021532596313266,0.6595548836519345,-0.27115966255639556,107.41728119502541,0.329,0.341
2024,Jackson Holliday,-0.5784118813398482,-0.7904895637018757,0.24236039637546053,95.1794402465884,0.255,0.251
2025,Jackson Holliday,-0.6325382726329346,-0.08139895615885014,0.8472551722837014,98.67123441344303,0.314,0.304
2026,Jackson Holliday,-0.910289951582124,-1.1963555802494161,1.006538018134353,94.44751464732992,0.364,0.339
2024,Jackson Merrill,0.022843800530143964,0.5815139280956478,-0.7521932610303548,99.45735732661495,0.326,0.352
2025,Jackson Merrill,-0.15290647755022788,-0.12214686074282195,-1.3239155677886107,94.74396978410387,0.317,0.331
2026,Jackson Merrill,0.2657473909909756,-0.22738613389137116,-0.6712621561538303,98.87357870640972,0.288,0.296
2026,Jacob Gonzalez,-0.6162806159388491,0.34021899095743324,-0.955201614685861,94.4517495724563,0.299,0.302
2023,Jacob Stallings,-1.0862554767796304,0.5700264986773391,1.29296554034492,99.1937658931152,0.278,0.256
2024,Jacob Stallings,-1.101727011856323,-0.46805849325522864,0.5372629823789103,93.92581288009873,0.357,0.353
2025,Jacob Stallings,-1.1814502158942546,-1.370953746508478,-1.8885740347888211,83.57810544899685,0.195,0.171
2024,Jacob Wilson,-1.1295629230540079,1.8653916418244385,-0.9922683652422853,95.58220036264495,0.314,0.281
2025,Jacob Wilson,-1.1867794580618403,2.2343281266058366,-0.7189503832610833,97.10394132872925,0.355,0.348
2026,Jacob Wilson,-1.2296449196084398,1.7516779856002211,-1.8957765927025843,91.93587292229674,0.303,0.306
2023,Jacob Young,-0.9612189634216579,1.0091236040713985,-0.05768604984762157,97.03016677480873,0.322,0.294
2024,Jacob Young,-1.0905926473772491,0.8819101521884175,0.6281067534608256,98.01087767064563,0.316,0.29
2025,Jacob Young,-1.1174993098832269,1.2456361086518128,0.6839709382982786,99.03299989223275,0.296,0.264
2026,Jacob Young,-1.1384006430294924,0.565211332411695,0.6227858557640139,96.83820124069685,0.298,0.303
2025,Jahmai Jones,0.774381659609672,-0.20224993278627978,1.4615223299341125,108.3911280318586,0.387,0.399
2026,Jahmai Jones,0.41275205881261295,-1.5501407984100313,0.3185744581026733,99.07174823126122,0.25,0.254
2023,Jake Alu,-0.9884008141516519,0.6048597642984596,-0.3134643920095303,94.97272634994205,0.282,0.256
2023,Jake Bauers,2.012475506439689,-1.1729325204609706,0.507959509405284,110.0022191425641,0.279,0.297
2024,Jake Bauers,0.5405917488070817,-1.0471498543328308,1.1370456787961472,103.70048756867864,0.301,0.294
2025,Jake Bauers,2.602311723091544,-0.13139070776437556,1.57391282764046,119.56561082592867,0.353,0.333
2026,Jake Bauers,2.359296625830157,-0.5823317453275367,1.4655664486032745,116.57137650480071,0.37,0.373
2023,Jake Burger,2.3930214166596055,-0.7789797832098914,-1.7917735255305327,106.31287317413205,0.309,0.349
2024,Jake Burger,1.4257737248934594,-0.2477148761425677,-1.3581191322818598,103.47743690870382,0.301,0.325
2025,Jake Burger,1.440536930557876,-0.3452999950160575,-1.9727801261037647,101.42280235567664,0.269,0.295
2026,Jake Burger,1.7763470810202153,-1.235050726451741,-1.062816648286922,103.67743992738049,0.299,0.317
2023,Jake Cave,-0.9992735544436495,0.23355428724676214,-0.22181325667717178,94.15852494822711,0.272,0.271
2024,Jake Cave,-0.7676960774841051,-0.1610184455198441,-0.9401760913861706,92.22632884305928,0.29,0.295
2023,Jake Cronenworth,-0.8851097813776747,1.6455026222786,0.13733422635821027,99.8311947115627,0.312,0.301
2024,Jake Cronenworth,-0.8233678998794747,1.2392613133177737,0.894663248544631,101.36772415798144,0.324,0.315
2025,Jake Cronenworth,-0.37673464858882433,0.8928211170327225,0.8787333387230557,102.95726318288719,0.367,0.333
2026,Jake Cronenworth,-0.30706390086574964,0.9047301628936276,0.10868491710715268,101.05306546042031,0.311,0.279
2023,Jake Fraley,-0.2327453638578179,0.2882848943811811,-0.015428993570574126,99.39831317965418,0.339,0.338
2024,Jake Fraley,-0.06623111530244735,0.3974220493861938,-0.35715029468639464,99.63030015481748,0.33,0.314
2025,Jake Fraley,-0.3447591955833105,0.29681154051383457,0.4653034009340248,100.23266004028686,0.332,0.316
2025,Jake Mangum,-0.9256465918501443,0.9600562616546329,-2.234217208322314,90.47970302660072,0.33,0.307
2026,Jake Mangum,-1.1079858841698433,0.4405812699375697,-3.2907673890009086,84.76385925765274,0.348,0.32
2023,Jake McCarthy,-0.7383277874357068,1.1336777682800427,0.29208883116670264,99.73659223693663,0.318,0.289
2024,Jake McCarthy,-1.0015177315446575,1.3584291055470632,0.2644874600652696,98.74452928640419,0.349,0.329
2025,Jake McCarthy,-0.7870862954929179,0.9330562630864475,-0.006483182215402708,97.98818831130086,0.247,0.256
2026,Jake McCarthy,-0.6466953747984983,0.18087354341391362,-0.5630026493428296,95.02599262574242,0.334,0.354
2023,Jake Meyers,-0.6241640143697319,-0.29837032481685893,0.3405048512217505,96.57660879449928,0.296,0.297
2024,Jake Meyers,-0.7342929840468831,-0.06736655530994631,-0.32437175517616074,94.55379553273565,0.286,0.285
2025,Jake Meyers,-0.9416343183529012,0.958683954637113,0.6407945104094593,99.12912944074877,0.354,0.323
2026,Jake Meyers,-1.0218107340675042,0.6334418600699715,-0.07274994178472481,95.58988699298403,0.264,0.259
2023,Jake Rogers,-0.8688006709396782,-1.367191931152872,0.8438116102727974,93.72009850278556,0.286,0.312
2024,Jake Rogers,-0.8345022643585486,-1.363782664795674,0.47372482700720525,92.80325848846054,0.255,0.264
2025,Jake Rogers,-0.9363050761853156,-0.21501792815428206,1.4950325351243894,98.50380169143058,0.277,0.27
2026,Jake Rogers,-0.9761885957780303,-0.6019074387613795,0.7506808791440688,94.93431928972734,0.266,0.257
2025,Jakob Marsee,-0.9949267400287576,0.5711302989822062,1.5009710144413666,100.36102249235279,0.363,0.363
2026,Jakob Marsee,-0.9001516986289075,1.0743931322883298,1.0871484041475397,101.0492840546146,0.32,0.285
2023,James McCann,-0.510000241303757,-0.4724537846909282,-1.753517508052242,90.38773333086381,0.269,0.279
2024,James McCann,-0.5672775168607742,-0.376172240321122,-1.0636857047535675,92.42006080166219,0.279,0.288
2025,James McCann,-0.18488193055574154,-0.1506536070290632,-1.4673404539180637,94.04253543046116,0.324,0.328
2023,James Outman,0.7077466713999756,-1.5393130820204253,0.5003251111410777,101.37115821105887,0.353,0.344
2024,James Outman,0.5405917488070817,-1.1711378886365877,-0.3741277379770189,98.75938877776903,0.256,0.242
2025,James Outman,0.23612820068352322,-1.96948566312642,0.23518295714814183,96.62736387312637,0.216,0.237
2026,James Outman,-0.3324095332487906,-2.9127739659298753,-0.6539622787637596,87.9982695327586,0.223,0.23
2024,James Wood,1.3088628978631829,-0.4218736571662453,0.907060887203774,109.20522540145083,0.354,0.342
2025,James Wood,2.1173506858412505,-1.121552885268135,0.42789746591075767,110.51138048493988,0.35,0.353
2026,James Wood,2.2173610844851273,-1.0203204056426747,1.201148121622599,113.72641185033572,0.398,0.403
2023,Jared Triolo,-1.0047099245896485,-1.1251906231141793,-0.018343365135764136,90.97762579156621,0.388,0.35
2024,Jared Triolo,-0.8289350821190117,-0.33469934990422096,0.579171535337899,96.01043166753243,0.296,0.275
2025,Jared Triolo,-0.44068555459985187,0.035108471135543544,0.518535414761484,99.11064974384453,0.311,0.296
2026,Jared Triolo,-1.0066033546376796,0.25863018758205386,1.2820631295640865,98.76045899026569,0.314,0.285
2023,Jared Walsh,0.14236417621609984,-3.6924922454230895,-0.10209945643435259,90.2772409674973,0.216,0.222
2026,Jared Young,0.4989272089149523,-0.4261867673511769,0.5874704318436994,103.50829759543966,0.332,0.334
2023,Jarred Kelenic,0.022764033004125946,-0.9571735762446432,0.39440011404751424,98.67772197270942,0.327,0.321
2024,Jarred Kelenic,0.200993632195327,-1.2983403791038126,-0.095377681270799,97.27861999314598,0.286,0.294
2023,Jarren Duran,0.7349285221299696,0.6711422850299219,-0.267647397957618,105.32335550192587,0.346,0.354
2024,Jarren Duran,0.835652407502541,0.43386090733827654,-0.15045110681402066,105.60790041246246,0.342,0.357
2025,Jarren Duran,1.3179643607034062,0.0982239145845502,-0.11528599060541965,107.59044113682013,0.332,0.335
2026,Jarren Duran,1.2795726863126131,-0.4678549341335199,-1.1240495318101746,102.7283025514355,0.255,0.261
2023,Jason Delay,-1.021019035027645,0.003769884156835406,-0.004298674833190185,94.05644182994884,0.319,0.296
2023,Jason Heyward,0.859965035487942,1.0623799169042634,-0.17792104577292533,107.40889285012182,0.34,0.348
2024,Jason Heyward,0.35130755266282504,0.5831856911460394,-0.3831536682797985,102.49588323751607,0.288,0.3
2025,Jasson Domínguez,0.8383325656206994,-0.062362881852571606,-0.0690127583498718,104.49504896730774,0.331,0.316
2026,Jasson Domínguez,0.7777291651284026,0.5521895291034669,-0.37942551827135124,104.90245340234492,0.274,0.289
2023,Javier Báez,1.3111837576058432,-0.5199965717653964,-2.527950629492211,98.49673125031842,0.267,0.261
2024,Javier Báez,1.5482517341632722,0.32294375417119847,-2.7581997521923167,101.51344382370311,0.221,0.224
2025,Javier Báez,0.6251628789172741,0.19889955309280916,-3.803546044573338,92.61819589648142,0.283,0.294
2025,Javier Sanoja,-1.000255982196343,1.9684476278649163,-0.18997083192850156,99.06112016362212,0.287,0.294
2026,Javier Sanoja,-0.9052208251055158,1.8857749155661885,-0.8497877565517139,97.37754404833579,0.305,0.305
2023,Jazz Chisholm Jr.,0.5446555670200114,-2.0698825400922893,0.26167874625349463,98.2247419955745,0.304,0.325
2024,Jazz Chisholm Jr.,0.10635153412319844,-0.7961532409515154,0.12446929498708878,98.7894765023078,0.324,0.327
2025,Jazz Chisholm Jr.,1.019526799318611,-1.2988358063010164,0.2569045112029726,103.11169133610859,0.332,0.349
2026,Jazz Chisholm Jr.,0.2657473909909756,-1.0045359471688844,0.13184027283619132,99.16145117258502,0.297,0.307
2023,Jean Segura,-0.6785277158297199,0.9933190726265455,-1.5758357532951248,94.01275104411529,0.277,0.25
2023,Jeff McNeil,-0.9720917037136555,1.7407148567332889,-0.024590229850527293,99.0965333792828,0.333,0.314
2024,Jeff McNeil,-0.8734725400353073,1.0805322906141503,-0.05938991945841774,97.73358790578047,0.308,0.304
2025,Jeff McNeil,-0.6591844834708628,1.182246212830099,0.26848955391415474,100.2600018704807,0.335,0.324
2026,Jeff McNeil,-1.102916757693235,1.4545932939178852,-0.23020699950680415,96.91627905198862,0.309,0.287
2023,Jeimer Candelario,-0.7546368978737032,0.5354417573056417,-0.09498337581825726,96.80504879952791,0.336,0.346
2024,Jeimer Candelario,-0.8901740867539182,-0.3233082449125577,-0.8286174125736833,91.40296990505746,0.279,0.304
2024,Jerar Encarnacion,2.6449866353520544,-0.14775111431341711,-1.0995165327523926,111.63553533332265,0.277,0.301
2025,Jeremiah Jackson,-0.09428481370678585,-1.2442248501854085,-0.6979957728261894,93.87731987177244,0.328,0.336
2026,Jeremiah Jackson,0.15422660850559533,-0.24072957905171177,-1.0018348355878202,97.18201772032265,0.269,0.284
2023,Jeremy Peña,-0.24905447429581426,0.43493004633825816,-1.379096247251332,95.56161236670508,0.324,0.31
2024,Jeremy Peña,0.08408280516505066,0.7885692952571287,-1.345250031972256,98.58374238695819,0.308,0.305
2025,Jeremy Peña,-0.3714054064212387,0.3852303003867023,-0.8782754804475842,96.23544222566731,0.363,0.363
2026,Jeremy Peña,-0.5960041100324164,-0.36042117588798583,-0.9577300819490261,92.61892871037868,0.364,0.375
2023,Jesse Winker,-1.1134373275096245,0.0012772190477227394,1.3729949927226994,97.70173472021632,0.32,0.269
2024,Jesse Winker,-0.7565617130050311,0.34618724086805913,1.426667222763181,100.89809434702049,0.36,0.338
2023,Jesús Sánchez,1.4960203425698024,-0.42636509311470117,-1.0134600542245604,104.4392288962171,0.326,0.333
2024,Jesús Sánchez,1.8544467573378052,-0.3229686493270051,-1.6980393980480335,104.72893098611543,0.313,0.317
2025,Jesús Sánchez,1.9201687256405826,-0.06071164925700518,-0.42589867408326343,109.70873131150773,0.304,0.304
2026,Jesús Sánchez,1.010908983052379,-0.2390829199503924,-1.6091992671648887,100.3236030288158,0.316,0.325
2024,Jhonkensy Noel,3.1070627612336223,0.2886056294840898,-3.3571211527050244,108.66634596936801,0.288,0.331
2025,Jhonkensy Noel,2.676921113437742,-1.076490540103145,-4.1639359406178125,99.92317574456337,0.183,0.207
2023,Ji Hwan Bae,-1.0101462947356472,0.38387194193558893,0.06223903704014238,95.37627562191409,0.296,0.272
2023,Ji Man Choi,0.2891461701580676,-0.6468863315962103,0.532959631877131,101.50975369815332,0.239,0.267
2023,JJ Bleday,-0.09139974006184887,-0.5957955566841546,1.4390531357975924,102.19367383192936,0.31,0.297
2024,JJ Bleday,-0.2555153114467043,-0.0532289301438742,0.5036515242211762,99.89781909447017,0.324,0.33
2025,JJ Bleday,-0.41936858592950943,-0.794564381971517,0.5563676878826237,97.04881601104059,0.294,0.302
2026,JJ Bleday,0.5192037148213849,-0.5269352618698816,1.0659171893184733,104.80238357231757,0.339,0.351
2026,JJ Wetherholt,-0.1397827271376794,0.16428572101782943,1.2783282768223543,103.53116002717634,0.348,0.329
2024,Jo Adell,2.483538350405482,-0.791926792983541,-0.6128124366565699,110.39024542030896,0.28,0.296
2025,Jo Adell,2.70356732427567,-0.16523902086061912,-0.5103772967998493,113.72015363990998,0.293,0.333
2026,Jo Adell,2.3238127404938997,-0.04467980580062913,-1.1398961684717224,109.92975183958679,0.291,0.304
2023,Joc Pederson,0.44680090439203285,0.24437465271871328,0.21126406275842594,103.92020394395408,0.348,0.331
2024,Joc Pederson,0.8857570476583736,0.2900619938971993,-0.34915912792826087,104.89613579131014,0.393,0.391
2025,Joc Pederson,0.5505534885710753,-0.09211566356149865,0.6071859012938009,104.79516105583703,0.285,0.276
2026,Joc Pederson,-0.28678739495931693,-1.0970296438903557,0.1414842795683996,95.71927607546695,0.339,0.362
2026,Joe Mack,0.9399412123798644,-0.20177322157160382,0.5097368830584751,106.46029251283551,0.294,0.315
2024,Joey Bart,1.6651625611935488,0.10242858294282765,0.3071635665514385,110.90748244780099,0.337,0.347
2025,Joey Bart,1.1367701270054948,-0.20306263882925393,0.2771509405483174,106.89442720434975,0.355,0.317
2026,Joey Bart,1.416439101181034,-0.5194370554626416,-0.7507378562776421,104.5172991643608,0.304,0.307
2023,Joey Gallo,1.1154744323498862,-3.2175983689800103,0.6253003488890676,99.46932349840016,0.301,0.32
2024,Joey Gallo,0.09521716964412455,-2.466686039738493,0.9191214010659102,96.5092039415068,0.277,0.276
2024,Joey Loperfido,0.34017318818375114,-1.2893481944436938,-1.0601512052296196,95.17839332644712,0.264,0.268
2025,Joey Loperfido,0.21481123201318078,-0.8856731421896662,0.31888267466917264,99.7637325547264,0.379,0.381
2026,Joey Loperfido,-0.3019947743891415,-0.6916855663668162,-0.15228144944005936,95.86126140207836,0.314,0.289
2023,Joey Meneses,-0.48825476071976176,0.6810739768074688,-0.2648275245949944,98.24222212760415,0.321,0.314
2024,Joey Meneses,-0.5171728767049416,0.4549615149635008,-0.13989465114145247,97.82693879492776,0.291,0.264
2024,Joey Ortiz,0.7911149495862454,1.348973998872484,0.5548689517416592,110.03236883520279,0.329,0.319
2025,Joey Ortiz,0.08690941999112552,1.4258360853919934,-0.6232734416378511,102.56391584726131,0.276,0.263
2026,Joey Ortiz,0.2809547704208,1.1448790191610765,-0.048668138258298924,104.66185038350358,0.305,0.294
2023,Joey Votto,-0.7818187486036974,-1.4351173903851093,0.6215476458131559,93.36167079277523,0.314,0.326
2023,Joey Wendle,-1.04276451561164,0.5644368684639092,-0.8695031949791238,92.85273601902409,0.248,0.242
2023,Joey Wiemer,0.03363677329612371,-1.371049600321008,-0.22765315374022727,95.70078083999474,0.283,0.284
2023,Johan Rojas,-0.37952735779978564,0.6631097541751185,-1.5945396330633927,94.77984310049862,0.342,0.335
2024,Johan Rojas,0.011709436051070074,0.47760533830690677,-0.701686777591941,99.25804616791856,0.279,0.265
2025,Johan Rojas,-0.5366119136163933,0.6452629212326138,-0.5286951117997087,97.05880482916726,0.28,0.254
2025,John Rave,0.8170155969503569,0.4420999788611155,1.0980070508505262,109.3203246155743,0.283,0.267
2023,Jon Berti,0.022764033004125946,0.6671082998342062,1.1001411828340821,105.32938147856693,0.344,0.325
2025,Jon Berti,-0.04632163419851525,-0.2135518069912028,0.3603916345017225,100.23459119666205,0.262,0.226
2023,Jon Singleton,-0.200127142981825,0.4123661193165884,1.0205212962510495,103.0837569113942,0.267,0.244
2024,Jon Singleton,0.15645617427903125,-0.6784831041391881,1.0458998542478595,102.21049933186917,0.321,0.312
2023,Jonah Bride,-0.5806730532017415,0.8818037677816687,0.7215939519239633,101.2620215570677,0.286,0.237
2024,Jonah Bride,-0.8901740867539182,1.3248168580757271,0.9845776595237722,101.48981210144643,0.357,0.351
2025,Jonah Bride,-0.9949267400287576,0.23199261146734398,1.116518413525341,98.25091171227753,0.248,0.203
2023,Jonah Heim,-0.9720917037136555,0.4030596341991579,0.11827219730003781,95.82137737010314,0.318,0.325
2024,Jonah Heim,-0.6285165214956809,0.803180597190597,-0.07025032349156629,98.3566688173008,0.267,0.265
2025,Jonah Heim,-0.9416343183529012,-0.19350542911261417,0.17853607824872095,94.52745518509082,0.271,0.266
2026,Jonah Heim,-0.6162806159388491,-0.18925431080985813,-0.09783340879822097,95.59159758762168,0.281,0.31
2025,Jonatan Clase,-0.035663149863344026,-0.40680498139792914,0.7941888321423707,101.0803355792867,0.288,0.267
2023,Jonathan Aranda,-0.11314522064584422,-0.7669213225726433,0.1930195617284617,97.8019163492474,0.34,0.312
2024,Jonathan Aranda,-0.6619196149329026,0.6318350718810646,0.3272078374424782,98.89624293984663,0.308,0.32
2025,Jonathan Aranda,-0.47799024977295135,-0.031249675485805872,0.1117289541577873,97.47198172477674,0.393,0.381
2026,Jonathan Aranda,-0.692317513087972,0.350696920170683,0.5688845339777084,98.6748985154685,0.377,0.358
2023,Jonathan India,0.2456552089900771,0.3679341705019378,1.357612202739622,106.57986257773725,0.338,0.327
2024,Jonathan India,0.05624689396736583,0.7442239476926986,1.577155972254863,107.18923110174973,0.357,0.333
2025,Jonathan India,0.04960472481802614,0.774599339050087,1.0156716142191582,105.52669604513584,0.323,0.301
2024,Jonny DeLuca,-0.5505759701421634,0.43248924421882223,-1.5271191733732539,93.35008986975132,0.278,0.269
2026,Jonny DeLuca,0.6459318767365897,0.12593161266091485,-0.6936928174810211,101.99736404118545,0.293,0.311
2026,Jorbit Vivas,-1.1181241371230597,1.198329026250817,0.48953174266807886,98.30664978195075,0.323,0.297
2024,Jordan Beck,-0.36685895623744347,-1.0755119245740519,-0.8336490533023606,92.34652867692932,0.245,0.231
2025,Jordan Beck,0.5398950042359043,-1.0862024662437018,-0.14139859964377471,99.6988894755223,0.317,0.319
2023,Jordan Diaz,0.6805648206699816,-0.03800033779519655,-1.5746006999004218,99.06437531128371,0.273,0.278
2023,Jordan Walker,1.8113298110377332,-0.15839427281134463,-0.7733451744414275,107.74754133392766,0.342,0.341
2024,Jordan Walker,2.850972378214922,-0.8921006997897116,-0.6844383352085673,112.03249588645035,0.253,0.268
2025,Jordan Walker,2.9433832218170237,-1.1436110784311357,-1.3182213763612094,109.94460567738025,0.278,0.26
2026,Jordan Walker,3.063905206078695,-0.632653131886151,-0.8365619407589003,113.52822423091389,0.344,0.363
2023,Jordan Westburg,-0.6730913456837212,-0.014824075213694558,0.24575073313112228,96.79002988145271,0.311,0.309
2024,Jordan Westburg,-0.5672775168607742,-0.3163761845244302,-0.08882380347056423,95.55158575216623,0.312,0.34
2025,Jordan Westburg,-0.5845750931246639,-0.8435902699901593,0.293492606815976,95.15186528953602,0.313,0.332
2026,Jorge Barrosa,-1.097847631216627,0.013017903443155896,0.06668078948895498,93.85098342922572,0.27,0.272
2023,Jorge Mateo,0.6370738595019912,0.059226582379203786,-0.7004455139014026,101.74028422239748,0.267,0.265
2024,Jorge Mateo,0.04511252948829195,0.37699199446066817,-0.19509625230217106,100.7145037466737,0.267,0.286
2026,Jorge Mateo,0.5242728412979932,-0.3661665426717102,-1.8114614561755433,96.52428500665411,0.285,0.292
2023,Jorge Polanco,-0.5698003129097439,0.2602524061298541,0.49342595409983175,98.90739083196524,0.335,0.34
2024,Jorge Polanco,-0.7287258018073463,-0.5112138951801918,0.7593257482516474,96.6520374714993,0.296,0.287
2025,Jorge Polanco,-0.43535631243226625,0.5163685245235826,0.32736190403604654,99.89477306316894,0.326,0.35
2026,Jorge Polanco,-1.072501998833586,0.7014038685749306,0.4555392043989711,97.09055710854574,0.202,0.192
2023,Jorge Soler,2.2353666824256404,-0.04380599685240832,0.6313537283308394,114.80597378393324,0.341,0.361
2024,Jorge Soler,1.9657904021285446,-0.24510616157537843,-0.003113141086467631,110.74898245920012,0.338,0.34
2025,Jorge Soler,0.9982098306482683,-0.7420978987016632,0.3027164185672758,104.67104419905966,0.293,0.298
2026,Jorge Soler,1.3505404569851276,-1.980580097839182,-0.18763780255751447,101.79466193196878,0.295,0.297
2023,José Abreu,1.1589653935178763,0.19900669656066539,-1.0227703625158835,104.18407196112969,0.296,0.295
2024,José Abreu,0.5795620244838404,-0.21684250373157227,-0.38584738608762553,101.59707094479381,0.167,0.164
2023,Jose Altuve,-0.2436181041498155,1.2162557656443962,-0.5449776077870173,100.2976493920284,0.393,0.393
2024,Jose Altuve,-0.450366689830498,0.800450532486522,-1.6991862896161176,94.43019468610802,0.35,0.344
2025,Jose Altuve,-0.6218797882977634,1.1060199503446446,-1.7537683954305194,94.11362157841172,0.329,0.331
2026,Jose Altuve,-0.8089074220499602,0.5911258998519145,-1.0672705064645445,93.68584177048798,0.297,0.301
2023,José Azócar,-0.7492005277277045,0.3638088671183018,-2.5509893048134287,88.88911100891666,0.278,0.28
2023,José Caballero,-0.07509062962385242,0.5051142608770036,-0.15525908650345396,100.49160283876384,0.343,0.305
2024,José Caballero,-0.31118713384207386,-0.16092758866227538,-0.7714280385112846,95.39619863043161,0.283,0.277
2025,José Caballero,-0.6431967569681059,0.2377416627963244,-0.062141557925824535,96.7277660956306,0.339,0.309
2026,José Caballero,-0.910289951582124,-0.3908040934464917,-1.1632637287447098,90.0806852092041,0.289,0.292
2024,Jose F Miranda,-0.3056199516025369,1.0385886145053773,-1.6717483831874709,96.01633045764784,0.322,0.328
2026,José Fermín,-1.128262390076276,1.6008199778878882,1.1600334407157102,101.40367810111553,0.31,0.301
2026,Jose Fernandez,1.066669374295069,0.485946023802855,-1.1206081172580784,104.14517574017268,0.289,0.283
2023,Jose Herrera,-0.9775280738596543,0.778373181881547,1.3259904091515027,100.50469324481773,0.296,0.256
2024,Jose Herrera,-1.101727011856323,0.03227423710752828,1.5701821443139174,98.45571368016911,0.29,0.271
2025,Jose Herrera,-1.1281577942183982,0.2146962370961007,1.7612422011737625,99.38907623441246,0.285,0.251
2024,Jose Iglesias,-0.6563524326933657,1.5010417672734178,-2.153607578515574,93.7921893735231,0.381,0.362
2025,Jose Iglesias,-0.7124769051467191,1.2907670629570809,-1.3640041160885032,95.28456299747104,0.298,0.268
2023,José Ramírez,-0.41758194882177724,1.749724454359396,0.1775471547947351,102.96294452394191,0.356,0.346
2024,José Ramírez,-0.12190293769781702,1.6097753056146056,-0.372892508331283,102.6207384048755,0.335,0.364
2025,José Ramírez,-0.33942995341572496,1.5620187578492282,-0.06220903318242101,102.16773366429103,0.36,0.359
2026,José Ramírez,-0.6619027542283228,1.431821375866665,0.1385525050046497,100.54105107044059,0.332,0.317
2023,Jose Siri,0.5990192684799995,-2.638499502550084,-1.6891345688826964,91.02940343196514,0.267,0.319
2024,Jose Siri,0.345740370423288,-2.526108303201061,-1.4374614171926596,90.63299592475012,0.255,0.271
2026,Jose Siri,0.6966231415026716,-2.872006351648842,-2.6687417910292144,87.96960529467209,0.319,0.336
2024,José Tena,-0.0829326620210583,0.6159254994657876,-1.287560716624071,97.3086417017513,0.298,0.286
2025,José Tena,-0.38206389075640995,0.6782827424463843,0.43476975899975834,100.98065702496032,0.314,0.296
2026,José Tena,0.8233513034178762,-1.0082720325296401,-0.3649182940872235,100.88436147336535,0.31,0.313
2023,Jose Trevino,-1.1134373275096245,1.5920559619996202,-1.6438553730868986,92.93574273149225,0.257,0.252
2024,Jose Trevino,-0.9625474558678988,1.223763417819765,-0.016399590893028223,97.74330523573762,0.288,0.284
2025,Jose Trevino,-1.0695361303749564,1.0941380741911715,-1.0424958795689394,93.63972884705728,0.272,0.271
2023,Josh Bell,0.44680090439203285,0.053464421295666795,0.5440775800474323,104.40321929269231,0.325,0.323
2024,Josh Bell,-0.33902304503975866,-0.00774113207423677,0.09413885316523046,98.2922661240864,0.319,0.317
2025,Josh Bell,0.6518090897552022,0.1109325129052443,0.5760415541535747,105.85270486980862,0.325,0.324
2026,Josh Bell,0.022429320113782566,-0.12012296820478234,-0.23742290810347688,99.07508710588905,0.304,0.312
2023,Josh Donaldson,0.7675467430059626,-0.8663578763821991,0.9743452010133581,105.02749082117096,0.249,0.284
2023,Josh Harrison,-1.1134373275096245,-0.1496579127630822,0.12220397419716587,93.47802870743142,0.263,0.248
2023,Josh Jung,-0.41758194882177724,-0.26725131381559936,-1.3398308564686314,92.75307980011057,0.315,0.334
2024,Josh Jung,-0.3557245917583696,-0.4769027511289935,-1.6251751692340657,91.66350691532504,0.298,0.311
2025,Josh Jung,-0.9309758340177299,0.24251317493304528,-1.0150123396537225,92.16772817982873,0.294,0.298
2026,Josh Jung,-0.8089074220499602,1.5140168936458127,-0.21168325832801463,98.8481656251664,0.361,0.352
2023,Josh Lowe,1.082856211473893,-0.38099145409844265,-0.9226241642311375,102.43735211303571,0.335,0.354
2024,Josh Lowe,0.6519353935978213,-0.5389367715284155,-0.7003934568962238,100.16800860875038,0.302,0.299
2025,Josh Lowe,0.2574451693538657,-0.8232026749165721,-1.6079330354738401,94.3233647756019,0.283,0.284
2026,Josh Lowe,0.8182821769412679,-0.9000025545269996,-1.569913147103435,97.48934095270317,0.255,0.264
2023,Josh Naylor,0.8382195549039468,1.4541232068061898,-1.8150058663764537,103.38851795853441,0.354,0.354
2024,Josh Naylor,0.6408010291187471,0.6393535491058576,-0.9557712413247311,102.59411520638834,0.32,0.332
2025,Josh Naylor,-0.2594913209019405,0.8098111656272158,-1.6421108769552721,95.74042157408316,0.353,0.351
2026,Josh Naylor,-0.8139765485265684,0.9946261096278568,-0.8479012278596187,95.44274539525298,0.323,0.303
2023,Josh Rojas,-1.0645099961956352,0.3315636528463955,0.519277695999368,96.30527154462554,0.303,0.284
2024,Josh Rojas,-1.1239957408144707,0.10607239555497196,1.0730574998549238,97.01847214889531,0.304,0.286
2025,Josh Rojas,-1.0695361303749564,0.21403242517927615,1.0910697887410106,97.68955844549951,0.252,0.232
2023,Josh Smith,-0.8416188202096841,0.8643655696315782,0.7729524194077562,99.85155258708721,0.304,0.287
2024,Josh Smith,-0.7955319886817899,0.31513855137969893,0.5321084181759408,97.86383696658443,0.337,0.323
2025,Josh Smith,-1.0109144665315144,0.8181294104371112,0.6308242838378905,98.30587760521638,0.335,0.311
2026,Josh Smith,-1.097847631216627,0.5047188355521576,-0.3665831513113843,93.89657495331465,0.296,0.26
2023,Joshua Palacios,0.03363677329612371,-0.28703812328563294,-0.32232582622982586,98.41909875291678,0.279,0.297
2025,Joshua Palacios,-0.009016939025415874,-0.3168264090021044,-0.08354834180035402,98.81469991747834,0.292,0.271
2023,Juan Soto,1.5014567127158014,0.7775048396926703,1.7839439237885015,116.3197601391553,0.41,0.395
2024,Juan Soto,2.1161043225960428,0.14825470825235837,1.7450699532373102,118.03278670871033,0.419,0.421
2025,Juan Soto,0.9715636198103401,0.09879714640753624,1.8048189073568948,111.41772702007118,0.396,0.39
2026,Juan Soto,0.10353534373951345,0.2571539649861171,1.7986310074460146,106.78734021438014,0.408,0.401
2024,Juan Yepez,-0.5283072411840155,0.7508389921111912,-0.12798034302193043,98.61896487201419,0.335,0.331
2023,Julio Rodríguez,2.69202177468954,-0.08499114683585564,-1.3717718723955308,111.25502448465517,0.333,0.347
2024,Julio Rodríguez,2.3220900654589105,-0.7134935692201918,-1.409452658331037,107.24484788773512,0.325,0.321
2025,Julio Rodríguez,2.19196007618745,-0.4508537926674987,-1.3593404478317033,107.36850698463412,0.324,0.341
2026,Julio Rodríguez,2.1768080726722623,-0.03868870181184087,-1.8560020649817144,106.91248878551352,0.314,0.321
2024,Jung Hoo Lee,-0.450366689830498,2.1442019769575706,0.7462863067705898,105.596398869052,0.31,0.284
2025,Jung Hoo Lee,-1.058877646039785,1.6773167183273758,0.8432956082395676,101.05598503798521,0.327,0.32
2026,Jung Hoo Lee,-1.1130550106464516,1.8854784658433605,0.11185508324057308,99.09288669065504,0.335,0.335
2024,Junior Caminero,2.74519591566372,-0.6951769899203567,-1.4740253615219616,109.56110319257071,0.299,0.309
2025,Junior Caminero,3.097931244677007,-0.05878844349972541,-0.565913182881858,116.14108682757215,0.311,0.357
2026,Junior Caminero,3.2413246327599814,0.7073064831860603,-0.10024905609537536,120.51670585071281,0.37,0.388
2023,Jurickson Profar,-0.03703603860186081,0.7114283471480631,0.7246230232143335,103.96195305170926,0.321,0.304
2024,Jurickson Profar,0.08408280516505066,1.0300005903062979,0.8522830010149676,105.93856972982155,0.38,0.365
2025,Jurickson Profar,-0.24350359439918356,1.279559059174404,0.46595308590322576,103.54929458573424,0.353,0.346
2026,Justin Crawford,-1.0015342281610713,0.9042610945412755,-0.8689232736072512,94.03685085773533,0.306,0.288
2026,Justin Foscue,-0.8089074220499602,0.19371089387319163,0.43161135166444115,97.14352193044661,0.326,0.351
2023,Justin Turner,-1.0862554767796304,1.327014217142987,0.36616674925612014,98.47367246907632,0.345,0.346
2024,Justin Turner,-1.1239957408144707,1.1168669211029505,0.4814085932558012,98.02185134370838,0.354,0.327
2025,Justin Turner,-1.1068408255480557,0.9810758655862796,0.6766327192349978,98.33897926363284,0.288,0.268
2024,Justyn-Henry Malloy,-0.9068756334725292,-1.832525622384007,0.466392376839136,91.05985622680244,0.291,0.291
2025,Justyn-Henry Malloy,-0.771098568990161,-0.9340825493112911,1.4623011272509916,97.37129594330204,0.346,0.301
2025,Kameron Misner,0.5239072777331472,-1.2472070108032498,-0.063994566348341,99.39481890303408,0.273,0.272
2026,Kazuma Okamoto,0.5698949795874668,-1.4763926167819774,0.3375920783705872,100.24848856906613,0.308,0.331
2023,Ke'Bryan Hayes,-0.004417817725868087,1.237474250991645,0.18302439957578776,103.96301625940019,0.309,0.324
2024,Ke'Bryan Hayes,-0.07736547978152125,1.6023160770938851,0.13237003261609823,104.39629046529929,0.283,0.256
2025,Ke'Bryan Hayes,-0.5792458509570784,0.9289516519677092,0.41452781714998155,100.46693709720057,0.29,0.266
2026,Ke'Bryan Hayes,-0.9407047104417731,0.9081798490743224,0.1224377514015688,97.417547041159,0.196,0.194
2023,Keibert Ruiz,-0.9884008141516519,1.8956758895409496,-1.0721094753946185,96.24466958951552,0.308,0.31
2024,Keibert Ruiz,-1.112861376335397,1.9740068743725356,-1.6653974784505892,93.93283746484256,0.26,0.268
2025,Keibert Ruiz,-1.1494747628887407,2.089695326112326,-1.7934962736346687,93.6509428615383,0.277,0.262
2026,Keibert Ruiz,-1.2448522990382642,1.913332424214543,-1.3620220199684019,93.9194780709797,0.297,0.32
2023,Kerry Carpenter,-0.6187276442237332,0.16100330751573075,-0.7119208156514553,94.68058619689918,0.34,0.347
2024,Kerry Carpenter,-0.36685895623744347,-0.4899104720014985,-0.0762082878887971,96.27485763272922,0.345,0.39
2025,Kerry Carpenter,-0.23284511006401232,-0.04065670634531784,-0.3581237880412045,97.44293330730855,0.291,0.335
2026,Kerry Carpenter,-0.423653809827738,-0.917257664802719,-0.9802885303399735,92.00885097361106,0.276,0.3
2023,Ketel Marte,0.6805648206699816,0.7318961575163062,0.6285844962298541,107.90200889148929,0.358,0.361
2024,Ketel Marte,1.0750412438026302,0.5148885595666428,0.551795147898467,109.36188204237834,0.372,0.391
2025,Ketel Marte,1.2113795173516935,0.3877669117967179,0.44619296991115476,109.48137433171915,0.376,0.381
2026,Ketel Marte,1.0413237419120283,0.6533188020225824,-0.08009061886332196,107.62730523828505,0.306,0.325
2023,Kevin Kiermaier,-0.819873339625689,-0.606512968662484,0.6146674159684254,95.41731252034747,0.322,0.32
2024,Kevin Kiermaier,-0.5450087879026264,-1.6262058415970313,-0.09914575859229947,92.01716084881068,0.237,0.241
2026,Kevin McGonigle,-0.3678934185850478,0.9183258846114168,1.6978072413024923,105.57119801744405,0.388,0.359
2023,Kevin Newman,-1.1134373275096245,1.7818321414161498,-0.10153809165280862,98.15403890046092,0.311,0.296
2024,Kevin Newman,-1.0237864605028053,1.2773868529956252,-0.3956644274185929,96.38190759428768,0.311,0.298
2025,Kevin Newman,-1.0642068882073705,1.420015519711675,-0.7390683887586194,95.49758170815839,0.209,0.209
2023,Kevin Pillar,-0.1946907728358263,0.018286546691853246,-1.587335951246631,94.08894307369334,0.248,0.28
2024,Kevin Pillar,-0.8512038110771595,0.6869096656134992,-1.7289083558765999,91.69256383026476,0.291,0.293
2023,Kevin Smith,-0.9557825932756592,-0.8849054483736882,-2.2865833909081603,85.02834786880867,0.22,0.236
2024,Kody Clemens,-0.929144362430677,0.16222768178790298,-0.4015211660099951,93.82206737500883,0.258,0.301
2025,Kody Clemens,-0.2701498052371117,0.1080164401083473,0.36128915328781014,99.82676410772368,0.281,0.307
2026,Kody Clemens,-0.6010732365090246,-0.09587658879188458,-0.14809327851663145,95.78615273709171,0.301,0.336
2023,Kole Calhoun,-1.0590736260496365,0.8329227667315483,-0.10569040003819866,95.8260850936686,0.282,0.286
2023,Kolten Wong,-0.8307460799176866,0.7248935937505082,0.4266154948277243,98.47440051997462,0.256,0.236
2026,Konnor Griffin,1.6445497926284023,-0.6282819925558849,-1.0161934382207105,104.73516864325454,0.332,0.324
2024,Korey Lee,-0.3891276851955914,-1.707259034701508,-0.8413923638562072,90.44135183016083,0.244,0.257
2023,Kris Bryant,-0.7111459367057128,0.05828424783852913,0.6719479113319399,98.06792005851187,0.313,0.302
2024,Kris Bryant,-1.0182192782632684,-1.5515095225299154,-0.5185632235167229,88.19494319855501,0.323,0.287
2025,Kristian Campbell,0.8756372607937989,-0.5188813923064308,0.6088860635597773,105.50831206415273,0.319,0.299
2023,Kyle Farmer,-1.0536372559036375,1.146272850700567,-0.5467392124641687,95.38499922341508,0.317,0.316
2024,Kyle Farmer,-1.079458282898175,0.6779820434611793,-0.7347647761223367,93.36402376417874,0.293,0.285
2025,Kyle Farmer,-1.133487036385984,0.7204798206650677,-0.25700353873321036,94.62093917391736,0.28,0.282
2023,Kyle Higashioka,0.22934609855208063,-0.2540781023526265,-0.3096426340599492,99.6878532452048,0.274,0.293
2024,Kyle Higashioka,-0.22211221800948242,0.022424252458177484,-0.2247990254857781,98.08592463438943,0.263,0.314
2025,Kyle Higashioka,-0.6911599364763765,0.4377647923902544,0.0049851112088775155,97.20762758327594,0.291,0.301
2026,Kyle Higashioka,-0.6872483866113637,-0.1412511065313902,0.34406684875776455,96.65612444904117,0.306,0.303
2023,Kyle Isbel,-0.6024185337857367,1.0868422584740618,0.1443510917797425,99.94806531696058,0.282,0.286
2024,Kyle Isbel,-0.5617103346212373,1.3900440657206434,-0.20765162553958613,99.95496161343071,0.287,0.286
2025,Kyle Isbel,-0.7231353894818904,1.424547263353868,0.3437008852027908,100.78868237194317,0.301,0.287
2026,Kyle Isbel,-0.34761691267861516,1.6789910166149706,-0.25316144472055213,101.86359141493898,0.298,0.289
2025,Kyle Karros,-1.0695361303749564,-0.3086942866658153,0.4923172595767255,94.41835799744574,0.308,0.268
2026,Kyle Karros,-0.910289951582124,0.17941178264407892,0.7762835378483794,97.56250740294867,0.362,0.347
2024,Kyle Manzardo,-0.44479950759096104,-0.5671529311377044,0.12677175403151278,96.22462952762811,0.282,0.303
2025,Kyle Manzardo,-0.7817570533253323,-0.3798254093855055,0.32881631197399236,95.39817182557165,0.313,0.329
2026,Kyle Manzardo,-0.9407047104417731,-1.1244033191428326,0.028647016935253043,91.49518464261631,0.305,0.304
2024,Kyle McCann,0.8801898654188365,-3.51682006695414,0.8632217141671413,97.99424246062074,0.318,0.304
2023,Kyle Schwarber,2.893167470091496,-1.1052777449279034,1.2270233777932438,117.50178341145747,0.343,0.35
2024,Kyle Schwarber,3.151600219149918,-1.222399883564305,1.2015966715839352,118.60333774620442,0.366,0.366
2025,Kyle Schwarber,2.906078526643924,-1.4874701739470155,0.8569418819911782,115.39111135830319,0.365,0.391
2026,Kyle Schwarber,2.5164395466050107,-1.2345703891296818,0.5303575195655403,112.83179736027591,0.365,0.388
2024,Kyle Stowers,0.6797713047955061,-1.5775250885234777,-0.7345589047153331,97.3456845727782,0.268,0.265
2025,Kyle Stowers,1.5577802582447595,-1.2818953834764142,0.07687937973669605,105.74290658970557,0.368,0.386
2026,Kyle Stowers,1.5127525042365897,-1.3380741239804057,-0.4346509640842296,103.76894453364315,0.317,0.33
2025,Kyle Teel,-0.6591844834708628,-0.9841182765666419,0.9718284402840413,96.39161850447258,0.375,0.349
2023,Kyle Tucker,0.11518232548610581,0.984066196071292,0.9642157239201611,106.33265273073876,0.369,0.372
2024,Kyle Tucker,0.1007843518836616,0.6191538700965966,1.5683000248442016,107.07457570146445,0.408,0.419
2025,Kyle Tucker,0.05493396698561184,0.37223293189337014,1.7205173364669024,106.58606455565628,0.377,0.363
2026,Kyle Tucker,-0.2513035096230597,0.041797304159257656,0.7776465899214446,101.01940378172108,0.333,0.315
2025,Kyren Paris,0.6784553005931304,-3.6046528711979002,-0.42196373332520604,92.66708727906162,0.266,0.283
2023,LaMonte Wade Jr.,0.305455280596064,0.34949005210945516,1.5464716425282152,107.45120708448638,0.373,0.347
2024,LaMonte Wade Jr.,0.2733670013093074,0.14400080156906156,1.5006156990443364,106.55510511984704,0.38,0.337
2025,LaMonte Wade Jr.,-0.7870862954929179,0.20190200004382658,1.6610882476900781,101.03347891390115,0.271,0.241
2023,Lane Thomas,-0.18925440268982743,0.6212729896831982,0.07374742728037754,100.84614830405197,0.315,0.334
2024,Lane Thomas,-0.23324658248855631,0.25120171818389425,0.8080231776806743,101.79762975805723,0.309,0.309
2025,Lane Thomas,-0.030333907695758323,-1.3201946456907623,1.1664379249651782,99.71065131978047,0.246,0.235
2026,Lane Thomas,-0.05867670351194851,0.5284781342144534,1.2815395693527183,105.02288340776848,0.324,0.319
2023,Lars Nootbaar,0.13149143592410206,1.0184628826349367,1.8677910925908807,109.27176807760345,0.367,0.344
2024,Lars Nootbaar,0.3958450105791208,0.8021864010543898,1.7641006326570223,109.89469402168567,0.342,0.331
2025,Lars Nootbaar,0.7956986282800145,0.6250844943958027,1.1154099748992794,109.75670903421744,0.325,0.304
2026,Lars Nootbaar,0.41275205881261295,0.5023769252876938,1.737900918127862,109.08189376778498,0.352,0.325
2023,Lawrence Butler,1.180710874101872,-0.16865203782853733,0.3478854495270822,107.46072050044738,0.24,0.251
2024,Lawrence Butler,1.2309223465096655,-0.4043957058043082,0.4291562363797064,107.34632545489538,0.317,0.345
2025,Lawrence Butler,0.8756372607937989,-1.083209369302968,0.3748962191520917,103.23140548485472,0.306,0.31
2026,Lawrence Butler,0.605378864923724,-0.7068341207585477,1.0083390407719004,104.6297230860057,0.305,0.283
2023,Lenyn Sosa,-0.2653635847338107,0.3978794067770842,-1.5154318919408336,94.9492062813322,0.224,0.241
2024,Lenyn Sosa,-0.22211221800948242,1.037625062523879,-1.67838830152651,96.47935941565905,0.283,0.28
2025,Lenyn Sosa,0.1881650211752526,0.9658047089846372,-2.297544170707225,96.78385644985765,0.293,0.313
2026,Lenyn Sosa,-0.11443709475463847,1.0629475883342956,-3.4828758537354663,91.68656117451698,0.207,0.213
2024,Leo Jiménez,-0.8289350821190117,-0.3927658379131997,0.03826937759220465,94.20388037926364,0.329,0.308
2026,Leo Jiménez,-0.43886118925756257,-0.11037474596871501,0.7415735326280445,99.39630992980311,0.312,0.281
2025,Leo Rivas,-1.058877646039785,-1.2871227604750601,2.8765713269322317,99.02015859608501,0.387,0.333
2026,Leo Rivas,-1.2600596784680889,-0.2613984439353603,1.8312783994183706,97.5142787016474,0.263,0.217
2023,Leody Taveras,-0.29254543546380474,0.2355659177811085,0.21099099905213534,99.59295792627094,0.312,0.316
2024,Leody Taveras,-0.3501574095188327,-0.042561320349231435,0.35923849745447584,98.9373880258864,0.289,0.282
2025,Leody Taveras,-0.3021252582426256,0.7683840324973435,-0.4699189832089782,98.94345968770172,0.226,0.23
2026,Leody Taveras,0.11367359669272997,0.03393025806248089,0.22396499113323334,101.43686342747931,0.31,0.295
2025,Liam Hicks,-1.0642068882073705,1.402788367158152,1.8648708187572882,103.37141683075313,0.346,0.313
2026,Liam Hicks,-1.0420872399739367,2.128203884702596,0.8418304100838985,102.3996863837153,0.358,0.348
2023,Liover Peguero,0.41961905366203883,-0.5099372906094334,-0.14490286504235722,100.58656399709025,0.28,0.284
2023,Logan O'Hoppe,-0.6785277158297199,-0.924187856224512,-0.36913796164800583,92.36583391103265,0.296,0.337
2024,Logan O'Hoppe,-0.20541067129087148,-1.073473196093912,-0.8817375270371559,93.1452981769971,0.303,0.311
2025,Logan O'Hoppe,-0.1262602667122997,-0.9224938439654463,-0.9634346035098276,93.77602588554942,0.258,0.273
2026,Logan O'Hoppe,0.0325675730669989,0.22573032505423438,-0.9794407705493815,97.83590467877336,0.27,0.255
2023,Lourdes Gurriel Jr.,-0.8524915605016817,1.3074497764166932,0.03920375491959237,98.7849251098517,0.309,0.329
2024,Lourdes Gurriel Jr.,-0.6452180682142917,0.8329883161826649,-0.7518063549485091,96.2687497785142,0.322,0.327
2025,Lourdes Gurriel Jr.,-0.6911599364763765,0.8034377264242354,-0.800364393011488,95.7717556094971,0.295,0.307
2026,Lourdes Gurriel Jr.,-0.7278013984242292,0.8898810655982592,-1.303550832746795,94.26751275805476,0.254,0.242
2023,Luis Arraez,-1.1025645872176268,2.543309624033891,-0.059385822634462904,100.45737025576442,0.393,0.369
2024,Luis Arraez,-1.1573988342516925,2.6141241445841836,-0.5888681465304076,98.72392987649242,0.346,0.323
2025,Luis Arraez,-1.1814502158942546,2.972066016640569,-0.6033025474757747,99.53276485191,0.327,0.313
2026,Luis Arraez,-1.2600596784680889,2.0820359992181734,0.11498200717032274,98.79215298517398,0.366,0.351
2023,Luis Campusano,-0.8035642291876925,1.1536860595106289,-1.08445584129322,95.22481943179993,0.356,0.364
2024,Luis Campusano,-0.773263259723642,0.675920181044204,-1.1228666958884306,93.95927235293556,0.281,0.282
2026,Luis Campusano,-0.20568137133358588,-0.09391649302338739,0.06781510370043299,98.7490581288999,0.393,0.391
2023,Luis García Jr.,-0.12945433108384047,1.6004056542056344,-0.4971289208994341,102.17286679943533,0.304,0.297
2024,Luis García Jr.,0.08408280516505066,0.95580927444165,-1.0714544728056599,99.88048616878345,0.318,0.328
2025,Luis García Jr.,0.28942062235937954,0.9332336277296107,-1.2451394611684898,100.48428358939358,0.289,0.3
2026,Luis García Jr.,0.7270379003623207,1.2214860576308548,-1.318423998594473,103.60709548852081,0.312,0.365
2023,Luis Guillorme,-1.1134373275096245,1.4074586578439892,1.2153958389038333,101.12210538509581,0.288,0.269
2024,Luis Guillorme,-1.112861376335397,1.0729701846166497,1.0180381756541175,99.59741329126132,0.301,0.263
2023,Luis Matos,0.03363677329612371,1.3887022525436425,0.6655912879017449,106.07189594460488,0.319,0.295
2024,Luis Matos,-0.15530603113503888,1.7556335713703461,-1.4219707050697166,99.63942336944,0.237,0.25
2025,Luis Matos,0.0016415453097555384,1.332277981342461,-2.0065086674744337,97.600275958206,0.266,0.296
2023,Luis Rengifo,-0.36865461750778805,0.2424628276652327,0.1916373776424806,99.11035699752324,0.339,0.339
2024,Luis Rengifo,-0.5060385122258676,0.6447899890953029,-0.9916148841905351,95.82711049564212,0.347,0.335
2025,Luis Rengifo,-0.813732506330846,0.4330772596887573,-0.18256364889876117,95.91086835414524,0.287,0.275
2026,Luis Rengifo,-0.32734040677218246,0.7073847828403901,0.06184616870452189,100.24528771438791,0.304,0.274
2023,Luis Robert Jr.,2.2734212734476316,-0.8706229410434143,-1.8982563501813055,105.03886818774808,0.315,0.358
2024,Luis Robert Jr.,1.4591768183306812,-1.119592431769777,-0.7342009840477062,103.15184983174602,0.278,0.285
2025,Luis Robert Jr.,1.856217819629555,-0.6568306942963181,-0.8090714362661758,106.5177115140797,0.297,0.289
2026,Luis Robert Jr.,2.0500799107570575,-0.06451842330659009,0.04753499398449121,111.8943426524073,0.302,0.289
2024,Luis Torrens,-0.5895462458189221,0.41047055876269917,0.5539852274271599,99.39333312748536,0.292,0.292
2025,Luis Torrens,-0.728464631649476,0.14078784316519774,0.0437031805246122,96.28473517133497,0.284,0.278
2026,Luis Torrens,-0.8443913073862176,0.5147371939984839,-0.39653727525108307,95.30800342535788,0.283,0.271
2023,Luis Urías,-0.9449098529836614,-0.24342164997361773,0.9782030031045194,96.80268005704657,0.337,0.298
2024,Luis Urías,-0.8957412689934551,0.19958865816021715,0.537972490892973,96.97813666965936,0.303,0.309
2025,Luis Urías,-0.7870862954929179,1.5648488388730173,0.8235326813904038,102.26540615789652,0.315,0.293
2025,Luisangel Acuña,-0.2594913209019405,1.010568142601194,-0.9304498244727613,98.46217816770015,0.293,0.258
2026,Luisangel Acuña,0.1592957349822036,0.3200822598673999,-0.4815771197800962,100.34954225776653,0.277,0.251
2025,Luke Keaschall,-1.0855238568777132,0.9370350976260726,1.2068895752947395,99.95400372749549,0.382,0.363
2026,Luke Keaschall,-0.7582161572838784,1.0031738530054946,1.1441028832270999,101.85090494821007,0.352,0.314
2023,Luke Maile,-0.9612189634216579,-0.2589821077752614,0.4670567035049944,95.1096377370305,0.308,0.307
2024,Luke Maile,-1.0961598296167858,-0.26466711520160713,0.8361610795033458,95.4315760776667,0.268,0.241
2023,Luke Raley,2.181002980965652,-1.311630617315254,0.0475551974438664,109.19753672170505,0.333,0.353
2024,Luke Raley,1.6373266499958639,-1.2858173576907383,0.29739087151832205,106.86571324079499,0.32,0.339
2025,Luke Raley,0.8223448391179426,-2.4630862810451393,-0.10378163414466314,97.63823759263944,0.319,0.291
2026,Luke Raley,1.6496189191050106,-2.080502622360968,-1.0811485282785092,100.53956458333042,0.286,0.314
2023,Maikel Garcia,-0.847055190355683,0.4653446046183764,1.3906380282068926,100.592402558504,0.323,0.299
2024,Maikel Garcia,-0.5672775168607742,1.1616372176246568,1.0812736815648518,103.21024234504802,0.281,0.27
2025,Maikel Garcia,-0.2914667739074542,1.5469388736388685,1.1548459716076258,106.1074739776022,0.351,0.347
2026,Maikel Garcia,-0.25637263609966776,1.3768610116795716,1.37028342230793,106.49538710351975,0.32,0.307
2023,Manny Machado,2.469130598703589,0.24209173454199526,-0.03950621415034525,114.91818444550509,0.319,0.334
2024,Manny Machado,1.7431031125470662,0.1532448240547,-0.3399744402307219,109.53322011956665,0.325,0.34
2025,Manny Machado,1.0834777053296385,-0.24860729202299742,-0.1986022163495962,105.01070805980713,0.335,0.341
2026,Manny Machado,1.0007707300991628,-0.24977076004595317,0.23457280043874149,105.84402947828954,0.301,0.318
2023,Manuel Margot,-0.22730899371181904,0.227893216919878,-0.6079636460515602,97.45987105829089,0.31,0.299
2024,Manuel Margot,-0.06623111530244735,0.6033097622571093,-0.30112181380445635,100.3717437708161,0.289,0.276
2023,Marcell Ozuna,1.7569661095777451,-0.12136974707765465,-0.19179155595280414,109.30308215253167,0.346,0.381
2024,Marcell Ozuna,1.1752505241142959,-0.9238527001684406,0.19292233787615554,104.86310043599167,0.378,0.395
2025,Marcell Ozuna,0.46528561388970535,-0.19638448848696075,0.9594986981549967,105.08163957988123,0.355,0.334
2026,Marcell Ozuna,0.6104479914003322,-1.0488694280057553,0.6132127939735471,102.50860063695879,0.286,0.275
2025,Marcelo Mayer,0.9182711981344838,-0.13998218200296136,-0.4122017501670892,103.70088081318619,0.272,0.29
2026,Marcelo Mayer,1.1325680184909757,-0.2660044399451962,0.11994791392811087,106.21718043648312,0.282,0.267
2023,Marcus Semien,-0.847055190355683,0.9894145695920353,0.9365314237178243,100.66435746363123,0.348,0.354
2024,Marcus Semien,-0.934711544670214,0.7270002506537802,0.3227449294252695,97.5593146393101,0.308,0.306
2025,Marcus Semien,-0.9203173496825586,0.46217473422159555,0.5563355758997293,97.61924032874896,0.305,0.295
2026,Marcus Semien,-1.1688154018891415,0.1420434639102333,0.3286164078965166,94.59273042372648,0.267,0.273
2023,Mark Canha,-0.9394734828376627,0.9413974910540782,0.8597674635137676,99.75991316106506,0.355,0.333
2024,Mark Canha,-0.9514130913888249,0.3024380517241929,1.0578080967636365,98.52086411370105,0.344,0.31
2025,Mark Canha,-0.8403787171687742,0.25164402410468373,0.28569442544420526,96.67716668952887,0.272,0.244
2023,Mark Vientos,1.0502379905979002,-1.5881115540723825,-1.3635700794471692,97.5583792362787,0.253,0.267
2024,Mark Vientos,-0.0216936573861516,-1.408661075523536,-0.38763046076460567,94.78784675995627,0.322,0.356
2025,Mark Vientos,-0.424697828097095,-1.0716715042763008,-1.286085849627248,90.64424899997326,0.289,0.303
2026,Mark Vientos,0.19477962031846086,-1.2591241330043668,-1.1875315007639335,94.02871101042987,0.256,0.28
2023,Martín Maldonado,-0.287109065317806,-1.4936684693309263,-0.5118470738486678,92.6298502172703,0.258,0.266
2024,Martín Maldonado,-0.6229493392561438,-1.5697599536769489,-0.19516766423586446,91.4280822601145,0.174,0.181
2025,Martín Maldonado,-0.40871010159433807,-1.7156085510334955,-0.17487499050628566,92.33190849463686,0.245,0.251
2023,Masataka Yoshida,-0.042472408747859694,1.0242872743666198,0.4797090769232362,104.0529150986352,0.338,0.339
2024,Masataka Yoshida,-0.32788868056068476,1.5416050573186564,0.6453028879265079,104.33064181525906,0.349,0.336
2025,Masataka Yoshida,-0.06230936070127218,1.4104250468168709,0.44716986024037153,104.90939116569582,0.307,0.302
2026,Masataka Yoshida,-0.4844833275470362,1.6686816763395178,0.35764374640818414,102.89679454006216,0.34,0.322
2023,Masyn Winn,-0.8361824500636854,0.5770975255997255,0.5858388848446634,98.51726392222928,0.23,0.211
2024,Masyn Winn,-0.5338744234235524,1.0346981876297559,-0.015733544096026356,99.71528157136774,0.314,0.315
2025,Masyn Winn,-0.2914667739074542,0.955852392856607,0.4462066052434073,102.31239508796112,0.31,0.297
2026,Masyn Winn,-0.5301054658365099,0.2532411352999531,0.7738501121966319,99.97201246984426,0.315,0.288
2023,Matt Carpenter,-0.7165823068517116,-0.4396088244261528,0.9988342595638096,97.64990525142956,0.322,0.293
2024,Matt Carpenter,-0.9736818203469727,-0.44019382975957166,1.1283730288242946,96.54639313493578,0.314,0.303
2023,Matt Chapman,1.952675434833702,-1.3182113602666898,1.4516188722631085,112.1221245682773,0.33,0.328
2024,Matt Chapman,2.388896252333354,0.03520332885880179,0.6035435891682353,115.83382252027971,0.328,0.34
2025,Matt Chapman,1.499158594401318,-0.2334141648645018,1.0147720104502793,111.16282282342547,0.34,0.336
2026,Matt Chapman,1.8371765987395137,-0.24793240414192813,0.9298399341006816,112.83098455622148,0.324,0.308
2023,Matt Duffy,-1.069946366341634,0.42554005480462237,-0.33417921220293045,93.93791097670993,0.306,0.281
2023,Matt McLain,-0.5861094233477403,-0.20634086913137675,0.8321011952080122,98.5487801275771,0.357,0.37
2025,Matt McLain,-0.9256465918501443,-0.2085686928785722,0.46803085800869587,95.45939721050814,0.3,0.286
2026,Matt McLain,-0.6061423629856327,-0.43154976248718835,0.7604369839724479,97.58962158188817,0.293,0.282
2025,Matt Mervis,0.7477354487717438,-2.7812790259939435,-0.9428692130260522,93.76901497936034,0.254,0.274
2023,Matt Olson,1.5503840440297907,-0.9133516841066389,0.30397547401225633,107.41282984855492,0.389,0.413
2024,Matt Olson,0.9803991457305021,-0.3780532493740168,-0.0010697906221060296,104.65286071315785,0.333,0.339
2025,Matt Olson,0.9875513463130973,-0.7452661608163158,0.7616728307681615,105.99646069719944,0.366,0.366
2026,Matt Olson,1.3099874451722624,-0.05277075523523349,0.5453729107110349,109.13510062435914,0.341,0.369
2025,Matt Shaw,-0.5899043352922495,0.4678819719309667,-0.5240637580861285,96.27086814821814,0.295,0.3
2026,Matt Shaw,-0.8900134456756912,0.609260341100844,-0.6031242210727945,94.6762178202577,0.322,0.324
2023,Matt Thaiss,0.91432873694793,-1.8292871522157568,1.2207854121359474,103.96074704184984,0.319,0.295
2024,Matt Thaiss,0.13418744532088325,-2.7659389762162307,1.6256765707209073,98.05548600643438,0.323,0.286
2025,Matt Thaiss,0.022958513980097985,-1.0114568504180455,1.5196793560744064,101.95159257032631,0.349,0.298
2023,Matt Vierling,-0.42845468911377493,0.9960399874003758,0.4041001784747297,101.4986715594257,0.329,0.315
2024,Matt Vierling,-0.5171728767049416,0.786043329846357,1.005663717036486,102.23011699343729,0.312,0.317
2025,Matt Vierling,-0.6165505461301777,1.3163497776176845,0.4376710078658367,101.39466519389843,0.31,0.278
2026,Matt Vierling,-0.8748060662458665,1.149409649528211,-0.4541805108042843,96.71583066589233,0.255,0.258
2023,Matt Wallner,2.9801493924274767,-2.1880392828913062,0.7751691283144752,113.63042308715332,0.37,0.377
2024,Matt Wallner,2.9122113828498284,-2.627535322897622,0.47571479269353467,111.10525720837825,0.372,0.385
2025,Matt Wallner,2.4424344580639747,-2.096239557896156,0.42498994589305156,109.69094542955558,0.311,0.334
2026,Matt Wallner,1.6192041602453615,-2.3802271661311805,-1.2440203450426643,99.03587256211594,0.259,0.253
2023,Matthew Batten,-0.8416188202096841,0.5140002885271677,-0.22781584137974364,95.83537020850387,0.355,0.321
2023,Mauricio Dubón,-0.45563653984376895,1.1828012879254908,-1.3882570604009015,96.40581628136177,0.309,0.311
2024,Mauricio Dubón,-0.8010991709213268,0.8015689889249952,-1.7359817407926816,92.280574789424,0.296,0.286
2025,Mauricio Dubón,-1.058877646039785,1.4362719381361204,-1.2456105607251136,94.0326904360514,0.289,0.283
2026,Mauricio Dubón,-1.0877093782634106,1.2802031992885265,-1.0658115351885165,93.97907636730189,0.31,0.311
2023,Max Kepler,0.11518232548610581,0.9551731827999528,0.35456624694576905,104.39786861843233,0.332,0.348
2024,Max Kepler,-0.09406702650013218,0.5344400239821879,-0.00926221696448195,100.90666283313267,0.302,0.298
2025,Max Kepler,-0.35008843775089615,0.46429951218994353,0.0704581884045492,99.46496736170657,0.3,0.3
2023,Max Muncy,-0.3088545459018011,-0.8413277093948061,0.8779388138426136,98.54043866297685,0.333,0.344
2024,Max Muncy,-0.3557245917583696,-0.989935826590596,1.1002785509074022,98.53197290697757,0.358,0.362
2025,Max Muncy,-0.44601479676743755,-0.10905506684334566,0.9862979554645156,100.10283760682144,0.376,0.366
2025,Max Muncy,0.6198336367496888,-0.5546856060628317,-0.8009746063658222,99.6315590129064,0.259,0.277
2026,Max Muncy,-0.535174592313118,-0.4200756373143929,0.8753809594717231,98.38405716363975,0.351,0.368
2026,Max Muncy,1.2592961804061804,-1.0735075486331065,-0.6656346363868607,102.32521653291249,0.298,0.301
2024,Max Schuemann,-1.0516223717004902,-0.7294890543790348,1.234721933358344,95.61410368689842,0.311,0.281
2025,Max Schuemann,-1.0535484038721994,-0.5301406908659744,1.3783073749196544,96.59256730577313,0.295,0.262
2023,Michael A. Taylor,1.2785655367298503,-1.1753035621271555,-0.5542611334107286,102.4938398754459,0.278,0.308
2024,Michael A. Taylor,1.0917427905212413,-2.339029828559072,0.004671510220868669,99.87974818081943,0.253,0.242
2025,Michael A. Taylor,0.21481123201318078,-2.3433947233297348,-0.08789404944308558,94.48349942756793,0.259,0.27
2024,Michael Busch,-0.5450087879026264,-0.4573103957564644,0.9804793932423086,98.54329783243655,0.335,0.336
2025,Michael Busch,-0.8350494750011885,-0.16570457516097495,0.9385984576961408,97.53696937821361,0.343,0.369
2026,Michael Busch,-1.0370181134973286,-0.2535197875568397,1.2140207141282022,96.95612658069886,0.358,0.336
2023,Michael Conforto,0.5229100864360163,0.2800856997907224,0.6960122687975318,105.93677799481016,0.334,0.315
2024,Michael Conforto,1.1975192530724437,0.09289873559276869,0.17780499840413908,107.76647767720307,0.309,0.327
2025,Michael Conforto,1.0568314944917103,-0.2002236431074862,0.9487681397555507,108.48033714931269,0.305,0.287
2026,Michael Conforto,0.2049178732716772,-0.05498219824966458,0.6564536305247636,103.03689803170973,0.339,0.352
2023,Michael Harris II,0.7077466713999756,0.3177152058021295,-1.176193913093457,101.42107422330044,0.331,0.345
2024,Michael Harris II,1.5037142762469768,-0.011872726706545184,-1.6638291320948977,103.65499375692573,0.304,0.312
2025,Michael Harris II,0.9502466511399976,0.9068855946096247,-2.6189186019719624,100.07705409599696,0.268,0.289
2026,Michael Harris II,1.2795726863126131,0.942080139111692,-2.6341803962832917,102.04445915057387,0.322,0.35
2025,Michael Helman,-1.0908530990452987,-0.2551189646273427,-0.7336886187555383,90.7131929743094,0.29,0.319
2023,Michael Massey,-0.5969821636397379,0.6261897366557865,-0.9551044069153753,95.35742881395609,0.274,0.283
2024,Michael Massey,-0.6786211616515135,1.4178507598294474,-0.6772600217423658,97.9231915406538,0.294,0.317
2025,Michael Massey,-0.8403787171687742,1.1279904697606673,-1.247117257150716,94.44450409505073,0.268,0.254
2026,Michael Massey,-0.504759833453469,0.8124612104148262,-0.8226607103436372,96.81354566446421,0.307,0.319
2024,Michael Siani,-0.8400694465980856,-0.6026445452559154,0.09084617687828553,93.71697674802049,0.285,0.257
2024,Michael Stefanic,-1.1351301052935445,2.197220993869143,0.7516903917859147,101.7754908447525,0.301,0.258
2023,Michael Toglia,1.729784258847751,-1.0032881791272998,-1.094548287737837,103.95273039185427,0.224,0.225
2024,Michael Toglia,0.4570840152140273,-1.2742276405157869,-0.09249930097111483,98.84434542331219,0.311,0.329
2025,Michael Toglia,0.0016415453097555384,-1.7513133327646218,-0.4844871720559336,93.67868194939282,0.258,0.265
2025,Mickey Gasper,-0.7870862954929179,0.8058733746461445,1.4258799251306498,101.99295186851838,0.257,0.229
2026,Mickey Gasper,-0.4946215805002526,1.172592378618034,1.1835779456878925,103.97460940002507,0.305,0.277
2023,Mickey Moniak,0.44136453424603417,-1.5638880459511013,-2.664122753610302,90.12625200941989,0.306,0.338
2024,Mickey Moniak,0.41254655729773154,-0.6383508804810023,-1.0657593196663093,97.38788077998325,0.266,0.281
2025,Mickey Moniak,0.785040143944843,-0.07625250006184228,-1.2509237552838537,100.55087144632279,0.306,0.348
2026,Mickey Moniak,1.1274988920143674,-0.09216397997508714,-1.9805141812313833,100.27985147678761,0.322,0.373
2023,Miguel Amaya,0.8980196265099338,-0.03675079772958582,-0.09192940124372474,104.84366083515066,0.329,0.31
2024,Miguel Amaya,0.6129651179210623,0.5905569885764655,-0.9750408943925876,102.23819752516685,0.288,0.283
2025,Miguel Amaya,-0.0196754233605871,0.5813770164014653,-1.3746730431641705,97.31588783695783,0.314,0.346
2026,Miguel Amaya,-0.748077904330662,-0.20425912821147155,0.49321663228840806,96.58117555071232,0.354,0.325
2024,Miguel Andujar,0.06181407620690288,2.0494954755266064,-1.3869137027785217,101.82439269699971,0.32,0.306
2025,Miguel Andujar,-0.2275158678964266,1.4514146531171888,-1.244135066639845,98.9165648537317,0.352,0.354
2026,Miguel Andujar,-0.28678739495931693,0.8667577024671711,-1.341886914415992,96.65285830101523,0.303,0.313
2023,Miguel Cabrera,-1.075382736487633,0.009232952750690018,-0.5336722259673177,92.14482877051772,0.322,0.299
2023,Miguel Rojas,-0.7165823068517116,1.708586236845639,-0.7449670993753651,98.30264054232923,0.29,0.271
2024,Miguel Rojas,-0.940278726909751,1.5948868275170738,0.6145681010738911,100.82163624017898,0.337,0.327
2025,Miguel Rojas,-0.973609771358415,1.418606571684346,0.19689875525971107,98.8681918409451,0.318,0.312
2026,Miguel Rojas,-0.966050342824814,1.2928413076457603,-0.061471166351003415,97.7773842458199,0.325,0.317
2024,Miguel Vargas,-0.7064570728491983,0.20156884546486284,1.1228393555368699,99.8642651476991,0.249,0.233
2025,Miguel Vargas,-0.5845750931246639,0.5219770619351181,1.1445742798112228,101.52817255193877,0.316,0.314
2026,Miguel Vargas,1.0058398565757711,0.24942134790654089,1.2972355334976706,110.49074718156687,0.348,0.358
2023,Mike Ford,-0.3306000264857964,-0.6016687652064819,0.5947051865543969,98.21692105796508,0.323,0.343
2023,Mike Moustakas,0.22390972840608192,-0.4920263516448322,-0.6657632643911581,97.91293302176936,0.293,0.294
2023,Mike Tauchman,-0.8742370410856771,-0.2360362812031492,1.5366379334800886,98.9332323916518,0.362,0.33
2024,Mike Tauchman,-0.9180099979516031,0.21651057681784522,1.2861212810935316,99.17148504886603,0.357,0.325
2025,Mike Tauchman,-0.888341896677045,-0.23815591518308035,0.9325254713501131,97.0074733678073,0.356,0.335
2023,Mike Trout,-0.33603639663179513,-0.6777344624519248,1.1691421304498395,99.72186485601692,0.368,0.369
2024,Mike Trout,1.9657904021285446,0.5927713566569087,1.4530146926636252,117.50247874258325,0.325,0.365
2025,Mike Trout,0.9289296824696552,-0.8399512426462558,1.2212641592604971,106.7909216625337,0.359,0.343
2026,Mike Trout,1.441784733564075,0.2793046663547716,1.1465740696540283,112.6518903507539,0.393,0.37
2023,Mike Yastrzemski,-0.6839640859757188,0.02973300254167348,1.4798681875448394,100.60472561176795,0.33,0.333
2024,Mike Yastrzemski,-0.8623381755562334,-0.3542681028231004,0.8764670201290785,96.66622238489937,0.302,0.319
2025,Mike Yastrzemski,-0.685830694308791,0.6608770990424186,1.0135572252743072,100.92564425607787,0.333,0.321
2026,Mike Yastrzemski,-0.9001516986289075,0.3932753181270576,0.4474743827890769,97.21432198498277,0.312,0.298
2023,Miles Mastrobuoni,-0.9231643723996663,0.11878364264143353,0.32316930070447586,95.94100555976097,0.308,0.275
2024,Miles Mastrobuoni,-1.0404880072214162,0.33350314574384066,0.04551698488909546,95.00916748427166,0.245,0.214
2025,Miles Mastrobuoni,-1.1068408255480557,1.1934808327795086,1.3498532455473402,100.97609723507382,0.324,0.282
2023,Mitch Garver,-0.5154366114497558,0.1793427250653547,1.3806770719025963,101.6984875860107,0.37,0.374
2024,Mitch Garver,-0.6173821570166069,-0.914013557808345,1.1487971446579988,97.36764279954777,0.286,0.281
2025,Mitch Garver,-0.37673464858882433,-1.4714674566680532,1.4878081960657397,98.25320318376113,0.297,0.284
2026,Mitch Garver,-0.30706390086574964,-2.1497337416365556,0.38509949965621887,93.42291022297452,0.299,0.278
2023,Mitch Haniger,0.07169136431811532,-0.4404830272944531,0.6443617529451773,101.15579303122968,0.266,0.274
2024,Mitch Haniger,0.2677998190697706,-1.164095061398381,0.5247266136128838,99.92610744270112,0.286,0.277
2023,MJ Melendez,0.0390731434421224,-1.7883564451722789,0.5727433092967161,97.01001892484119,0.316,0.31
2024,MJ Melendez,0.6463682113582843,-0.823922550398225,-0.07010035565460394,101.26270935745251,0.273,0.292
2026,MJ Melendez,0.7980056710348353,-1.1860804522913164,0.12299300252693333,101.72806856799761,0.315,0.302
2026,Moisés Ballesteros,0.767590912175186,-0.05456968162600695,-0.4172383682679544,103.04568269999218,0.303,0.303
2023,Mookie Betts,0.017327662858127254,1.4261145643783577,1.2602225781972947,107.88972239138378,0.408,0.416
2024,Mookie Betts,-0.6396508859747548,1.4324596738366586,1.3330426691149257,104.3061325103043,0.372,0.371
2025,Mookie Betts,-0.7817570533253323,1.557115565071774,0.9918897656488325,102.78713807266233,0.326,0.318
2026,Mookie Betts,-0.8697369397692585,1.4770623962362848,1.7629744799799714,104.39896765993416,0.289,0.3
2026,Munetaka Murakami,1.462061239470508,-3.510780193415935,1.133038975818159,102.21751813938035,0.38,0.393
2023,Myles Straw,-1.0590736260496365,1.639404399361698,1.1239717299297258,101.80356408762995,0.301,0.268
2025,Myles Straw,-1.0801946147101276,1.2931222548958057,0.39187575056938034,98.49315563180141,0.313,0.299
2026,Myles Straw,-0.9609812163482059,1.6323941779362046,2.0343380524045167,105.12437046013797,0.273,0.261
2025,Nacho Alvarez Jr.,-1.000255982196343,0.3781125093844684,0.18318120360574563,95.78577687384242,0.296,0.279
2026,Nasim Nuñez,-1.0572946194037613,0.289197109083007,1.0248856225749023,97.7679010907931,0.326,0.282
2026,Nathan Church,-0.7886309161435274,0.24515489297552973,-2.06263626500737,89.81626305719368,0.267,0.273
2025,Nathan Lukes,-0.9203173496825586,1.4192229063927346,-0.2494393747040265,97.8221561598213,0.323,0.317
2026,Nathan Lukes,-1.077571125310194,0.6065668270285915,-0.7114454157680705,93.24788740509705,0.338,0.324
2023,Nathaniel Lowe,1.082856211473893,0.7030663610664957,1.277286465037959,112.13629873770977,0.36,0.34
2024,Nathaniel Lowe,0.4626511974535643,0.6393488325485314,1.2235010697357545,108.18721864358014,0.361,0.337
2025,Nathaniel Lowe,0.08158017782354,0.19960392831313303,0.6595389250830059,103.0346799037446,0.307,0.301
2026,Nathaniel Lowe,0.985563350669338,0.5810044982844006,1.0390271969549056,110.50684474357521,0.331,0.347
2023,Nelson Velázquez,0.46854638497602824,-0.9350586190860676,0.21109327990443957,100.77524894266689,0.302,0.369
2024,Nelson Velázquez,0.7298759449513387,-1.3573168812973173,0.6576897313528847,102.48338600608137,0.274,0.28
2023,Nick Ahmed,-0.3469091369237928,-0.42670618222120166,-1.7648078970649665,91.42922701065403,0.257,0.247
2024,Nick Ahmed,-1.1406972875330816,-0.3378676620605455,-0.9298124357435836,89.5970370232283,0.267,0.248
2023,Nick Allen,-1.0808191066336317,1.121699323583396,0.15424963998099264,97.2912108471949,0.263,0.245
2024,Nick Allen,-1.1685331987307666,1.0918315084569394,-0.2297018778662087,95.52995743775953,0.216,0.207
2025,Nick Allen,-1.192108700229426,0.22425424837686683,0.29468356250648026,94.58196405060767,0.284,0.245
2026,Nick Allen,-1.1941610342721825,-0.3800290281710742,0.7819091463320511,94.37636230928187,0.302,0.281
2023,Nick Castellanos,0.3978735730780437,-0.7812773777280129,-1.9176303002858404,94.31458911149208,0.311,0.335
2024,Nick Castellanos,0.09521716964412455,-0.21363906028588386,-1.4916591864376785,95.42366817482406,0.311,0.321
2025,Nick Castellanos,-0.3021252582426256,-0.04476681651080352,-2.139739243774745,91.60845121354905,0.294,0.3
2026,Nick Castellanos,-0.748077904330662,-1.272974483398259,-1.4738709789176945,87.63306467320746,0.221,0.238
2023,Nick Fortes,-0.6241640143697319,1.2415532196243708,0.7489273666696806,102.08982233247485,0.263,0.251
2024,Nick Fortes,-0.09406702650013218,1.5629301075354485,0.14545566878442887,104.22968842086597,0.259,0.252
2025,Nick Fortes,-0.1688942040529848,1.234843758714355,-0.492339247747234,100.94412571947679,0.296,0.286
2026,Nick Fortes,-0.09922971532481405,1.1466078625726672,-1.0634973831647299,99.36721302885752,0.316,0.309
2023,Nick Gonzales,-0.8524915605016817,-1.1328601681513228,0.5980332166179372,93.71717755969719,0.268,0.268
2024,Nick Gonzales,-0.45593387207003494,0.257398881277101,-0.4947642032503222,96.55578702961135,0.311,0.307
2025,Nick Gonzales,-0.4833194919405369,-0.012108977902761671,-0.5031053181327366,95.6236293088772,0.299,0.289
2026,Nick Gonzales,-0.6213497424154573,0.03416784380186251,-0.2031462177452752,95.8613479379627,0.369,0.346
2024,Nick Gordon,-0.9736818203469727,-0.5700486516324756,-2.683994426144246,84.58841262314985,0.258,0.271
2025,Nick Kurtz,2.6556041447673997,-1.8988040007552254,0.7910704416547926,112.59253404026808,0.383,0.419
2026,Nick Kurtz,2.82565626167811,-2.037237697127179,1.3037038731621,114.75759725022542,0.399,0.384
2024,Nick Loftin,-1.0460551894609533,1.6472033105668795,0.8058526861645453,100.93317209572409,0.282,0.242
2025,Nick Loftin,-0.8563664436715311,0.5889390790580306,0.9328282477392799,99.48826002738247,0.278,0.279
2026,Nick Loftin,-1.0420872399739367,1.323565172438753,0.9240989875993502,100.41842764449133,0.34,0.332
2023,Nick Madrigal,-0.9775280738596543,2.7198899625305004,-0.07169021120651002,101.63719654825005,0.311,0.294
2024,Nick Martini,-0.7955319886817899,0.2967254144636764,0.2572387982235753,96.97657251552121,0.272,0.279
2025,Nick Martini,-1.0162437086991,0.9076652994457235,0.5824283104001984,98.37595325708129,0.288,0.259
2023,Nick Maton,-0.7383277874357068,-1.4934067257821027,0.5425340035905274,93.2127003710564,0.288,0.268
2023,Nick Pratto,-0.7492005277277045,-1.0414329231732817,-0.19466377110440275,92.16023396648454,0.307,0.292
2023,Nick Senzel,-0.9775280738596543,0.3052633606822363,0.6434691645389683,97.11625886815162,0.297,0.302
2024,Nick Senzel,-0.9959505493051205,0.026181242431156715,0.4296767875207023,95.58468520287066,0.283,0.273
2025,Nick Sogard,-1.133487036385984,0.8815189256931771,0.06088889288601889,96.03463579626012,0.317,0.295
2023,Nicky Lopez,-1.1134373275096245,0.3968581846255026,0.18429160912562492,95.18258213999715,0.326,0.288
2024,Nicky Lopez,-1.1406972875330816,0.7664679075349775,0.12563640539034682,95.87057947707751,0.312,0.275
2026,Nicky Lopez,-1.2600596784680889,0.5088515885103383,0.07080869701529778,94.29480195318348,0.344,0.308
2023,Nico Hoerner,-0.9720917037136555,2.1060973302208854,-0.3143017227026875,99.2285115898034,0.346,0.322
2024,Nico Hoerner,-1.0126520960237315,2.041719498946826,-0.509936981223255,98.21880950555762,0.335,0.313
2025,Nico Hoerner,-1.0642068882073705,2.2664606993541523,-0.31021953108394984,99.14968720934422,0.345,0.324
2026,Nico Hoerner,-1.1941610342721825,2.0824118059291234,-0.21317892425342413,98.17831572932788,0.317,0.297
2024,Niko Kavadas,-0.6730539794119765,-1.549953958100594,1.207118692664388,95.45745635403912,0.283,0.278
2023,Noelvi Marte,1.1154744323498862,0.08933524330237606,0.2537865137186361,107.51035441495179,0.366,0.357
2024,Noelvi Marte,0.7020400337536539,-0.14447455321605077,-1.8928803715348133,97.92578380397482,0.248,0.243
2025,Noelvi Marte,0.5505534885710753,0.05712682050251455,-0.9724143988730853,100.4036563807941,0.3,0.321
2026,Noelvi Marte,0.18464136736524453,0.8368133327754423,-1.367936880213284,99.2336356393538,0.236,0.256
2023,Nolan Arenado,-0.2816726951718071,1.2989072492815266,-1.2922589140847807,98.0320911976581,0.315,0.327
2024,Nolan Arenado,-0.46150105430957195,1.4210295438029905,-0.20602181299292963,100.62893402846846,0.325,0.314
2025,Nolan Arenado,-0.3074545004102111,1.5282673313463857,-0.7032648747292042,100.30998566621255,0.289,0.287
2026,Nolan Arenado,-0.47434507459381986,0.2025560581678833,-0.09824003405792393,97.5028532289871,0.322,0.324
2023,Nolan Gorman,0.9034559966559327,-1.5846157370783356,0.2653458343833678,101.66943401963105,0.328,0.345
2024,Nolan Gorman,0.46821837969310115,-2.2156791423345035,-0.2473878325075984,95.82697470381585,0.271,0.29
2025,Nolan Gorman,0.10289714649388244,-1.2394416761531197,-0.0037317633108966785,97.14998029798326,0.296,0.292
2026,Nolan Gorman,0.28602389689740826,-2.672327455979853,-0.1893840807363291,93.67686957075874,0.279,0.266
2023,Nolan Jones,0.38700083278604613,-1.3970947553309436,0.3141441825952322,99.33288170594898,0.389,0.395
2024,Nolan Jones,-0.22767940024901948,0.061308323199477655,0.8436363681536972,101.41172620400116,0.321,0.287
2025,Nolan Jones,0.4599563717221197,-0.414660606933703,0.4837505129789523,102.99797340029276,0.296,0.27
2023,Nolan Schanuel,-1.0862554767796304,1.028097279450769,1.3542770542818996,100.65066968036575,0.402,0.336
2024,Nolan Schanuel,-1.0293536427423424,1.4111169038657911,0.9805007906237698,100.90691370291869,0.343,0.315
2025,Nolan Schanuel,-0.888341896677045,1.4700293200027366,0.764150928096546,101.23262144558328,0.353,0.327
2026,Nolan Schanuel,-0.966050342824814,1.651376836923235,0.35835751234426083,100.04891160688044,0.353,0.332
2024,Oliver Dunn,1.8711483040564167,-1.6555017444313955,0.9108639019557433,109.06726290502351,0.282,0.266
2023,Omar Narváez,-1.0482008857576388,0.8110713576829546,1.1303988869777593,99.58913542578465,0.283,0.259
2024,Oneil Cruz,3.0012862986824205,-1.1595128610259846,-0.6172211792585865,112.369979523073,0.324,0.331
2025,Oneil Cruz,2.9647001904873664,-1.3304034799536344,-0.25524262417684246,112.78435965330877,0.298,0.295
2026,Oneil Cruz,2.653305961473432,-1.784092016680058,-0.24228351393155376,109.753663726259,0.35,0.357
2023,Orlando Arcia,-0.009854187871866777,-0.10543104183668525,0.44017402048438325,100.98934825507655,0.321,0.321
2024,Orlando Arcia,-0.42253077863281313,0.12403850532190312,-0.04596112129616069,97.74562717672343,0.271,0.273
2025,Orlando Arcia,-0.40871010159433807,0.06624499694808679,-0.3643685146994341,96.69711611988704,0.238,0.233
2023,Oscar Colás,1.9798572855636962,-0.2716294146682864,-1.2030970118060293,107.10672611073713,0.257,0.249
2023,Oscar Gonzalez,1.1535290233718778,-0.6381995205953267,-3.140541221239344,95.3879781533619,0.239,0.239
2023,Oswald Peraza,-0.015290558017865661,-0.8332587853117186,0.23073311147571435,98.30205158552064,0.267,0.246
2025,Oswald Peraza,0.5825289415765892,-1.1168869803415102,-0.27808177454620686,99.44604956977108,0.223,0.214
2026,Oswald Peraza,0.1288809761225544,-0.17410925194473234,-1.1903801401746608,96.64571543665801,0.282,0.286
2023,Oswaldo Cabrera,-0.7981278590416937,0.43555842017134627,0.057951950070970655,96.7402352283681,0.275,0.256
2024,Oswaldo Cabrera,-1.073891100658638,1.110837057988081,-0.13690036269206904,96.41567142362304,0.296,0.29
2025,Oswaldo Cabrera,-1.1174993098832269,-0.23221552262211742,0.49215471781511133,94.3508846222949,0.322,0.286
2025,Otto Kemp,0.1881650211752526,-1.1778106789610776,-0.47804255350026403,96.37411478014664,0.298,0.308
2024,Otto Lopez,-0.3946948674351283,0.7176101109864793,-0.1477794824797536,99.24401928391899,0.313,0.302
2025,Otto Lopez,-0.035663149863344026,0.9814637162452073,0.2515732543871393,103.27974484547842,0.305,0.295
2026,Otto Lopez,-0.04346932408212391,1.1536768516070082,-0.22648974478471723,102.25758206268942,0.363,0.367
2026,Owen Caissie,1.4671303659471158,-1.3141796312268432,-0.1754880435542083,104.35816973510644,0.297,0.322
2023,Owen Miller,-0.8742370410856771,0.9096300360424472,0.12164366046919305,97.80590418040097,0.303,0.292
2023,Ozzie Albies,-0.5317457218877523,1.0957492429645523,-1.2042087814754623,96.28144542890965,0.336,0.358
2024,Ozzie Albies,-0.7565617130050311,0.5516530817477338,-0.8078100839015266,94.67027223937167,0.303,0.307
2025,Ozzie Albies,-0.829720232833603,0.7652455128969188,-0.9921244674709241,94.276238411349,0.306,0.295
2026,Ozzie Albies,-0.9711194693014222,0.4979792252423068,-1.5040630074690984,91.15486753462969,0.311,0.322
2023,Pablo Reyes,-0.8688006709396782,1.4146894882879484,1.2166020526255723,102.56927956815147,0.339,0.315
2023,Parker Meadows,-0.8688006709396782,0.36308945885110977,0.9881604169346929,98.95788255585501,0.331,0.308
2024,Parker Meadows,-0.6340837037352178,-0.24065227962664476,0.2915320720627306,96.52997801297323,0.31,0.321
2025,Parker Meadows,-0.8830126545094592,-0.6174031937175485,0.8328165775012875,95.68337137418524,0.291,0.277
2023,Patrick Bailey,-0.7437641575817057,-0.11066025316091233,0.3534878835162795,96.44077890966874,0.285,0.282
2024,Patrick Bailey,-0.43366514311188714,0.24393726884595535,0.7404106012027095,100.40563216485121,0.298,0.281
2025,Patrick Bailey,-0.3660761642536531,-0.36258423334645523,0.10318938200989589,97.17828807002296,0.277,0.265
2026,Patrick Bailey,0.47358157653191135,-0.2767943091730759,0.04865829616224331,102.13598085040066,0.248,0.244
2023,Patrick Wisdom,2.757258216441526,-1.5148844627765146,1.0281303501696677,114.96993492389659,0.289,0.333
2024,Patrick Wisdom,1.9490888554099337,-1.044192632788196,0.971027540226059,111.3991635452688,0.237,0.271
2023,Paul DeJong,-0.9503462231296603,-1.2962398954657555,-0.4829755072005829,89.40608373539112,0.258,0.266
2024,Paul DeJong,-0.31118713384207386,-1.7652009247719829,-0.5803076818709667,91.52842964537625,0.276,0.302
2025,Paul DeJong,-0.32344222691296803,-0.9616361709149995,-0.9574289664858727,92.53841155478511,0.269,0.278
2023,Paul Goldschmidt,-0.10770885049984533,-0.6609832698782617,0.24251476346957684,98.27792293783448,0.363,0.35
2024,Paul Goldschmidt,0.17315772099764218,-0.6665336641540979,-0.15276121156389708,98.69429500969976,0.302,0.31
2025,Paul Goldschmidt,-0.040992392030929546,0.4410932105463258,0.1625179703947659,101.47918626383543,0.328,0.316
2026,Paul Goldschmidt,-0.5655893511727672,-0.9193337911367662,-0.12692111365720612,93.7733064009682,0.32,0.342
2023,Pavin Smith,-0.4719456502817653,1.0812162883158443,1.1571799731569297,103.77282878237304,0.317,0.293
2024,Pavin Smith,0.5906963889629145,0.6436150835630571,1.6116463427672225,110.12490031941357,0.348,0.377
2025,Pavin Smith,-0.05698011853368647,-1.3833687567504407,0.8970220507612325,98.56079630421675,0.362,0.348
2024,Pedro Pagés,0.12305308084180938,0.32423564841805536,-1.2698801260090442,97.75203072309341,0.281,0.286
2025,Pedro Pagés,0.2521159271862801,0.2288583228433044,-1.0606111578435389,98.8751174969816,0.272,0.276
2026,Pedro Pagés,-0.19047399190376127,-0.20236342032590798,-1.6008665670157551,93.46038017831692,0.25,0.253
2023,Pete Alonso,1.9363663243957059,0.05426046765550311,0.15617089857539612,111.8925869668552,0.318,0.346
2024,Pete Alonso,1.7041328368703075,0.4324032818983398,0.0062054563135116375,111.1338027201074,0.329,0.34
2025,Pete Alonso,1.6323896485909586,-0.0631073629308998,0.08924071942501172,109.59474492898579,0.347,0.368
2026,Pete Alonso,1.1224297655377593,-0.5764128378699654,0.2933751755090196,105.82491723392138,0.345,0.349
2024,Pete Crow-Armstrong,-0.7231586195678092,-0.8792821317894713,-1.4486024541546294,88.9467729516159,0.286,0.289
2025,Pete Crow-Armstrong,0.31606683319730766,-0.11355185374655516,-2.2184037588982237,94.7754103118948,0.287,0.323
2026,Pete Crow-Armstrong,1.2998491922190458,0.03257861987742993,-1.0970790188159498,104.31620311886498,0.382,0.393
2026,Petey Halpin,-0.9913959752078549,0.08699549261827907,-2.0142587758122033,88.3449905652217,0.236,0.24
2023,Rafael Devers,0.7403648922759686,-0.42847661938434983,-0.5887557896361492,101.3285107465397,0.351,0.359
2024,Rafael Devers,0.3735762816209728,-1.3437847498322337,-0.4283948933529016,97.14368957390987,0.354,0.364
2025,Rafael Devers,-0.1582357197178134,-1.6234649913900998,0.2655082188659706,95.38459050106216,0.372,0.365
2026,Rafael Devers,-0.154990106567504,-1.7454913520196809,-0.2446227003107011,93.51315322129878,0.316,0.338
2025,Rafael Marchán,-1.202767184564597,0.04870806466137178,0.5083277055865708,94.68303838560855,0.282,0.264
2023,Rafael Ortega,-0.7328914172897081,-0.3513791262607432,1.0172534413052998,97.85573326595178,0.341,0.288
2023,Raimel Tapia,-0.24905447429581426,-0.7098147941237881,-1.709024901877994,91.38315329998373,0.317,0.293
2023,Ramón Laureano,-0.06421788933185484,-0.20790715256717904,0.2085840043245232,99.68429015464274,0.304,0.298
2024,Ramón Laureano,0.5071886553698601,-0.7712000595947548,-0.7311422720191909,98.58809328385566,0.311,0.324
2025,Ramón Laureano,-0.0196754233605871,-0.546196441371537,0.6039481732069328,100.20803958327006,0.342,0.364
2026,Ramón Laureano,0.05791320545003984,-0.989388755410118,-0.0019182693377891322,97.58723285909608,0.286,0.291
2023,Ramón Urías,-0.18381803254382853,-0.5013731743994966,0.12308199129514175,97.91438969006482,0.328,0.31
2024,Ramón Urías,-0.48376978326771974,-0.45195179412230296,0.303670860932815,96.85552339703077,0.322,0.325
2025,Ramón Urías,-0.5419411557839788,-0.37730979676356924,0.0037305288494920634,95.8115849167951,0.292,0.292
2023,Randal Grichuk,1.5938750051977808,0.25415466501609135,-0.9618497278151561,107.05292623736695,0.321,0.333
2024,Randal Grichuk,0.8022493140653191,1.1764494996933343,-0.1158886559003464,107.57813218654675,0.348,0.373
2025,Randal Grichuk,1.0568314944917103,1.2626739099494657,0.20549608805537242,110.27628725608996,0.273,0.289
2026,Randal Grichuk,0.8030747975114435,-0.33224801928978576,0.13966867859776416,104.17625811290137,0.278,0.33
2023,Randy Arozarena,0.6316374893559924,-0.7871824468940182,-0.1371501461064282,101.0749128178843,0.364,0.347
2024,Randy Arozarena,0.6853384870350427,-1.0200082494278255,0.49172939419518563,102.65483025336282,0.332,0.32
2025,Randy Arozarena,0.3800177392083352,-1.1898106987976498,0.16606377082220025,99.41663292877229,0.334,0.332
2026,Randy Arozarena,-0.10936796827803039,-0.7941516454784916,-0.31693353005877556,96.19701470298442,0.371,0.36
2023,Reese McGuire,-1.04276451561164,0.7279815187602697,-1.6739932028161992,90.85890918170281,0.31,0.293
2024,Reese McGuire,-0.8345022643585486,0.8195314819867521,-0.10973566311407516,97.08333876407703,0.28,0.259
2025,Reese McGuire,-0.685830694308791,0.6930890035675938,-0.8477249193576905,95.35265194332389,0.245,0.29
2023,René Pinto,0.2619643194280735,-2.124116721633923,-0.9008664794318707,92.89280151724883,0.267,0.306
2024,Rhys Hoskins,-0.450366689830498,-0.19992230737043953,0.44665244748159727,98.18381968198719,0.303,0.313
2025,Rhys Hoskins,-0.3980516172591669,-0.5232733914136131,1.1749623493539565,99.80709945892035,0.332,0.324
2026,Rhys Hoskins,-0.38310079801487246,-1.6849070623476277,0.902361900669923,95.8431971813048,0.306,0.302
2023,Richie Palacios,-0.9394734828376627,1.3629085841000212,1.6452909428001967,103.31859669778439,0.307,0.346
2024,Richie Palacios,-0.940278726909751,-0.25711720368080954,1.1829491743260905,97.41451607974547,0.346,0.303
2026,Richie Palacios,-1.0826402517868023,0.5985443762269412,0.08442616919968018,95.61731546349387,0.325,0.301
2023,Riley Adams,1.8602571423517227,-0.01270062617508547,-1.811984140308592,105.2765782202653,0.333,0.347
2024,Riley Adams,1.7152672013493813,-0.11594023772696689,-0.4568324136924047,108.26921139318743,0.292,0.275
2025,Riley Adams,3.028651096498394,-0.802572204498337,-0.5305129766285204,113.78290217334244,0.252,0.25
2023,Riley Greene,1.7569661095777451,-0.6357282177113505,0.25931248658862077,109.24892619392384,0.349,0.344
2024,Riley Greene,1.3645347202585527,-0.44150232147896384,0.7662740017564305,109.0464255968478,0.348,0.355
2025,Riley Greene,1.840230093126798,-1.09809686594344,-0.25276059465324957,106.89329471660051,0.313,0.343
2026,Riley Greene,1.7053793103477008,-0.9023809669977927,0.7779076277495225,109.78689569643959,0.368,0.358
2023,Rob Refsnyder,0.14236417621609984,-0.025562519126665094,1.3606999385260448,104.89694483328189,0.365,0.314
2024,Rob Refsnyder,0.3847106461000467,-0.5779192773768418,0.6376352664705147,102.57551771604464,0.359,0.358
2025,Rob Refsnyder,0.598516668079346,-0.03232933778924273,1.3271179779747948,107.43020070771678,0.354,0.359
2026,Rob Refsnyder,-0.27158001552949235,-0.43522490811416153,0.8336346793690944,99.74880445254487,0.208,0.21
2023,Robbie Grossman,-0.847055190355683,0.5832658166162196,1.951836136794936,102.62669471606299,0.34,0.323
2024,Robbie Grossman,-1.0516223717004902,0.027335953587598216,1.9991485121848864,100.03854504274474,0.322,0.283
2025,Robert Hassell III,-1.1068408255480557,-0.6722099066870761,-0.2976078681486486,90.79006247264894,0.257,0.252
2023,Rodolfo Castro,-0.1620725519598334,-1.2528732085662788,0.3384707761810705,96.61200492675137,0.297,0.277
2025,Roman Anthony,1.5631095004123452,-0.7294521395708655,1.270434581855407,110.93701753138778,0.396,0.376
2026,Roman Anthony,1.446853860040683,0.04261990217806583,0.9666591102121914,111.4776484979409,0.354,0.31
2024,Romy Gonzalez,0.9525632345328173,-0.290208582357674,-0.7636217732473917,102.41470780580916,0.306,0.311
2025,Romy Gonzalez,1.1634163378434228,-0.3325148099530899,-0.9277324225075269,103.02500384843839,0.343,0.352
2023,Ronald Acuña Jr.,2.6485308135215497,0.816478212661174,0.6301976370077983,119.59236455838706,0.416,0.428
2024,Ronald Acuña Jr.,2.8621067426939963,-0.7621013958748646,0.9562471271067325,117.4490497040003,0.351,0.322
2025,Ronald Acuña Jr.,2.3944712785557036,-1.203286129991645,0.8561393701749811,113.19995243427348,0.417,0.403
2026,Ronald Acuña Jr.,1.877729610552379,-1.4512694432247966,0.830186059662992,109.42652657887444,0.363,0.34
2023,Ronny Mauricio,1.5014567127158014,-0.8968713496517536,-2.964847965423038,97.22954601147644,0.296,0.284
2025,Ronny Mauricio,0.9502466511399976,-1.1697408346669986,-2.100553328488655,95.89482431344489,0.293,0.29
2023,Rougned Odor,1.6047477454897787,0.1280931799596709,0.3959343857557688,110.89718274046434,0.299,0.291
2023,Rowdy Tellez,1.4905839724238037,0.623093274467261,0.8667408274629621,113.03797769689254,0.291,0.288
2024,Rowdy Tellez,1.2420567109887393,0.7785812601299371,-0.3619450987517637,108.28524402977112,0.299,0.301
2025,Rowdy Tellez,1.3552690558765057,0.06849547130159413,0.08267577513735909,108.32728883466275,0.276,0.307
2023,Royce Lewis,1.7569661095777451,0.07527848059524082,-0.0770541592996447,110.19750376205714,0.372,0.393
2024,Royce Lewis,0.835652407502541,-0.06359374885436245,-1.0443699875895842,101.50884321963393,0.295,0.317
2025,Royce Lewis,0.9076127137993127,-0.17838647487636186,-0.4071392054532944,103.54775609070991,0.283,0.292
2026,Royce Lewis,1.365747836414952,-1.0134681800167313,-0.3075989713753828,104.20033252464405,0.299,0.3
2023,Ryan Jeffers,1.2242018352698623,-0.31247862656391423,-0.41060771897876064,105.00743796374685,0.369,0.369
2024,Ryan Jeffers,0.7187415804722646,0.5073685831089607,-0.8673931028419073,102.95044497197223,0.3,0.317
2025,Ryan Jeffers,0.28942062235937954,0.6077967036783346,0.6436860911618102,105.32785605723132,0.356,0.333
2026,Ryan Jeffers,0.6408627502599814,0.9900702628798619,0.8753490665610232,109.137699000858,0.397,0.399
2026,Ryan Kreidler,0.8689734417073498,-1.3325393478815002,0.7208183935667852,103.55350763010118,0.3,0.313
2023,Ryan McKenna,0.38700083278604613,-1.2840262878857007,-0.3805227739351432,97.53316727091081,0.316,0.298
2023,Ryan McMahon,0.13149143592410206,-1.682275355228922,0.6424229488508141,98.05394255552905,0.322,0.325
2024,Ryan McMahon,0.2845013657883815,-0.8394160483236935,0.07713322904533573,99.56207876957271,0.325,0.315
2025,Ryan McMahon,0.9236004403020696,-1.7435864191194772,0.3191162765257815,101.50934662813583,0.312,0.306
2026,Ryan McMahon,1.2694344333593965,-0.946892947318849,0.3968115431375591,105.96748832170483,0.27,0.281
2023,Ryan Mountcastle,2.518057930017578,-0.02956726151238937,-1.3367778404405422,110.50295919616705,0.328,0.333
2024,Ryan Mountcastle,1.6206251032772532,0.12335937157877676,-1.6904264211769238,104.62938574592296,0.308,0.316
2025,Ryan Mountcastle,1.5897557112502734,-0.8288190915061338,-1.4897900019514887,102.41942651302222,0.286,0.284
2023,Ryan Noda,0.3652553522020508,-2.3924356343565596,1.484393831296669,100.0060303916055,0.364,0.342
2024,Ryan Noda,0.2510982723511596,-1.7395087804399214,1.7267949129943356,101.89000150789762,0.255,0.223
2023,Ryan O'Hearn,0.022764033004125946,0.3366055677241322,0.06662508686324098,101.26866031050197,0.322,0.339
2024,Ryan O'Hearn,0.17872490323717902,1.2273037045375632,0.3191774918063888,105.41465050197517,0.334,0.33
2025,Ryan O'Hearn,-0.25416207873435476,0.29760135223995293,0.41439207157414715,100.60712126932928,0.366,0.349
2026,Ryan O'Hearn,-0.7886309161435274,0.7023738154026616,0.17935335963657925,97.90478621046456,0.337,0.346
2025,Ryan Ritter,-0.8510372015039455,-1.9699828290795032,-0.617597345674176,87.7058694286979,0.296,0.28
2026,Ryan Vilade,1.9841812665611511,0.35603506015495023,0.26257705254227964,113.33143191611731,0.32,0.344
2026,Ryan Waldschmidt,-0.3222712802955742,-1.240345746902515,1.0438362822051146,97.860448025952,0.318,0.314
2023,Sal Frelick,-0.9666553335676568,1.679418744228147,-0.03771705063618029,98.91823697775723,0.341,0.309
2024,Sal Frelick,-1.0293536427423424,1.7325628490348643,0.7085980230720352,100.97121824374716,0.32,0.292
2025,Sal Frelick,-0.9203173496825586,1.9667694601264607,0.4244011435000401,101.39062038809186,0.351,0.332
2026,Sal Frelick,-1.102916757693235,2.022660250115677,0.9207397485672749,101.99308895122915,0.301,0.281
2026,Sal Stewart,0.16943398793541992,-0.4486355613138538,0.28925116175527466,100.621606981662,0.33,0.344
2023,Salvador Perez,0.46311001483002934,-0.22937540968641978,-3.315868950001574,91.97111335165458,0.292,0.302
2024,Salvador Perez,0.6909056692745797,0.1154724613196027,-2.9922597518530507,95.23742427342675,0.33,0.335
2025,Salvador Perez,0.41732243438143457,0.32440954910608144,-2.5151201481984344,95.6765334941203,0.284,0.311
2026,Salvador Perez,-0.3222712802955742,0.21378797439968247,-2.607269986884259,90.78598262899007,0.263,0.275
2026,Sam Antonacci,-0.8190456750031766,1.3854207748706333,1.3256716611670167,103.1094214162534,0.369,0.351
2023,Sam Haggerty,-0.8253097097716877,0.23487844693214288,0.8932711623852675,98.56669962316846,0.364,0.321
2025,Sam Haggerty,-0.009016939025415874,-0.23016086655113593,0.6939274786914685,101.42026201877292,0.328,0.307
2024,Sam Hilliard,1.7208343835889184,-2.5074067475193322,-0.7293034981243727,100.84036334942274,0.305,0.342
2026,Samad Taylor,-1.0572946194037613,0.49542408566818863,-0.08471856847015563,94.96423909287078,0.41,0.364
2025,Samuel Basallo,1.7443037341102565,-0.3167651305635365,-1.6164917092199869,104.35333498518584,0.229,0.246
2026,Samuel Basallo,1.1427062714441918,-0.3782144845029474,-1.6891257170241505,100.46147524860493,0.305,0.325
2023,Santiago Espinal,-0.8579279306476806,1.1000827333279433,0.46599279892976775,99.47655697170373,0.31,0.285
2024,Santiago Espinal,-1.0070849137841946,1.5666423063086279,0.3283789268303092,99.4839493630215,0.295,0.285
2025,Santiago Espinal,-1.0961823412128844,1.3955866697026595,1.2180988676079545,101.19780388399109,0.292,0.259
2024,Sean Bouchard,-0.5839790635793851,-1.5532213879884527,1.4201024146989387,96.61462055527191,0.29,0.266
2023,Sean Murphy,1.4307839008178167,-0.33499607338699017,0.45848871474749353,108.79094939492354,0.365,0.366
2024,Sean Murphy,0.9971006924491128,-0.8155282400134654,0.15788098359744263,104.02033030007762,0.284,0.281
2025,Sean Murphy,0.4226516765490203,-0.7846079521564044,0.15258374908966132,100.74745901818308,0.3,0.309
2023,Seby Zavala,-0.29254543546380474,-1.3918605552961159,-1.1559937415264128,90.92096527569447,0.23,0.239
2023,Seiya Suzuki,0.555528307312009,0.4225095338814111,1.3811081183826963,108.60573496567363,0.357,0.358
2024,Seiya Suzuki,0.7688462206280972,0.010598609133997997,1.2837139472275285,108.40829743088578,0.366,0.365
2025,Seiya Suzuki,0.7637231752745006,0.17556221972434288,1.122240287753449,108.34475832363378,0.326,0.343
2026,Seiya Suzuki,0.6003097384471161,-0.11700110659116003,1.2471513372950442,106.96253899819182,0.361,0.363
2023,Seth Brown,0.6262011192099936,-0.6541542721602527,-0.7384439588774238,99.58297758129754,0.286,0.298
2024,Seth Brown,0.39027782833958374,0.0748197551026599,-0.10376793582953941,102.16270498715133,0.282,0.289
2023,Shea Langeliers,1.4960203425698024,-1.133787165464725,-0.34455964815560547,104.51221514856539,0.268,0.29
2024,Shea Langeliers,1.1641161596352219,-0.43437410112668134,-0.05586615491382946,105.39894657910227,0.288,0.315
2025,Shea Langeliers,0.8916249872965557,0.34266522209190675,-0.6190165157832661,104.2552149918688,0.326,0.365
2026,Shea Langeliers,1.462061239470508,-0.5991493609361793,-0.3897151863648396,105.65997910595529,0.332,0.356
2023,Shohei Ohtani,2.9149129506754905,-0.8929564555734721,-0.2699555159453418,113.66309435536583,0.412,0.433
2024,Shohei Ohtani,2.394463434572891,-0.6064394128273942,0.1966310138717729,112.8488301180864,0.39,0.431
2025,Shohei Ohtani,2.0960337171709083,-1.4989436999167767,0.36656955539440866,109.15414381184911,0.392,0.418
2026,Shohei Ohtani,1.2339505480231394,-0.7514488810220872,0.08369652611206481,105.35050515952082,0.394,0.391
2024,Spencer Horwitz,-0.6340837037352178,0.7515816145763681,0.72802862250878,100.60967010710318,0.357,0.344
2025,Spencer Horwitz,-0.829720232833603,1.0665314434299993,0.4451075315118775,99.48410182707241,0.353,0.344
2026,Spencer Horwitz,-1.0066033546376796,1.417574796886238,1.0705216163548252,101.33105738131634,0.386,0.37
2023,Spencer Steer,-0.48281839057376297,0.16263308852617858,0.4144283703009791,98.90245200169105,0.356,0.355
2024,Spencer Steer,-0.41139641415373923,0.4591537567433751,0.7217841005566547,101.07540844341919,0.319,0.316
2025,Spencer Steer,-0.8243909906660173,-0.24087823026219432,0.6478735261612641,96.50607230425594,0.312,0.316
2026,Spencer Steer,-0.8393221809096093,-0.08670523775667982,0.6805658040342167,96.94622193540363,0.319,0.325
2023,Spencer Torkelson,1.6156204857817764,0.14956817933887728,0.6871352217249794,111.90588550821575,0.313,0.326
2024,Spencer Torkelson,0.501621473130323,-0.27279826217914765,0.7000884607775327,104.29197494227053,0.295,0.295
2025,Spencer Torkelson,0.19882350551042383,-0.12962722315940026,0.9643078870860332,103.73096475689084,0.333,0.339
2026,Spencer Torkelson,0.06805145840325617,-1.32584000324838,1.1738684249839475,100.2900680863551,0.302,0.316
2023,Starling Marte,-0.4338910592597737,0.41578830144094925,-1.100876153439326,95.27942078162776,0.301,0.278
2024,Starling Marte,0.2399639078720857,-0.072596139833265,-0.591915688906471,99.39422369552281,0.327,0.313
2025,Starling Marte,0.5665412150738325,0.20911180299535548,-0.10366451667409084,103.56106867194087,0.335,0.326
2026,Starling Marte,0.20998699974828547,-0.6117668095864193,-0.6378297359486746,97.58481966109753,0.315,0.283
2023,Steven Kwan,-1.1025645872176268,2.2766324484833236,1.199138810779862,103.54642406151011,0.34,0.313
2024,Steven Kwan,-1.1462644697726188,2.3699385458572166,1.3259506032994726,103.93670192661854,0.368,0.349
2025,Steven Kwan,-1.160133247223912,2.4235481539621806,0.8170338025161078,102.45647332932649,0.33,0.31
2026,Steven Kwan,-1.2499214255148725,2.406806087314695,1.5134971030372433,104.00635344354691,0.348,0.301
2023,Stone Garrett,1.2187654651238633,-0.9950370930583515,-0.6100459076287115,102.47611812014857,0.343,0.344
2023,Stuart Fairchild,-0.7818187486036974,-1.686984844490525,0.6033136169886106,92.60768686307092,0.321,0.312
2024,Stuart Fairchild,-0.606247792537533,-1.6752523215819948,0.7380911515964103,94.07182366943081,0.286,0.288
2026,Sung-Mun Song,-0.5655893511727672,0.3455031623934541,0.9977269835901882,100.70248860952222,0.316,0.279
2025,Taylor Trammell,1.1687455800110087,-2.6637126657380015,0.7922746984257036,101.82336328714541,0.296,0.282
2026,Taylor Trammell,1.603996780815537,-1.9172646093623162,-0.061889169508903455,103.82757466226025,0.32,0.32
2023,Taylor Walls,-0.9014188918156711,-0.3842035679080748,1.5933541243765852,98.53669351081817,0.305,0.287
2024,Taylor Walls,-1.073891100658638,-0.3060931394056149,1.440990763334992,97.28625286886965,0.282,0.245
2025,Taylor Walls,-1.0855238568777132,0.43326310122300765,1.6214693347280666,99.8180947333822,0.28,0.265
2026,Taylor Walls,-1.1384006430294924,-0.18535333568040513,1.1189437797883934,96.26602751848365,0.308,0.274
2023,Taylor Ward,-1.0536372559036375,0.9648064350377856,0.8792957829613999,99.21996517620614,0.335,0.329
2024,Taylor Ward,-0.7008898906096614,-0.3165077650609928,0.9209875423381775,97.84579171409503,0.323,0.325
2025,Taylor Ward,-0.8243909906660173,0.3361610129881535,1.234897984981325,99.89222091572456,0.317,0.339
2026,Taylor Ward,-1.1130550106464516,0.49599531244561645,2.3255506630013447,101.97380983558423,0.383,0.337
2023,Teoscar Hernández,1.2513836859998562,-1.4300933957858417,-1.0907760725156626,99.99689410333221,0.305,0.317
2024,Teoscar Hernández,0.5906963889629145,-1.2968241581501962,-0.23859103397354586,99.11468408559068,0.339,0.36
2025,Teoscar Hernández,0.43863940305177723,-1.234340569074767,-0.19338969168227765,98.54071803717378,0.284,0.315
2026,Teoscar Hernández,-0.14485185361428765,-1.1472442177437985,0.20658249690394662,96.60392466192475,0.317,0.31
2023,Thairo Estrada,-0.40127283838378086,1.255259669104727,-1.002891069892454,98.09543697238705,0.315,0.316
2024,Thairo Estrada,-0.3835605029560544,1.2092493715251955,-1.198791757977085,97.4749344188494,0.247,0.256
2025,Thairo Estrada,-0.20619889922608417,0.7691300111288888,-1.1126837498338948,97.54829265925738,0.285,0.284
2025,Thomas Saggese,-0.8830126545094592,-0.1736900800419027,-1.039737783567689,91.21731813287032,0.299,0.282
2023,Tim Anderson,-0.9503462231296603,0.22684873958078894,-0.9646959482800007,92.16464698422674,0.286,0.26
2024,Tim Anderson,-0.934711544670214,-0.655560150597861,-1.6003992716501534,87.87448916797297,0.237,0.208
2025,Tim Tawa,0.45462712955453416,-0.833715376327936,0.16193877712811638,100.82578063654667,0.274,0.273
2026,Tim Tawa,0.8030747975114435,0.025322695002438587,0.3232270955910605,105.72633668075859,0.275,0.283
2023,TJ Friedl,-0.9231643723996663,1.077693667795445,1.0826102625073244,100.91072944813752,0.352,0.353
2024,TJ Friedl,-0.7398601662864203,0.9502403923251861,0.9944882263934792,101.35575706311764,0.31,0.305
2025,TJ Friedl,-0.888341896677045,0.9826162524977269,1.3668071443867875,101.71424080163892,0.364,0.333
2026,TJ Friedl,-0.7075248925177965,0.1840510026382809,1.192083271949127,100.02012043086184,0.254,0.235
2026,TJ Rumfield,-0.8393221809096093,1.1111977768109913,-0.07705937300999344,97.96358864757975,0.376,0.369
2023,Tom Murphy,-0.06421788933185484,-1.3232953611805183,0.1348427382328774,96.36661110063783,0.335,0.367
2024,Tomás Nido,-0.8567709933166965,-1.531499750788063,-2.3577172990013966,83.59483598078099,0.219,0.231
2023,Tommy Edman,-0.2436181041498155,1.7076730380989003,0.25562790716889017,104.09608827016525,0.307,0.306
2024,Tommy Edman,-0.7064570728491983,0.06914070857622422,0.6548378897023098,98.07325994870267,0.294,0.307
2025,Tommy Edman,-0.568587366621907,1.2463348210530094,0.0806173731831916,100.3933544539673,0.274,0.284
2026,Tommy Edman,-0.7531470308072702,0.6948532317342494,0.5651936103257522,99.26418641793549,0.403,0.389
2023,Tommy Pham,1.1644017636638753,0.33946796867698614,0.9809277458886525,110.70083002396608,0.328,0.332
2024,Tommy Pham,0.028410982769681008,0.05772168953444333,1.4561172723615095,104.75514322221298,0.305,0.297
2025,Tommy Pham,0.5239072777331472,0.19301000837856977,1.3211131661177222,107.60275000975558,0.33,0.308
2026,Tommy Troy,-0.03840019760551565,-0.16702583657373712,0.9769079175524762,102.28525931398494,0.299,0.295
2023,Tony Kemp,-1.0916918469256294,1.6370647482403158,0.7830976690762483,100.5702869442556,0.303,0.276
2026,Travis Bazzana,-0.6010732365090246,0.08234519737170383,0.7628694098540788,99.05172007147914,0.34,0.327
2023,Travis d'Arnaud,0.05538225388011886,-1.0492819606941297,-0.43531347496943734,96.08794263877122,0.288,0.297
2024,Travis d'Arnaud,-0.038395204104762534,-1.4266926307941756,0.6874726384701629,97.91129965664372,0.302,0.319
2025,Travis d'Arnaud,-0.7764278111577466,-1.3116103339177572,-0.4500966204421426,90.47544691709557,0.255,0.263
2023,Travis Jankowski,-1.0808191066336317,1.733286762437596,2.070609058938652,104.81722902418993,0.357,0.312
2024,Travis Jankowski,-1.0627567361795642,0.30865702493621083,1.2638364801943205,98.51701576409879,0.266,0.234
2023,Trayce Thompson,0.2728370597200711,-2.946026374861601,0.908557555573971,96.1812004292103,0.285,0.266
2023,Trea Turner,0.3543826119100532,-0.20777180374573537,-0.9379723105685954,98.63233553434983,0.32,0.333
2024,Trea Turner,-0.22767940024901948,0.3794947803539133,-1.343053051200202,95.6418948312736,0.338,0.349
2025,Trea Turner,-0.264820563069526,0.40782197077430143,-0.49412207223479493,98.08693262100532,0.355,0.352
2026,Trea Turner,-0.2513035096230597,-0.14201682187946502,-0.45058241152241696,96.77315064993185,0.292,0.3
2023,Trent Grisham,-0.6622186053917235,-0.57159197981972,0.7872959563594525,96.95665978257297,0.315,0.299
2024,Trent Grisham,-0.8567709933166965,-0.43671706759190226,2.251068107267186,100.65171995126674,0.29,0.295
2025,Trent Grisham,-0.5952335774598352,0.10182651917881137,1.5582585613525632,101.55943191345416,0.348,0.353
2026,Trent Grisham,-0.8748060662458665,0.7165904504880042,1.9417754297011454,102.8043701712244,0.316,0.31
2023,Trevor Larnach,0.2456552089900771,-1.6541602188691173,1.0214415323873864,99.94922941229011,0.311,0.313
2024,Trevor Larnach,0.3346060059442141,-0.16198764606047308,0.8140967451128247,103.97432008426992,0.338,0.336
2025,Trevor Larnach,0.017629271812512278,0.06142987884848268,0.186901990295816,100.84153058573376,0.323,0.317
2026,Trevor Larnach,-0.261441762576276,0.13402468780563728,0.17684990138410805,99.38846805176513,0.377,0.363
2023,Trevor Story,-0.5045638711577582,-0.8611090192902391,-0.15665255031720132,94.19942024753087,0.25,0.249
2024,Trevor Story,-0.7231586195678092,0.13213674355174457,-0.987403549697508,93.15482006765312,0.34,0.318
2025,Trevor Story,-0.4513440389350232,-0.479881827269732,-1.200569708178249,92.39059009544881,0.308,0.32
2026,Trevor Story,-0.4946215805002526,-0.44735673720521757,-2.3411900905548886,88.75902191326054,0.244,0.242
2024,Trey Lipscomb,-0.5338744234235524,0.23241114923328146,-0.9912917200978113,94.52246166096114,0.268,0.231
2023,Trey Mancini,-0.2653635847338107,-1.0862988919504986,-0.19924424703205132,94.83714108550708,0.299,0.28
2024,Trey Sweeney,1.2476238932282764,-1.2588992430903745,-0.6205033108102075,101.88044327744171,0.269,0.279
2025,Trey Sweeney,0.3480422862028215,-0.7818656177668116,-0.17297844233190654,99.33052590932252,0.257,0.244
2026,Tristan Gray,0.28602389689740826,-1.2724359274956247,-1.1846527410849477,94.53146764381368,0.271,0.266
2026,Tristan Peters,-0.8900134456756912,0.23966308166295067,-0.41705345347863515,94.2172584428456,0.328,0.33
2023,Triston Casas,2.2027484615496475,-0.8280559215333195,1.2542938089900109,114.33627824232228,0.367,0.367
2024,Triston Casas,1.5538189164028093,-1.575775057330847,0.6964595617580306,106.7896949149708,0.337,0.342
2025,Triston Casas,1.653706617261301,-1.2789729009967097,1.1584298321438837,109.5994265370582,0.277,0.256
2025,Troy Johnston,-0.9203173496825586,-0.5841317021694686,-1.247937391743806,89.22858585928681,0.331,0.328
2026,Troy Johnston,-0.9559120898715977,0.4643888035672803,-0.3253261256839634,94.7361078624349,0.355,0.332
2023,Tucker Barnhart,-1.1134373275096245,0.1692853573892919,0.520145673236433,95.57316964554934,0.285,0.25
2023,Tucupita Marcano,-0.9340371126916639,1.4732140407314045,0.10506489846675397,98.97052179015613,0.276,0.275
2023,Ty France,-0.06421788933185484,1.0031035118251943,-0.34063360171521245,101.37201892523477,0.337,0.315
2024,Ty France,-0.3724261384769804,0.4644105595657803,0.19528471062331898,99.71504326188123,0.305,0.296
2025,Ty France,-0.41936858592950943,0.9482068747846804,-0.6683025221258999,98.15645740414634,0.32,0.302
2026,Ty France,-0.2462343831464514,-0.0641353529611557,-0.4299414307559116,97.0814307645696,0.338,0.373
2026,Tyler Callihan,-0.7125940189944047,-1.5658732278107983,-0.19509321181324,90.91747837305178,0.283,0.294
2024,Tyler Fitzgerald,-0.773263259723642,-1.1778516036785172,0.23241515100276394,92.94113133285774,0.334,0.357
2025,Tyler Fitzgerald,-0.9949267400287576,-0.6290911723790586,-0.6018670444215722,90.63522579033106,0.278,0.269
2023,Tyler Freeman,0.06081862402611774,1.3032006570560997,0.39757687884928133,105.17758859419469,0.295,0.29
2024,Tyler Freeman,-0.20541067129087148,1.2678472010001993,0.8506480923409547,104.90876799608077,0.305,0.283
2025,Tyler Freeman,-0.4300270702646806,1.9598170622645847,0.3205644139087345,103.90827030498264,0.354,0.319
2026,Tyler Freeman,-0.6365571218452818,1.805852024619051,0.3922010274764894,102.4974811615328,0.326,0.297
2025,Tyler Heineman,-1.1654624893914978,1.2720774718508236,-1.023904539214537,93.63161208442638,0.361,0.341
2026,Tyler Heineman,-1.2600596784680889,0.7214111031601811,-1.9028252602882518,88.8801814003907,0.233,0.217
2025,Tyler Locklear,-0.3341007112481392,-0.11662452105938377,-1.1988074623124025,94.0855816171125,0.267,0.245
2023,Tyler Nevin,-1.1134373275096245,0.4153491570035134,0.8748372349712528,97.33461730472767,0.306,0.282
2024,Tyler Nevin,-0.9792490025865097,-0.09348129606980103,0.43220909421719295,95.35770468939015,0.288,0.276
2023,Tyler O'Neill,0.19129150753008903,-0.14177790591423678,0.7040470221813823,102.86168449254914,0.312,0.313
2024,Tyler O'Neill,1.7041328368703075,-1.3548017419117526,0.3423775224107853,107.19997393036512,0.336,0.36
2025,Tyler O'Neill,0.6411506054200312,-1.0331313010980987,0.035296437422484075,100.97277831096075,0.292,0.297
2026,Tyler O'Neill,-0.2665108890528841,-0.5166562555637304,0.6206999800465176,98.90468096354421,0.29,0.293
2023,Tyler Soderstrom,0.2565279492820747,-0.8671106411246209,-0.8409348030023925,96.52959118309256,0.232,0.216
2024,Tyler Soderstrom,1.31443008010272,-0.5203065359042461,0.39941322761328346,107.42028361351758,0.315,0.322
2025,Tyler Soderstrom,0.8063571126151858,0.37568210702332194,0.08594627597129434,105.99525222873012,0.346,0.354
2026,Tyler Soderstrom,0.985563350669338,0.5404495086297689,0.6842500495976332,109.31508164608235,0.342,0.349
2023,Tyler Stephenson,-0.9884008141516519,-0.20971312013275875,0.8605441104620412,96.28516941960225,0.317,0.305
2024,Tyler Stephenson,-0.6452180682142917,0.530860610787619,0.8010161906498007,100.15479006707044,0.338,0.339
2025,Tyler Stephenson,-0.9416343183529012,-0.7431361177174671,0.7343378556674669,94.69398527148783,0.316,0.319
2026,Tyler Stephenson,-0.7734235367137029,-0.5088239975120943,1.5218902773825127,98.71843255280898,0.325,0.319
2024,Tyler Wade,-1.079458282898175,1.0226193403762496,0.5177430625486079,98.13015376362672,0.285,0.242
2025,Tyler Wade,-1.144145520721155,-0.2200316477762893,0.25153722680493484,93.49763202547264,0.309,0.262
2023,Tyrone Taylor,-0.9775280738596543,0.48221273463488773,-0.959434947890158,92.73070066723183,0.267,0.302
2024,Tyrone Taylor,-0.7899648064422529,0.8581732617246935,-0.7861254774115195,95.39196337793351,0.299,0.304
2025,Tyrone Taylor,-0.6751722099736196,0.9707263935817544,-0.736490851224601,96.52304380812262,0.279,0.264
2026,Tyrone Taylor,-0.5807967306025917,0.33222851685118127,-0.44414688273604225,96.19076968418568,0.291,0.335
2024,Vaughn Grissom,-0.8846069045143813,0.7631616606879154,0.37633776551324216,98.11418116299345,0.246,0.213
2026,Vaughn Grissom,-0.20568137133358588,0.768447208620456,0.016391609441128493,100.98424346599718,0.331,0.327
2023,Victor Caratini,0.14236417621609984,0.2819060828012412,0.5764204838893524,103.3637512650942,0.327,0.312
2024,Victor Caratini,0.12305308084180938,0.28835218190835,0.6944324937118515,103.62827623067452,0.336,0.324
2025,Victor Caratini,0.04960472481802614,0.5590494915457999,0.8031386765406026,104.28234376025935,0.324,0.318
2026,Victor Caratini,-0.5960041100324164,0.9049084756012322,0.6441388424011693,101.00126166488864,0.32,0.3
2026,Victor Mesa Jr.,0.7473144062687535,0.19325708306171516,-0.46283217879177946,103.4763040787636,0.313,0.333
2024,Victor Robles,-1.0293536427423424,0.11725402441578103,-0.3519335548642262,93.26511287810543,0.381,0.357
2025,Victor Robles,-1.1174993098832269,0.1260548006995784,-2.142745379379806,87.32868858954176,0.281,0.268
2026,Victor Robles,-1.1536080224593168,0.13776415918079177,-0.6947099514034035,91.55622137686538,0.291,0.257
2024,Victor Scott II,-0.778830441963179,-0.11974736999842202,0.5733605894228426,96.88042838283327,0.219,0.221
2025,Victor Scott II,-0.888341896677045,-0.08735167958671033,0.33671970483421776,95.61316490444058,0.305,0.274
2026,Victor Scott II,-1.1181241371230597,-0.16537250550011584,0.9948065815277617,96.06177683915521,0.276,0.248
2024,Vidal Bruján,-1.1184285585749338,0.18745889734432947,0.16136602879912315,94.50306207631475,0.303,0.276
2024,Vinnie Pasquantino,-0.0717982975419844,1.962591606559233,-0.2910432570773251,104.13975592156945,0.315,0.325
2025,Vinnie Pasquantino,0.19882350551042383,1.270459008565292,-0.1446157053113856,104.24034579114738,0.323,0.34
2026,Vinnie Pasquantino,-0.7784926631903111,1.3519169335064078,-0.014593235386649731,99.17516066188821,0.318,0.294
2025,Vinny Capra,-1.1281577942183982,-0.09077996086027795,0.6475488062485262,95.15384950354368,0.157,0.15
2023,Vladimir Guerrero Jr.,1.680856927533762,0.4806900469020399,-0.1729601536220489,110.5872328497571,0.345,0.34
2024,Vladimir Guerrero Jr.,2.0047606778053035,0.4925365520739966,-0.09957410484770693,112.72801699556142,0.396,0.398
2025,Vladimir Guerrero Jr.,2.399800520723289,0.4810000008335864,0.544528213177323,116.95407981884289,0.381,0.366
2026,Vladimir Guerrero Jr.,1.9132134958886367,0.4612558551344603,-0.13832847301918968,111.99068840888246,0.345,0.311
2026,Wade Meckler,-1.1738845283657497,0.12697823404041647,0.4870621159430951,95.00347202328406,0.362,0.34
2023,Wander Franco,-0.015290558017865661,1.470533231187216,0.4954072141132517,105.49642251704157,0.344,0.349
2025,Warming Bernabel,-0.9309758340177299,0.4377051464266017,-1.665772009682423,90.72934298828761,0.288,0.301
2024,Wenceel Pérez,-0.6563524326933657,0.6022397330849872,0.20339130116543763,98.46988823540747,0.3,0.299
2025,Wenceel Pérez,-0.7497816003198184,-0.08483335465090432,-0.4334339657690378,94.08344644358445,0.308,0.318
2026,Wenceel Pérez,-0.3425477862020069,0.9106015048328866,0.6691031737042152,102.5677655298558,0.246,0.262
2025,Weston Wilson,0.9875513463130973,-0.3838555101341302,1.0539200096077777,107.88783780671244,0.282,0.288
2023,Whit Merrifield,-1.0482008857576388,0.8380311238360444,-0.20978842840127826,95.58683343734808,0.318,0.304
2024,Whit Merrifield,-1.1573988342516925,0.8903213069502406,0.8493936081560967,98.318674924192,0.311,0.283
2023,Will Benson,-0.5806730532017415,-1.626113074219433,1.601721950251598,96.98422043140805,0.365,0.369
2024,Will Benson,-0.027260839625688642,-2.3418687512249527,0.6975878354141871,95.46876790082571,0.274,0.285
2025,Will Benson,-0.2221866257288411,-1.3563477836959243,0.0014600290144002265,94.9500112166746,0.273,0.298
2026,Will Benson,0.6459318767365897,-2.073717415435063,1.7633173477543291,103.3716282417574,0.31,0.29
2023,Will Brennan,-1.0047099245896485,1.2222979331802097,-1.3515637635888216,93.43212373745098,0.299,0.285
2024,Will Brennan,-0.9903833670655836,0.8328808537196799,-0.59810791783464,94.72763716531695,0.309,0.303
2023,Will Smith,-0.9503462231296603,0.608083190489525,0.712760359996129,98.32503638986853,0.359,0.345
2024,Will Smith,-0.9959505493051205,0.5857565931807648,0.4200985507579923,97.10743694823445,0.327,0.326
2025,Will Smith,-0.8776834123418735,0.30906259997531976,1.44841858290761,100.15654363745442,0.404,0.389
2026,Will Smith,-0.8798751927224748,1.157944881622306,1.3983947107533965,102.3458451837643,0.338,0.321
2025,Will Wagner,-0.8723541701742881,0.8727599536369616,0.40267094801057934,98.56953807888641,0.324,0.28
2023,Willi Castro,0.18585513738409012,-0.07266395625760594,-0.8232444898804985,98.37545618722747,0.339,0.327
2024,Willi Castro,-0.31118713384207386,-0.18914351655950415,-0.547969981755704,95.99774258958256,0.331,0.317
2025,Willi Castro,-0.08362632937161463,-0.5345470887566065,-0.147816460036897,97.58124844442591,0.313,0.302
2026,Willi Castro,0.20998699974828547,-0.3735713929237907,-0.8073986150031297,97.72955907376115,0.33,0.325
2023,William Contreras,1.2948746471678465,-0.4141506709476751,0.5144073689286456,107.95073467249321,0.367,0.357
2024,William Contreras,1.62619228551679,-0.5311558935184948,0.5277223808041399,109.59456243307307,0.365,0.359
2025,William Contreras,0.6571383319227879,-0.05642188781742342,0.6249794359833074,105.56846093284142,0.355,0.332
2026,William Contreras,0.5141345883447768,1.0921900560007702,0.2923678996660634,106.9100019881409,0.336,0.319
2024,Willie Calhoun,-0.595113428058459,1.6629066401139128,0.8005126028655626,103.584342342483,0.315,0.305
2025,Willie MacIver,-0.9469635605204868,0.323665411960809,-1.5663490008092604,90.62250695115407,0.252,0.256
2023,Willson Contreras,2.2516757928636366,-0.2172969833340424,-0.5950006344071689,110.68894988773017,0.358,0.358
2024,Willson Contreras,2.227447967386782,-1.4405903237353834,-0.14198257971316477,108.5335294101244,0.38,0.37
2025,Willson Contreras,2.0907044750033226,-0.2866082557378345,-0.6638879142238132,109.3505268322435,0.344,0.344
2026,Willson Contreras,2.389711384689806,-0.5798745959790694,-1.08646471672394,108.99146436459793,0.392,0.4
2023,Willy Adames,0.20216424782208658,-0.5557919788207759,-0.5707262447865254,97.89867879808348,0.31,0.311
2024,Willy Adames,0.6797713047955061,-0.5256838733391647,0.04666397631460673,102.63940203630824,0.331,0.342
2025,Willy Adames,-0.15290647755022788,-0.33727200663983536,0.19993033227004348,98.78314565360434,0.318,0.321
2026,Willy Adames,0.05791320545003984,-0.7507054654397791,-0.11239917395935671,97.91308065513152,0.282,0.308
2023,Wilmer Flores,-0.9666553335676568,1.3121177350743,0.42216627547813573,99.29862875879938,0.355,0.368
2024,Wilmer Flores,-1.0516223717004902,1.76321584693117,-0.39675610091003083,97.56398647681071,0.277,0.262
2025,Wilmer Flores,-1.1548040050563264,0.6630888095962841,-0.014184132121801946,95.076435608105,0.307,0.302
2024,Wilyer Abreu,1.2977285333841089,-0.4596045317101336,-0.19432202848145028,105.68521005809028,0.322,0.336
2025,Wilyer Abreu,0.9768928619779258,0.1846618965863103,0.2556952512783572,106.97417848937333,0.317,0.334
2026,Wilyer Abreu,0.6357936237833731,0.18569842148913146,-0.25966607734151653,103.42450748976141,0.32,0.325
2024,Wyatt Langford,1.4981470940074397,0.16193267925615,0.7659774632541488,111.49649282889001,0.325,0.321
2025,Wyatt Langford,0.3373838018676501,-0.06493048014334332,0.6738722251437175,103.83306909161256,0.344,0.337
2026,Wyatt Langford,0.027498446590390645,0.19225174100266357,0.5376572134467282,102.32882378678235,0.32,0.355
2023,Xander Bogaerts,-0.3034181757558023,0.66745300539641,0.6329084804108435,102.01100377108197,0.35,0.343
2024,Xander Bogaerts,-0.3223214983211478,1.0120971078638448,0.6667602094057207,102.95980859576802,0.307,0.3
2025,Xander Bogaerts,0.16684805250490997,0.7460168985316528,0.43664492558215007,104.36812882942324,0.328,0.313
2026,Xander Bogaerts,0.16943398793541992,0.3773407167082764,1.2119442491283516,105.71930080324569,0.313,0.287
2024,Xavier Edwards,-1.1573988342516925,0.7802581395786603,1.2152119471768092,99.1263124268759,0.397,0.359
2025,Xavier Edwards,-1.074865372542542,1.7896797676386391,0.666347821069285,100.73627446717035,0.343,0.308
2026,Xavier Edwards,-1.128262390076276,1.0597195163567472,1.103996746758771,99.73255200372559,0.373,0.342
2023,Yainer Diaz,0.8817105160719376,0.34928659198267725,-2.4277729201716083,98.71335480575341,0.308,0.354
2024,Yainer Diaz,0.14532180979995735,0.6525826514149282,-2.4065038463243305,95.33442428500852,0.325,0.329
2025,Yainer Diaz,-0.051650876366100766,0.9412166883161663,-2.666924443111401,94.19654907778556,0.284,0.3
2026,Yainer Diaz,-0.22595787724001873,0.8046035325332058,-1.1487995656068168,97.42183212517781,0.275,0.293
2023,Yan Gomes,-0.6839640859757188,0.4634632469534292,-1.2669266764279838,93.45140297130595,0.315,0.312
2023,Yandy Díaz,1.1154744323498862,0.8332621568806194,1.152455691780671,112.30741311420842,0.41,0.402
2024,Yandy Díaz,0.7298759449513387,1.5164035236344142,1.1760237260166564,112.03003486155988,0.341,0.331
2025,Yandy Díaz,0.6731260584255451,0.9790099108866,0.7521470342287764,108.91995244526358,0.366,0.364
2026,Yandy Díaz,0.7726600386517943,1.3422433780799374,0.7681783616737413,110.55524253801997,0.377,0.366
2025,Yanquiel Fernández,1.2060502751841082,-0.4768976943805684,-0.8600606184499618,103.0785216813032,0.265,0.268
2023,Yasmani Grandal,-0.6078549039317355,0.08636518175648045,0.24385577288215457,97.4444838595713,0.309,0.288
2024,Yasmani Grandal,-0.7008898906096614,0.6146898083319532,0.7797728524351369,99.99871688672128,0.304,0.308
2023,Yoán Moncada,1.2133290949778643,-0.500796844684343,-0.1066400202613507,105.34662361005407,0.305,0.315
2025,Yoán Moncada,0.833003323453114,-0.738067374457356,0.9042616117112253,105.5509455203283,0.336,0.339
2026,Yoán Moncada,0.2809547704208,-0.3229818252933528,1.1745628296285089,104.31224945022254,0.308,0.281
2025,Yohel Pozo,-0.7018184208115478,1.0280112384092062,-3.5171737263185308,88.06757423027165,0.262,0.275
2026,Yohendrick Piñango,1.6496189191050106,-0.24858529239154162,-0.6028588051306351,107.07512247139549,0.306,0.308
2023,Yordan Alvarez,2.7246399955655325,0.9232777044730535,-0.12376580049898733,118.03772596362172,0.407,0.415
2024,Yordan Alvarez,2.3220900654589105,1.0099857099958394,-0.6263898967311198,114.40684041721563,0.392,0.402
2025,Yordan Alvarez,2.1280091701764223,1.0612842460947403,-0.4270107653144944,114.02636693420014,0.367,0.338
2026,Yordan Alvarez,1.8371765987395137,0.9806427513857697,0.30236528411255054,114.32935474531732,0.433,0.445
2023,Yu Chang,0.12061869563210449,-0.6161025304435758,-1.065175450175207,95.75273777680306,0.2,0.236
2023,Yuli Gurriel,-0.6948368262677165,1.4800556336641073,-0.3323289163782584,99.0506907377238,0.304,0.287
2025,Zach Dezenzo,0.3480422862028215,-1.5611120752868666,0.8737960919015145,100.3538743411582,0.321,0.306
2023,Zach McKinstry,-0.9286007425456652,0.9417170611108875,-0.06286391440172205,97.0172673719558,0.302,0.289
2024,Zach McKinstry,-1.1239957408144707,0.44467692787059293,0.03985829421652596,94.81437410272785,0.277,0.27
2025,Zach McKinstry,-1.1015115833804703,0.27046626125602696,0.5281166062082053,95.94741869277507,0.333,0.333
2026,Zach McKinstry,-0.9711194693014222,1.5116169767007748,-0.3971357822791654,97.33348020810197,0.283,0.268
2023,Zach Neto,-0.7492005277277045,-0.598587041738591,-0.011288515436052263,93.94625199607826,0.308,0.302
2024,Zach Neto,-0.3501574095188327,0.0725230619360386,-0.8453553055200639,95.5919829746325,0.318,0.33
2025,Zach Neto,-0.49930721844329384,-0.3826035532415382,-0.43472493938776974,94.711121104305,0.319,0.337
2026,Zach Neto,-0.5807967306025917,-0.5408325667811392,-1.2460636005237364,91.32991549022657,0.324,0.331
2023,Zach Remillard,-0.8416188202096841,-1.0150783846214142,0.7679411338557165,94.62397834448015,0.295,0.27
2023,Zack Gelof,-0.5045638711577582,-2.038155614904997,0.3855710642699819,92.58460836916566,0.337,0.357
2024,Zack Gelof,-0.5171728767049416,-1.899846067163517,0.13848789156560778,92.14315229989957,0.27,0.276
2025,Zack Gelof,-0.44601479676743755,-3.2886452476018513,0.28544994645644384,89.15267148866282,0.23,0.224
2026,Zack Gelof,0.387406426429572,-1.2610450239226718,0.656962339061375,100.7554625652376,0.327,0.348
2023,Zack Short,-1.021019035027645,-0.5969074010672736,1.6109779731165426,97.30449956129007,0.292,0.281
