"season","name","team","pa","h_swing","h_contact","h_zone","s_swing","s_contact","s_zone","c_swing","c_contact","c_zone","w_swing","w_contact","w_zone","avg","nameascii","playerid","mlbamid","last_name_first","player_id","year","k_percent","bb_percent","batting_avg","slg_percent","on_base_percent","on_base_plus_slg","woba","xwoba","wobacon","xwobacon","avg_swing_speed","fast_swing_rate","blasts_contact","blasts_swing","squared_up_conta","squared_up_swing","avg_swing_length","swords","attack_angle","attack_direction","ideal_angle_rate","vertical_swing_p","exit_velocity_av","launch_angle_avg","barrel_batted_ra","z_swing_percent","oz_swing_percent","iz_contact_perce","whiff_percent","groundballs_perc","flyballs_percent","linedrives_perce"
"2026","A.J. Ewing","NYM","275","0.70138889","0.89108911","0.26158038","0.49559471","0.75111111","0.41235241","0.23770492","0.46551724","0.22161671","0.06956522","0","0.1044505","0.272727272","A.J. Ewing","33656","805999","Ewing, A.J.","805999","2026","26.2","9.8","0.273","0.417","0.344","0.761","0.335","0.321","0.416","0.393","70.1","10.8","13.9","10.5","32.9","24.9","6.5","13","8.4","-1.4","39.6","37.2","89.4","11.4","6.3","65","28","85.1","25","46.3","25.1","23.4"
"2023","Aaron Hicks","- - -","312","0.68299712","0.87763713","0.2562777","0.43803056","0.74806202","0.43500739","0.14965986","0.45454545","0.21713442","0.03225806","0.25","0.0915805","0.252788104","Aaron Hicks","5297","543305","Hicks, Aaron","543305","2023","22.1","13.5","0.253","0.383","0.353","0.736","0.326","0.282","0.363","0.295","66.6","1.7","10","7.3","34.6","25.4","7.2","4","10.6","-1.5","43.1","29","85.3","12.6","4","61.3","20.8","80.8","25.6","47.8","23.4","17.9"
"2023","Aaron Judge","NYY","458","0.77070064","0.79889807","0.24776433","0.45419355","0.60227273","0.40768017","0.13569937","0.30769231","0.25197265","0.02840909","0","0.09258285","0.267029972","Aaron Judge","15640","592450","Judge, Aaron","592450","2023","28.4","19.2","0.267","0.613","0.406","1.019","0.42","0.466","0.557","0.643","76.3","66.9","28.2","18.9","38.2","25.7","8.1","2","16","-5.4","52.5","42.2","97.6","20.4","27.6","67","19.4","72.4","36.6","30.4","40.8","22.5"
"2024","Aaron Judge","NYY","704","0.78319783","0.85467128","0.25607217","0.44679054","0.64461248","0.41082582","0.14141414","0.28571429","0.24045802","0.02247191","0","0.092644","0.322003577","Aaron Judge","15640","592450","Judge, Aaron","592450","2024","24.3","18.9","0.322","0.701","0.458","1.159","0.476","0.48","0.617","0.625","77","73.5","25.4","18.2","33.5","24","8.2","14","14.2","-4.3","50.8","39.8","96.2","19","27.1","67.4","18.8","77.4","30.7","31.5","38.7","25.9"
"2025","Aaron Judge","NYY","679","0.7515528","0.85743802","0.24477385","0.48324515","0.61131387","0.43101482","0.18357488","0.23684211","0.23603193","0.01293103","0","0.0881794","0.330868761","Aaron Judge","15640","592450","Judge, Aaron","592450","2025","23.6","18.3","0.331","0.688","0.457","1.145","0.463","0.46","0.597","0.592","76.9","71.2","25.3","17","34.4","23.2","8.1","35","13.9","-5.8","50.6","38.4","95.4","19","24.8","67.1","22.5","75.4","34.6","33.5","38.4","22.4"
"2026","Aaron Judge","NYY","261","0.71755725","0.85106383","0.23518851","0.49471459","0.65811966","0.42459605","0.19924812","0.35849057","0.23877917","0.02654867","0.33333333","0.10143627","0.247663551","Aaron Judge","15640","592450","Judge, Aaron","592450","2026","27.6","16.1","0.248","0.533","0.375","0.908","0.385","0.415","0.492","0.546","76.1","64.4","20.8","14.5","31.7","22.1","8.1","12","12.1","-5.1","50.7","38.5","94.1","14.6","21.7","64.1","25.8","78.4","32.2","38.5","32.2","22.4"
"2024","Abraham Toro","OAK","364","0.66846361","0.94758065","0.2661406","0.54237288","0.865625","0.42324247","0.29903537","0.56989247","0.223099","0.04098361","0.2","0.08751793","0.240356083","Abraham Toro","19844","647351","Toro, Abraham","647351","2024","17","5.5","0.24","0.35","0.293","0.643","0.283","0.297","0.311","0.329","69.5","10.6","10.6","8.8","36.3","29.9","7.6","4","9.4","-3","55.8","31.9","87.2","12.2","4.3","65.7","30.9","90.5","17.4","44.8","25.6","22"
"2025","Abraham Toro","BOS","284","0.68259386","0.905","0.26515837","0.58874459","0.82720588","0.41809955","0.26666667","0.55882353","0.23076923","0.06315789","0","0.08597285","0.239382239","Abraham Toro","19844","647351","Toro, Abraham","647351","2025","14.8","4.9","0.239","0.371","0.289","0.66","0.286","0.302","0.304","0.325","69.5","6","11.5","9.3","32.9","26.6","7.6","6","11.2","-2.7","53.4","31.9","86.3","13.4","4.5","65.6","34.9","86.5","20.4","43.2","25.7","22.5"
"2025","Adael Amador","COL","128","0.72222222","0.91208791","0.27937916","0.49489796","0.79381443","0.4345898","0.21505376","0.5","0.20620843","0.08333333","0","0.07982262","0.17699115","Adael Amador","27962","691182","Amador, Adael","691182","2025","21.1","8.6","0.177","0.265","0.256","0.521","0.238","0.269","0.249","0.294","70.6","12","8.1","6.5","30.4","24.5","7.3","4","5.2","-7.7","40.3","29.9","84.8","15.2","3.4","66.8","27","87.6","20.7","40.4","28.1","23.6"
"2023","Adam Duvall","BOS","353","0.65317919","0.83185841","0.25898204","0.56228374","0.74461538","0.43263473","0.30136986","0.36363636","0.21856287","0.05","0","0.08982036","0.246875","Adam Duvall","10950","594807","Duvall, Adam","594807","2023","31.2","6.2","0.247","0.531","0.303","0.834","0.347","0.305","0.481","0.411","72.1","21.7","15.8","11.1","32.8","23.1","7.6","5","16.8","-10.5","57.7","31.3","88.8","28.9","13.1","63.9","34.1","78.8","31","20.9","40","22.3"
"2024","Adam Duvall","ATL","330","0.69745223","0.89954338","0.25079872","0.55656934","0.72786885","0.43769968","0.3046595","0.42352941","0.22284345","0.04504505","0.2","0.08865815","0.181518151","Adam Duvall","10950","594807","Duvall, Adam","594807","2024","30","6.4","0.182","0.323","0.245","0.568","0.252","0.284","0.317","0.369","72.3","23","13.6","9.9","26.6","19.4","7.6","3","15.6","-9.7","57.8","31.9","86.9","22.2","10.7","65.5","33.4","84.2","27.7","31.2","35.1","18"
"2023","Adam Frazier","BAL","455","0.68659794","0.93093093","0.27730132","0.54239569","0.80397022","0.42481418","0.24427481","0.52083333","0.22469983","0.0546875","0.28571429","0.07318468","0.240291262","Adam Frazier","15223","624428","Frazier, Adam","624428","2023","14.9","7","0.24","0.396","0.3","0.696","0.302","0.301","0.321","0.319","67","0.8","6.1","4.8","36.9","29.2","7.1","3","11.4","-2.1","53.5","36.8","85.7","15.2","3.2","67.1","28.8","88.8","19.2","37.4","25.1","29.7"
"2024","Adam Frazier","KCR","294","0.69642857","0.91452991","0.27745665","0.5386064","0.7972028","0.43848059","0.18253968","0.52173913","0.20809249","0.02173913","0","0.07597027","0.202290076","Adam Frazier","15223","624428","Frazier, Adam","624428","2024","20.1","7.5","0.202","0.294","0.282","0.576","0.261","0.29","0.275","0.317","66.5","1.2","4.8","3.9","30.5","25.1","6.9","11","10.5","-0.7","45.2","37.5","84.5","15.3","2.9","65.5","26.4","88.8","18.8","40.3","25.7","27.2"
"2025","Adam Frazier","- - -","459","0.7306968","0.89948454","0.2884302","0.57774968","0.8249453","0.42965779","0.22680412","0.61363636","0.21075502","0.02290076","0","0.07115698","0.267303102","Adam Frazier","15223","624428","Frazier, Adam","624428","2025","17.6","5.7","0.267","0.365","0.319","0.684","0.3","0.279","0.333","0.306","65.8","1.6","4.3","3.6","32.9","27.2","6.9","16","11.4","3.2","44.9","39.2","85.3","14.5","2","71.2","29.5","86.2","19.7","39.5","26.5","28.8"
"2024","Addison Barger","TOR","225","0.61538462","0.86842105","0.28621089","0.53846154","0.76020408","0.42178447","0.24064171","0.42222222","0.21668598","0.04615385","0","0.07531866","0.197115384","Addison Barger","24598","680718","Barger, Addison","680718","2024","26.7","6.2","0.197","0.351","0.25","0.601","0.262","0.294","0.325","0.374","74.4","44.3","16.7","12.5","31.6","23.6","7.5","5","8.1","0.7","45.4","32.6","88.3","12.1","8.7","61","31.5","80.6","27.6","43","26.8","20.8"
"2025","Addison Barger","TOR","502","0.71220401","0.85421995","0.28081841","0.53684211","0.76470588","0.43734015","0.2412993","0.47115385","0.22046036","0.05833333","0","0.06138107","0.24347826","Addison Barger","24598","680718","Barger, Addison","680718","2025","24.1","7.2","0.243","0.454","0.301","0.755","0.322","0.331","0.398","0.411","75.9","62.5","20.7","15.5","30.6","23","7.7","7","9.1","-5.2","51","28.9","91.7","11.9","11.4","66.4","31","82","26.1","42.5","22.9","24.9"
"2023","Adley Rutschman","BAL","687","0.65951359","0.94143167","0.24070248","0.46579554","0.85808581","0.44800275","0.17944785","0.61538462","0.22451791","0.03174603","0","0.08677686","0.277210884","Adley Rutschman","26288","668939","Rutschman, Adley","668939","2023","14.7","13.4","0.277","0.435","0.374","0.809","0.352","0.374","0.362","0.393","70.2","9.6","14.8","12.9","35","30.5","6.9","6","9.3","1.7","50.5","37.6","88.4","12.6","7.5","60.7","23.4","89.3","15.6","42.9","26","26.4"
"2024","Adley Rutschman","BAL","638","0.63157895","0.90952381","0.2564597","0.51022222","0.84843206","0.43386039","0.26027397","0.67763158","0.22522175","0.03196347","0.28571429","0.08445816","0.250437828","Adley Rutschman","26288","668939","Rutschman, Adley","668939","2024","16.1","9.1","0.25","0.391","0.318","0.709","0.309","0.32","0.33","0.346","69","6.4","10.5","8.9","35.7","30.1","6.9","9","10.4","-2.4","48.7","36.2","88.2","18.8","6.1","60.2","28.9","88.1","17.1","34.9","32","25.5"
"2025","Adley Rutschman","BAL","365","0.65128205","0.95275591","0.26156942","0.43657817","0.84459459","0.45472837","0.16819572","0.58181818","0.2193159","0","null","0.06438632","0.220496894","Adley Rutschman","26288","668939","Rutschman, Adley","668939","2025","15.6","11","0.22","0.366","0.307","0.673","0.298","0.325","0.301","0.338","70","12","12.7","11.1","40.2","34.9","6.9","6","9.3","-1.4","48","34.5","89.4","13.7","7.5","58.9","21.6","91.1","14.5","43.4","28.1","22.5"
"2026","Adley Rutschman","BAL","284","0.61716172","0.95187166","0.26075731","0.49475891","0.8559322","0.41049914","0.20610687","0.61111111","0.22547332","0.025","0","0.10327022","0.251012145","Adley Rutschman","26288","668939","Rutschman, Adley","668939","2026","14.1","10.6","0.251","0.433","0.331","0.764","0.333","0.348","0.34","0.361","70.8","13.2","15.4","13.2","37.6","32.4","7","11","7.4","-3.6","43.6","33.3","89.4","14.9","7.1","58.3","25.1","90","15.8","38.7","28.8","28.8"
"2023","Adolis García","TEX","632","0.76650564","0.78571429","0.24238876","0.57222222","0.72491909","0.42154567","0.22673435","0.35820896","0.23067916","0.06296296","0.23529412","0.10538642","0.245045045","Adolis Garcia","19287","666969","García, Adolis","666969","2023","27.7","10.3","0.245","0.508","0.328","0.836","0.354","0.365","0.451","0.47","73.5","38.5","15.8","10.4","27.2","18","7.9","4","11.9","-1.5","60.8","31.2","92.1","15.7","16.1","71.5","29.5","76.5","31.6","37.8","36","20.5"
"2024","Adolis García","TEX","637","0.79338843","0.79375","0.23884722","0.5984556","0.6983871","0.40900118","0.31691297","0.38860104","0.24042637","0.08480565","0.125","0.11172523","0.224137931","Adolis Garcia","19287","666969","García, Adolis","666969","2024","27.8","7.1","0.224","0.4","0.284","0.684","0.296","0.309","0.376","0.397","71.8","22.6","16.4","11.1","33.3","22.5","7.8","14","10.4","-2.4","57.9","29.3","91","15","12.5","75","33.6","75.4","34.3","38.9","31.3","22"
"2025","Adolis García","TEX","547","0.75963303","0.79710145","0.25360633","0.57934783","0.75609756","0.4281061","0.30661323","0.45098039","0.23220102","0.11351351","0.14285714","0.08608655","0.226824457","Adolis Garcia","19287","666969","García, Adolis","666969","2025","24.7","5.1","0.227","0.394","0.271","0.665","0.286","0.304","0.353","0.379","72.1","25.3","17.1","12.4","36.2","26.1","7.6","16","8.8","-0.3","62.3","28","92.1","16.3","11.6","69.9","35.8","77.3","30.3","36.9","33.8","22.2"
"2026","Adolis García","PHI","259","0.71370968","0.84180791","0.22920518","0.53724605","0.68487395","0.40942699","0.24731183","0.36231884","0.25785582","0.0625","0","0.10351201","0.194805194","Adolis Garcia","19287","666969","García, Adolis","666969","2026","32.4","8.1","0.195","0.329","0.27","0.599","0.268","0.294","0.345","0.39","71.7","25.6","15.1","10.4","35.9","24.7","7.7","9","9.7","-1.9","58.6","29.1","92.1","14.6","9.3","63.5","29.8","78.3","34.6","39.3","23.3","28.7"
"2025","Adrian Del Castillo","ARI","131","0.64189189","0.78947368","0.27663551","0.54310345","0.65873016","0.43364486","0.22641509","0.33333333","0.19813084","0.08163265","0.25","0.09158879","0.241666666","Adrian Del Castillo","29554","680728","Del Castillo, Adrian","680728","2025","35.9","6.1","0.242","0.392","0.29","0.682","0.295","0.269","0.432","0.386","72.3","20.3","11.5","7.9","29.5","20.3","7","5","13.9","-5.7","47.8","33.6","89.9","19","6.7","62.4","30.3","74","33.7","32","37.3","25.3"
"2026","Adrian Del Castillo","ARI","183","0.74011299","0.90839695","0.23951286","0.54258675","0.73837209","0.42895805","0.23837209","0.29268293","0.23274696","0.08219178","0","0.09878214","0.202380952","Adrian Del Castillo","29554","680728","Del Castillo, Adrian","680728","2026","28.4","7.1","0.202","0.327","0.258","0.585","0.26","0.264","0.327","0.334","72.2","24.6","11.7","8.5","33.3","24.3","6.9","8","13.3","0.1","47.9","34.1","88.8","16.9","6.8","67.8","29.4","81.5","29.3","36.4","29.7","23.7"
"2025","Agustín Ramírez","MIA","585","0.76909414","0.92147806","0.26531574","0.56995413","0.72434608","0.41093308","0.234714","0.43697479","0.23892554","0.05555556","0.1","0.08482564","0.230912476","Agustin Ramirez","26546","682663","Ramírez, Agustín","682663","2025","19.3","6.2","0.231","0.413","0.287","0.7","0.302","0.332","0.342","0.384","75.2","55.2","22.2","16.9","32.6","24.8","7.5","19","7.2","-2.8","53","25.2","90.8","8.3","11","70.1","32.1","86.2","25.5","45.8","22.2","23.8"
"2026","Agustín Ramírez","MIA","129","0.76859504","0.82795699","0.24493927","0.54639175","0.75471698","0.39271255","0.29752066","0.30555556","0.24493927","0.06896552","0","0.11740891","0.230088495","Agustin Ramirez","26546","682663","Ramírez, Agustín","682663","2026","21.7","10.1","0.23","0.345","0.318","0.663","0.295","0.282","0.325","0.305","75.9","60.5","15","10.7","27.5","19.5","7.6","7","8.5","-5.6","51.2","24.3","89.2","6.3","4.7","71.1","26.6","78.5","31","52.3","15.1","22.1"
"2023","AJ Pollock","- - -","144","0.72463768","0.87","0.24775583","0.64782609","0.7852349","0.41292639","0.27407407","0.35135135","0.24236984","0.01851852","0","0.09694794","0.165413533","AJ Pollock","9256","572041","Pollock, AJ","572041","2023","22.2","6.3","0.165","0.308","0.215","0.523","0.227","0.265","0.257","0.309","72.5","14.8","25","18.5","55","40.7","7.8","1","13.3","-5.1","67.9","26.5","89.4","13","6.8","70.5","34.8","83.7","25.8","48.5","29.1","12.6"
"2023","Akil Baddoo","DET","357","0.75065617","0.91608392","0.27059659","0.4991453","0.74657534","0.41548295","0.22327044","0.33802817","0.22585227","0.01612903","0","0.08806818","0.217948717","Akil Baddoo","22168","668731","Baddoo, Akil","668731","2023","24.9","11.8","0.218","0.372","0.31","0.682","0.299","0.301","0.347","0.351","72.1","29.1","8.3","6.5","27.4","21.6","7.6","11","11.6","0.8","46.2","30.6","88.1","10.8","6.3","68.7","25.7","85.1","25.3","46.9","26.5","19.5"
"2025","Alan Roden","- - -","153","0.68055556","0.89795918","0.26134301","0.50420168","0.76666667","0.43194192","0.312","0.51282051","0.22686025","0.02272727","0","0.07985481","0.19117647","Alan Roden","31564","702176","Roden, Alan","702176","2025","24.2","5.2","0.191","0.294","0.261","0.555","0.249","0.227","0.276","0.243","70.1","12.3","12.1","9.3","36.4","27.8","7.2","4","9.5","-5.3","44.3","27.2","86.4","2.3","2","61.4","32.8","88.2","23.8","58.8","17.6","14.7"
"2023","Alan Trejo","COL","227","0.76569038","0.91256831","0.27314286","0.53018373","0.77227723","0.43542857","0.25945946","0.54166667","0.21142857","0.04285714","0","0.08","0.231884057","Alan Trejo","20056","676701","Trejo, Alan","676701","2023","22.5","7","0.232","0.343","0.288","0.631","0.277","0.278","0.322","0.323","67.7","2.4","8.1","6.7","31.1","25.5","7","1","12","0.9","49.4","36.9","85.5","14.6","4.4","69.8","32.4","85.6","21.9","42.1","25.2","27"
"2023","Alec Bohm","PHI","611","0.73178808","0.91855204","0.26820604","0.5755102","0.83865248","0.43516874","0.22020202","0.58715596","0.21980462","0.04046243","0.14285714","0.0768206","0.274193548","Alec Bohm","21618","664761","Bohm, Alec","664761","2023","15.4","6.9","0.274","0.437","0.327","0.764","0.329","0.344","0.359","0.377","71.9","20.1","15.7","12.9","32.1","26.5","7.4","3","6.9","2.3","51.1","31.6","89.4","11.1","5.7","69","30.2","88.2","18.1","42.6","23.8","28.5"
"2024","Alec Bohm","PHI","606","0.7848537","0.94298246","0.2756167","0.52826087","0.85596708","0.43643264","0.20638298","0.42268041","0.22296015","0.05839416","0.125","0.06499051","0.279783393","Alec Bohm","21618","664761","Bohm, Alec","664761","2024","14.2","6.6","0.28","0.448","0.332","0.78","0.335","0.345","0.363","0.376","72.2","21.5","18.5","15.4","38.9","32.3","7.4","9","6.4","2.8","50.8","30.8","90.4","10.1","6.8","71.1","27.2","89.5","17.6","46.4","23.4","25.7"
"2025","Alec Bohm","PHI","504","0.75645756","0.94146341","0.30094392","0.49113924","0.85824742","0.4386452","0.1849711","0.53125","0.19211549","0.04878049","0.33333333","0.06829539","0.286637931","Alec Bohm","21618","664761","Bohm, Alec","664761","2025","16.3","5.8","0.287","0.409","0.331","0.74","0.322","0.324","0.358","0.36","71.7","18.2","17.2","14.9","37.5","32.4","7.3","11","5.5","4.5","46.6","29.8","90.8","6.8","6.2","66.9","26.4","90.4","14.6","49.7","20.9","27.3"
"2026","Alec Bohm","PHI","424","0.71980676","0.89597315","0.27094241","0.52672956","0.86865672","0.41623037","0.20481928","0.54411765","0.21727749","0.02739726","0.25","0.09554974","0.225388601","Alec Bohm","21618","664761","Bohm, Alec","664761","2026","15.1","6.4","0.225","0.368","0.285","0.653","0.288","0.307","0.301","0.326","70.6","9.9","15.6","13.2","40.9","34.6","7.2","6","4.9","4.4","45.7","29.6","90.7","8.9","5.2","66.9","25.7","88.3","17.1","49.7","21.2","23.3"
"2023","Alec Burleson","STL","347","0.74763407","0.92405063","0.25605816","0.57195572","0.8483871","0.43780291","0.29861111","0.63953488","0.23263328","0.08791209","0.5","0.07350565","0.244444444","Alec Burleson","27615","676475","Burleson, Alec","676475","2023","13","6.6","0.244","0.39","0.3","0.69","0.3","0.337","0.312","0.359","70.3","12.1","15.7","12.8","37","30.2","7.6","1","10.4","-0.1","52.8","32.2","89.9","12.4","5.9","71.8","33.8","88.3","17.7","43.6","24.2","27.5"
"2024","Alec Burleson","STL","595","0.82944345","0.9025974","0.26360625","0.60499432","0.82551595","0.41694274","0.34836066","0.68823529","0.23095125","0.06417112","0.33333333","0.08849976","0.268738574","Alec Burleson","27615","676475","Burleson, Alec","676475","2024","12.8","5.9","0.269","0.42","0.314","0.734","0.319","0.333","0.339","0.357","71.2","18","13.3","11.1","37.2","31","7.5","11","9.6","1.5","54.7","33.4","89.7","13.6","6.5","77.5","34.5","86.6","19.2","42.5","25.5","25.5"
"2025","Alec Burleson","STL","546","0.71886792","0.87401575","0.2741852","0.54556355","0.87252747","0.4314537","0.24361949","0.58095238","0.22296948","0.05797101","0.375","0.07139162","0.28973843","Alec Burleson","27615","676475","Burleson, Alec","676475","2025","14.5","7.1","0.29","0.459","0.343","0.802","0.346","0.345","0.376","0.376","72.3","29.1","19","16","39.4","33.2","7.5","12","9.9","0.5","57.3","31.8","91","15.2","9.5","69.5","28.8","87","17.9","40.2","28.8","24.1"
"2026","Alec Burleson","STL","453","0.71890547","0.8650519","0.24723247","0.6214178","0.8131068","0.40774908","0.30456853","0.70833333","0.24231242","0.1257485","0.33333333","0.10270603","0.284671532","Alec Burleson","27615","676475","Burleson, Alec","676475","2026","15.7","7.7","0.285","0.462","0.344","0.806","0.349","0.381","0.384","0.426","73.4","32.9","19.3","15.8","35.3","28.9","7.6","8","13.1","2","54.2","35.9","91.6","11.6","11.4","69.8","36.6","83.9","21.1","45.2","27.1","22.4"
"2023","Aledmys Díaz","OAK","344","0.76504298","0.90262172","0.29601357","0.59036145","0.7755102","0.42239186","0.24444444","0.49090909","0.19083969","0.05607477","0","0.09075488","0.228571428","Aledmys Diaz","15937","649557","Díaz, Aledmys","649557","2023","19.2","4.9","0.229","0.337","0.28","0.617","0.268","0.274","0.3","0.308","70.8","8.6","10.6","8.6","34.4","27.8","7.6","3","5.7","-6.8","54.2","27.8","87.8","11.3","2.8","70.2","34.4","85.4","22.3","47.2","18.1","25.2"
"2023","Alejandro Kirk","TOR","422","0.64301552","0.94137931","0.26144928","0.46153846","0.875","0.42202899","0.22631579","0.75581395","0.22028986","0.03012048","0.2","0.09623188","0.25","Alejandro Kirk","22581","672386","Kirk, Alejandro","672386","2023","10.7","10","0.25","0.358","0.334","0.692","0.308","0.321","0.294","0.311","69.9","17.4","15.3","14","36","33","7.1","3","5.9","2.7","51.8","22.8","87.6","6.3","5.2","57.4","26.7","92.7","12.8","50.5","21.9","23.1"
"2024","Alejandro Kirk","TOR","386","0.72432432","0.93656716","0.24749164","0.52112676","0.89189189","0.42742475","0.25210084","0.6","0.23879599","0.03875969","0","0.08628763","0.252941176","Alejandro Kirk","22581","672386","Kirk, Alejandro","672386","2024","13.2","9.1","0.253","0.359","0.319","0.678","0.297","0.329","0.3","0.341","70.1","12.2","14.4","12.4","36.8","31.7","7","8","7.2","4.9","51.5","25.3","89.4","10.8","6.7","65.8","28.2","90.2","15.7","46","19.1","25.8"
"2025","Alejandro Kirk","TOR","506","0.71813285","0.8925","0.28174001","0.51597052","0.82142857","0.41173495","0.23972603","0.72380952","0.2215478","0.05357143","0.33333333","0.08497724","0.281596452","Alejandro Kirk","22581","672386","Kirk, Alejandro","672386","2025","11.7","9.5","0.282","0.421","0.348","0.769","0.334","0.359","0.342","0.373","72.5","28.4","21.2","17.4","38.6","31.8","7.2","12","7.9","4.7","55.5","23.9","91.1","11.9","10.1","65.8","29.1","85.7","18.5","44.2","25.4","24.1"
"2026","Alejandro Kirk","TOR","136","0.65384615","0.96470588","0.26530612","0.48803828","0.80392157","0.42653061","0.27102804","0.68965517","0.21836735","0.04545455","0","0.08979592","0.231404958","Alejandro Kirk","22581","672386","Kirk, Alejandro","672386","2026","13.2","10.3","0.231","0.339","0.309","0.648","0.285","0.294","0.287","0.298","71.3","14.4","16.5","13.9","38.8","32.7","7.2","6","6.2","4.6","52.5","22.7","87.5","8.7","2.9","60.4","29","87.4","18.1","49","22.1","21.2"
"2025","Alejandro Osuna","TEX","176","0.62895928","0.92805755","0.29905277","0.50632911","0.825","0.42760487","0.1589404","0.54166667","0.20433018","0.03921569","0","0.06901218","0.211920529","Alejandro Osuna","27915","696030","Osuna, Alejandro","696030","2025","19.3","11.9","0.212","0.278","0.313","0.591","0.27","0.341","0.269","0.374","71.2","16.4","15.6","12.5","29","23.3","7","0","4.7","5","42.1","29.8","88.9","12","6","61.9","24.8","85","19.6","42.9","20.2","30.3"
"2026","Alejandro Osuna","TEX","209","0.67894737","0.94573643","0.2585034","0.53776435","0.87640449","0.45034014","0.2260274","0.72727273","0.19863946","0.08823529","0.16666667","0.09251701","0.256830601","Alejandro Osuna","27915","696030","Osuna, Alejandro","696030","2026","14.4","8.1","0.257","0.301","0.346","0.647","0.3","0.302","0.293","0.295","71.6","23.1","10.4","8.9","31.5","27.1","7","3","1.7","7.4","31.3","28.7","86.6","5","0.7","63.8","31.5","89.9","15.8","50.6","14.9","27.3"
"2023","Alek Thomas","ARI","402","0.67764706","0.91666667","0.28542646","0.53453453","0.75842697","0.44728005","0.26578073","0.3125","0.20214909","0.05154639","0","0.06514439","0.229946524","Alek Thomas","23792","677950","Thomas, Alek","677950","2023","21.4","4.7","0.23","0.374","0.273","0.647","0.278","0.291","0.328","0.346","69.9","5.9","13.9","10.9","39.5","31","6.8","17","7.8","0.8","60.2","27.9","88.9","2.2","5.1","63.6","33.7","86.4","25.2","56","16.7","23.2"
"2024","Alek Thomas","ARI","103","0.68103448","0.93670886","0.31182796","0.51234568","0.61445783","0.43548387","0.26760563","0.63157895","0.19086022","0.04347826","0","0.06182796","0.189473684","Alek Thomas","23792","677950","Thomas, Alek","677950","2024","16.5","6.8","0.189","0.358","0.245","0.603","0.262","0.344","0.281","0.388","70.9","8.1","18.7","14.7","44.9","35.3","7.1","5","10.8","-0.5","62","29.3","91.2","1","7.6","66","30.3","83.1","25.1","60.8","19","20.3"
"2025","Alek Thomas","ARI","469","0.7016129","0.89942529","0.29558999","0.57909605","0.71219512","0.42193087","0.30662983","0.3963964","0.21573302","0.07142857","0.125","0.06674613","0.249422632","Alek Thomas","23792","677950","Thomas, Alek","677950","2025","26","4.5","0.249","0.37","0.289","0.659","0.287","0.289","0.365","0.368","71.1","14.4","16.6","12.3","34.5","25.6","7","31","10","0.4","60.4","27.5","89.6","4.2","7.8","69","35","81.6","28.7","53.6","21.5","20.2"
"2026","Alek Thomas","ARI","100","0.77272727","0.88235294","0.25","0.62758621","0.83516484","0.41193182","0.4","0.5","0.24147727","0.20588235","0.28571429","0.09659091","0.180851063","Alek Thomas","23792","677950","Thomas, Alek","677950","2026","23","3","0.181","0.34","0.222","0.562","0.245","0.292","0.292","0.359","69.6","4.5","15.6","12.1","36.1","28","6.9","5","7.7","3.4","57.2","28.2","89.9","11.7","8.6","74.1","42.5","85.4","26.7","43.1","25","23.6"
"2023","Alex Bregman","HOU","724","0.66530612","0.95092025","0.26353532","0.44196045","0.85214008","0.41699534","0.11323764","0.56338028","0.22481176","0.02272727","0.16666667","0.09465758","0.262057877","Alex Bregman","17678","608324","Bregman, Alex","608324","2023","12","12.7","0.262","0.441","0.363","0.804","0.351","0.353","0.344","0.347","70.2","5.6","12.9","11.6","42.9","38.7","6.8","6","12","-0.6","67.1","28.9","88.6","17.6","5.4","61.2","18.6","91.3","14.1","35.4","31.1","25"
"2024","Alex Bregman","HOU","634","0.71428571","0.92989691","0.28386288","0.48463826","0.8793456","0.42182274","0.18503937","0.74468085","0.21237458","0.03061224","0","0.0819398","0.259896729","Alex Bregman","17678","608324","Bregman, Alex","608324","2024","13.6","6.9","0.26","0.453","0.315","0.768","0.331","0.325","0.353","0.346","71.3","11.9","13.2","11.8","37.7","33.6","7","7","12.2","-2.9","68.5","28.5","89.1","18.2","6.5","65.6","23.7","91.3","12.8","36.5","28.3","24.2"
"2025","Alex Bregman","BOS","495","0.65116279","0.93406593","0.28710837","0.43971631","0.85752688","0.43451464","0.13020833","0.48","0.1972265","0.03164557","0.2","0.08115049","0.272517321","Alex Bregman","17678","608324","Bregman, Alex","608324","2025","14.1","10.3","0.273","0.462","0.36","0.822","0.356","0.337","0.371","0.346","71","9","15.2","13.3","43","37.5","7.1","17","13.5","-5.1","66","28.1","90.1","17.7","6.6","59.6","19.8","90.6","15","38.9","26.6","23.3"
"2026","Alex Bregman","CHC","482","0.64899452","0.90985915","0.28698846","0.46143791","0.84985836","0.40136411","0.16502463","0.50746269","0.21301154","0.02659574","0.4","0.09863589","0.245192307","Alex Bregman","17678","608324","Bregman, Alex","608324","2026","16.2","11","0.245","0.375","0.338","0.713","0.318","0.306","0.324","0.307","69.7","3.2","10.5","9","37.8","32.4","7","14","14.4","-5.6","65.9","28.2","87.9","17","4.4","59.6","21.9","89","16.6","38.5","25.7","23.9"
"2023","Alex Call","WSN","439","0.67359667","0.91358025","0.26255459","0.42982456","0.80758017","0.43558952","0.13383838","0.50943396","0.21615721","0.02547771","0","0.08569869","0.2","Alex Call","19296","669743","Call, Alex","669743","2023","17.8","12.1","0.2","0.307","0.307","0.614","0.28","0.294","0.271","0.291","70","14","9.3","7.8","34.8","29.2","7.2","10","11.8","-6.5","59.3","29.3","86.8","17","5.3","61.2","20","87.5","18.6","39.4","28.8","20.2"
"2024","Alex Call","WSN","113","0.7012987","0.85185185","0.31237323","0.46596859","0.85393258","0.38742394","0.1025641","0.5","0.23732252","0","null","0.06288032","0.343434343","Alex Call","19296","669743","Call, Alex","669743","2024","16.8","10.6","0.343","0.525","0.425","0.95","0.412","0.319","0.46","0.329","67.6","3.3","9.7","8.2","34.2","28.8","6.8","6","8.2","4.3","46.8","31.3","88","12.5","5","65","19.5","85","18.8","45","26.3","21.3"
"2025","Alex Call","- - -","322","0.6080402","0.89256198","0.30197269","0.3815331","0.83105023","0.43550835","0.12686567","0.44117647","0.20333839","0.01282051","0","0.05918058","0.266666666","Alex Call","19296","669743","Call, Alex","669743","2025","17.1","11.2","0.267","0.385","0.361","0.746","0.331","0.321","0.345","0.33","66.1","1.6","11.5","9.5","45.9","37.9","6.5","9","6.9","8.2","46.6","33.5","88.2","12.4","4.5","55.5","17.8","85.3","19.2","45.3","25.8","24"
"2026","Alex Call","LAD","141","0.66081871","0.91150442","0.27580645","0.5019305","0.87692308","0.41774194","0.13868613","0.73684211","0.22096774","0.03773585","0.5","0.08548387","0.245762711","Alex Call","19296","669743","Call, Alex","669743","2026","17","12.8","0.246","0.314","0.355","0.669","0.309","0.273","0.3","0.247","67","4.3","3.5","3","28.8","24.6","6.7","3","7.5","0.8","41.6","32.1","83.9","14.2","2.1","62.5","22.3","89.3","15.5","49","24","14.6"
"2026","Alex Freeland","LAD","223","0.67094017","0.8089172","0.25742574","0.43902439","0.70555556","0.4510451","0.15422886","0.41935484","0.22112211","0","null","0.07040704","0.23076923","Alex Freeland","31665","690976","Freeland, Alex","690976","2026","30.5","9.9","0.231","0.313","0.309","0.622","0.282","0.276","0.357","0.346","70.7","8","13.2","9.5","35","25.2","6.9","12","8.9","3.9","51.1","29.8","88.7","10.3","5.3","60","22.6","77.9","29.8","47","25.8","23.5"
"2024","Alex Jackson","TBR","155","0.75","0.77777778","0.24920128","0.6","0.63398693","0.40734824","0.27564103","0.39534884","0.24920128","0.22033898","0","0.0942492","0.122302158","Alex Jackson","17276","656577","Jackson, Alex","656577","2024","34.2","7.7","0.122","0.237","0.201","0.438","0.2","0.224","0.243","0.285","74.4","46.7","10.6","6.6","24.6","15.3","7.5","6","10.6","-5.2","61.4","30.2","86.7","20.2","9.1","71.8","36.6","70.9","39.7","40.9","34.1","11.4"
"2025","Alex Jackson","BAL","100","0.77981651","0.83529412","0.27318296","0.55696203","0.60227273","0.39598997","0.27777778","0.36","0.22556391","0.11904762","0","0.10526316","0.219780219","Alex Jackson","17276","656577","Jackson, Alex","656577","2025","37","5","0.22","0.473","0.29","0.763","0.327","0.27","0.489","0.382","76.1","62.8","17.9","11.6","24.1","15.7","7.8","2","11.8","-8.7","50.9","30.7","88.3","14.3","14.8","71.6","29.2","70.5","38.9","37","31.5","22.2"
"2023","Alex Kirilloff","MIN","319","0.69624573","0.8872549","0.23590982","0.53435115","0.76785714","0.42190016","0.31986532","0.43157895","0.23913043","0.0703125","0.22222222","0.10305958","0.270462633","Alex Kirilloff","20325","666135","Kirilloff, Alex","666135","2023","25.1","8.8","0.27","0.445","0.348","0.793","0.343","0.335","0.417","0.406","70.3","4.4","14.5","10.2","35.2","24.8","7.5","1","16.5","4.1","52.1","34.2","88.6","12.4","7.4","64.8","33.1","82.6","27.6","39.2","26.5","31.9"
"2024","Alex Kirilloff","MIN","178","0.73369565","0.83703704","0.2717873","0.55555556","0.70625","0.4254062","0.22580645","0.37142857","0.22895126","0.06","0","0.07385524","0.201257861","Alex Kirilloff","20325","666135","Kirilloff, Alex","666135","2024","26.4","8.4","0.201","0.384","0.27","0.654","0.282","0.319","0.341","0.398","72.3","19.1","16.6","11.8","34.7","24.6","7.8","3","15.6","2.3","52.3","33.7","91.3","13.2","11.3","69.8","29.8","79.9","30.9","48.7","32.2","13.9"
"2023","Alex Verdugo","BOS","602","0.62158273","0.9537037","0.29399323","0.43371212","0.84061135","0.44670051","0.16","0.48611111","0.19035533","0.01226994","0","0.06895093","0.263736263","Alex Verdugo","17027","657077","Verdugo, Alex","657077","2023","15.4","7.5","0.264","0.421","0.324","0.745","0.322","0.331","0.346","0.359","67.5","2.8","16.6","13.6","44.5","36.5","6.2","4","6.2","-1.2","46.1","29.1","89.2","8.8","5","57.6","22.2","91.8","15.6","44.8","23.1","27.1"
"2024","Alex Verdugo","NYY","621","0.64864865","0.92982456","0.30017079","0.48854962","0.84960938","0.44748079","0.15919283","0.54929577","0.19043553","0.0137931","0.5","0.06191289","0.232558139","Alex Verdugo","17027","657077","Verdugo, Alex","657077","2024","15","7.9","0.233","0.356","0.291","0.647","0.283","0.306","0.296","0.326","68.3","7.4","11","9.2","39.8","33.5","6.3","5","5.4","0.7","43.8","31.2","88.3","9.9","5.7","61.3","25.7","91.1","15.5","49.6","23","22.4"
"2025","Alex Verdugo","ATL","213","0.54545455","0.97222222","0.3","0.41602067","0.8447205","0.43977273","0.1954023","0.55882353","0.19772727","0","null","0.0625","0.23857868","Alex Verdugo","17027","657077","Verdugo, Alex","657077","2025","14.6","6.6","0.239","0.289","0.296","0.585","0.264","0.306","0.272","0.326","67.3","3.8","14.5","12.5","42.2","36.5","6.2","3","1.7","-0.7","31.1","30.9","89.9","9.9","3","52.9","21.4","91.8","14.4","44.6","19.9","30.1"
"2025","Alexander Canario","PIT","234","0.80237154","0.74876847","0.28205128","0.6084507","0.62962963","0.39576366","0.27227723","0.34545455","0.22519509","0.05747126","0","0.09698997","0.217592592","Alexander Canario","22842","672744","Canario, Alexander","672744","2025","34.2","7.3","0.218","0.338","0.274","0.612","0.27","0.295","0.375","0.418","75.9","59","14.9","9.3","26","16.3","8.1","5","13.5","2","48","35.2","87.4","10.5","12.4","75","32.2","70","39","45.3","27","21.9"
"2023","Alfonso Rivas III","- - -","123","0.65605096","0.88349515","0.29128015","0.43153527","0.70192308","0.4471243","0.17307692","0.22222222","0.19294991","0.08108108","0","0.06864564","0.229357798","Alfonso Rivas III","21560","663845","Rivas III, Alfonso","663845","2023","29.3","7.3","0.229","0.422","0.303","0.725","0.313","0.282","0.402","0.351","70.5","8.1","10.9","8.1","31.9","23.7","6.6","3","8.8","0.7","31.4","40","89.2","11.1","6.7","60.8","22.1","82.2","27.4","37.3","29.3","30.7"
"2023","Alika Williams","PIT","112","0.75609756","0.86021505","0.26855895","0.46596859","0.65168539","0.41703057","0.29245283","0.38709677","0.23144105","0.07894737","0","0.08296943","0.198019801","Alika Williams","27604","675961","Williams, Alika","675961","2023","31.3","8","0.198","0.248","0.27","0.518","0.238","0.245","0.295","0.306","69.1","4.2","8.2","5.8","28.4","20.1","6.9","2","9.4","-2.2","45.3","36.4","83.4","10.1","3","68.9","26.5","80.9","31.7","49.3","22.4","26.9"
"2026","Alika Williams","ATH","112","0.75652174","0.88505747","0.26995305","0.58988764","0.81904762","0.41784038","0.3125","0.4","0.22535211","0.13513514","0","0.08685446","0.257142857","Alika Williams","27604","675961","Williams, Alika","675961","2026","27.7","2.7","0.257","0.4","0.282","0.682","0.295","0.226","0.395","0.294","69.5","4.2","8","6","21.6","16.2","7","2","7.3","-6.9","43.8","36.5","85.8","19.6","0","71.8","36.5","88.9","23.9","40.3","23.4","27.3"
"2023","Amed Rosario","- - -","545","0.72783505","0.88668555","0.24507327","0.62320574","0.80998081","0.42243557","0.34567901","0.54761905","0.24557858","0.0872093","0.2","0.08691258","0.262745098","Amed Rosario","15518","642708","Rosario, Amed","642708","2023","18.2","5.3","0.263","0.378","0.305","0.683","0.297","0.306","0.337","0.349","71","14.8","12.3","9.8","31.6","25.2","7.2","2","4.2","-1.4","38.6","28.7","88.3","7.6","3.4","69.1","39.5","86","23.1","48.1","18.1","27.1"
"2024","Amed Rosario","- - -","346","0.74410774","0.87330317","0.24525186","0.64218456","0.81818182","0.43848059","0.33215548","0.5","0.23369116","0.11","0.09090909","0.08257638","0.280120481","Amed Rosario","15518","642708","Rosario, Amed","642708","2024","21.1","2.6","0.28","0.38","0.306","0.686","0.299","0.284","0.363","0.343","71.1","16.5","11.7","8.9","31.1","23.6","7.4","8","5.7","0.3","47.6","27.3","86.9","4.6","4.6","72.8","38.8","85.4","24.6","50.8","18.8","25.4"
"2025","Amed Rosario","- - -","191","0.77456647","0.90298507","0.26780186","0.62637363","0.83040936","0.42260062","0.36363636","0.4375","0.20433437","0.11764706","0.375","0.10526316","0.276243093","Amed Rosario","15518","642708","Rosario, Amed","642708","2025","16.2","3.7","0.276","0.436","0.309","0.745","0.321","0.331","0.365","0.377","73.1","29.5","15.9","12.5","35","27.6","7.3","4","6.1","-3.9","49.4","30.2","91.2","9.9","6","73.4","36.7","86.7","22.2","47.7","21.2","24.5"
"2026","Amed Rosario","NYY","180","0.74829932","0.85454545","0.22340426","0.625","0.78888889","0.43768997","0.34246575","0.44","0.2218845","0.16883117","0.23076923","0.11702128","0.234939759","Amed Rosario","15518","642708","Rosario, Amed","642708","2026","26.1","6.1","0.235","0.44","0.278","0.718","0.307","0.307","0.39","0.389","74","41.4","15.5","11.3","29.2","21.2","7.4","4","6.7","-3.9","51.4","30.8","90.5","12.6","11.5","70.8","39.2","81.7","27.5","41.8","23.8","27"
"2024","Andrés Chaparro","WSN","132","0.78676471","0.94392523","0.25904762","0.63888889","0.77536232","0.41142857","0.31531532","0.31428571","0.21142857","0.01612903","0","0.11809524","0.214876033","Andres Chaparro","21797","665953","Chaparro, Andrés","665953","2024","18.2","5.3","0.215","0.413","0.28","0.693","0.301","0.303","0.331","0.333","72.4","21.8","12.4","9.5","24.2","18.7","7.1","3","8.4","-9.5","41.1","33","87.8","16.6","6.2","77.1","32","85.6","24.8","38.1","30.9","20.6"
"2023","Andrés Giménez","CLE","616","0.71979866","0.84615385","0.25404945","0.62361251","0.7815534","0.42242114","0.37827715","0.6039604","0.22762148","0.06666667","0.33333333","0.09590793","0.251346499","Andres Gimenez","19950","665926","Giménez, Andrés","665926","2023","18.2","5.2","0.251","0.399","0.314","0.713","0.309","0.297","0.343","0.327","68.7","5.8","10.8","8.3","30.6","23.4","7","7","10.6","-0.5","48.8","32.3","84.8","13.1","5.6","71.1","40.1","81.6","25.4","46.7","22.1","21.9"
"2024","Andrés Giménez","CLE","633","0.75856698","0.88706366","0.2675","0.63704397","0.78854626","0.44541667","0.30382294","0.55629139","0.20708333","0.07291667","0.14285714","0.08","0.252144082","Andres Gimenez","19950","665926","Giménez, Andrés","665926","2024","15.3","4.1","0.252","0.34","0.298","0.638","0.281","0.301","0.303","0.328","68.2","6.8","7.6","5.9","31.6","24.2","7","12","9.9","1","50.9","31.9","86.3","8.7","2.8","74.7","37.4","84.3","22.8","51.1","18.4","24"
"2025","Andrés Giménez","TOR","369","0.70308789","0.87837838","0.2899449","0.58121019","0.79726027","0.43250689","0.27","0.61728395","0.20661157","0.06796117","0","0.07093664","0.209726443","Andres Gimenez","19950","665926","Giménez, Andrés","665926","2025","17.9","6.8","0.21","0.313","0.285","0.598","0.269","0.308","0.277","0.331","69.3","7.1","8.4","6.5","31.5","24.2","7","5","8.3","2.8","48.9","31.5","86.3","11","3","67.1","34.9","81.5","23.8","43.4","24.7","26.2"
"2026","Andrés Giménez","TOR","346","0.778125","0.85943775","0.2507837","0.62546125","0.77581121","0.42476489","0.36807818","0.63716814","0.24059561","0.10280374","0.18181818","0.0838558","0.228125","Andres Gimenez","19950","665926","Giménez, Andrés","665926","2026","19.1","3.2","0.228","0.35","0.27","0.62","0.273","0.268","0.308","0.302","68","3.6","6","4.4","33.6","24.8","7","12","9.1","2.2","47.7","32.4","85.9","12.2","3.9","72.9","43","83.3","24.7","48.5","21.9","21.2"
"2023","Andrew Benintendi","CHW","621","0.74203822","0.89270386","0.26712037","0.57650543","0.81849315","0.43088048","0.18023256","0.60215054","0.21948107","0.0257732","0","0.08251808","0.261565836","Andrew Benintendi","17901","643217","Benintendi, Andrew","643217","2023","14.3","8.4","0.262","0.356","0.326","0.682","0.299","0.314","0.313","0.332","67","2.3","8.1","6.5","38.4","31.1","6.6","8","10.6","6.7","56.3","34.8","86.6","14.5","2.9","70.4","26.7","84","19.3","39.6","26.6","28.5"
"2024","Andrew Benintendi","CHW","522","0.75","0.88811189","0.28671679","0.51048951","0.80136986","0.43007519","0.19559902","0.6","0.20501253","0.03205128","0.2","0.07819549","0.22851153","Andrew Benintendi","17901","643217","Benintendi, Andrew","643217","2024","18.4","7.9","0.229","0.396","0.289","0.685","0.298","0.31","0.331","0.347","68","1","9.1","7.3","39.8","32","6.7","12","13.5","-0.4","55.9","34","88","16.1","6.3","69.4","25.1","83","21.1","38.3","31.8","23.2"
"2025","Andrew Benintendi","CHW","470","0.80092593","0.84682081","0.25101685","0.55655527","0.77829099","0.45206275","0.20547945","0.48","0.212086","0.06164384","0.22222222","0.0848344","0.24047619","Andrew Benintendi","17901","643217","Benintendi, Andrew","643217","2025","17.4","8.5","0.24","0.431","0.307","0.738","0.317","0.32","0.347","0.352","68.7","3.1","13.2","10.2","38.9","29.9","7.1","14","15.8","-5","54.7","32.5","88","20.1","11.1","72.8","29","80.2","24.5","33.1","34.3","21.8"
"2026","Andrew Benintendi","CHW","328","0.80126183","0.80708661","0.26176713","0.62284483","0.75086505","0.38315442","0.25245902","0.50649351","0.25185797","0.064","0","0.10322048","0.240677966","Andrew Benintendi","17901","643217","Benintendi, Andrew","643217","2026","24.1","8.5","0.241","0.414","0.303","0.717","0.31","0.316","0.374","0.383","69.9","4.7","13.3","9.6","35.4","25.8","7.1","11","17.1","-6.3","50.3","31.4","88.5","17","8.7","74.4","31.6","77.5","28.7","37.1","29.9","25.3"
"2023","Andrew Knizner","STL","241","0.72384937","0.83815029","0.28899637","0.61492537","0.73786408","0.4050786","0.35955056","0.578125","0.21523579","0.08","0","0.09068924","0.241071428","Andrew Knizner","19514","668800","Knizner, Andrew","668800","2023","25.7","5","0.241","0.424","0.287","0.711","0.306","0.285","0.386","0.356","71.4","13.9","18.2","13.9","36.5","27.8","7","8","9.7","-2.5","65.1","25.8","89.6","14.3","7.9","72.1","37","79","27.3","42.1","31.7","16.5"
"2023","Andrew McCutchen","PIT","473","0.74635036","0.86797066","0.27318046","0.41137124","0.66937669","0.44715852","0.13207547","0.39285714","0.2113659","0.00729927","0","0.06829511","0.256410256","Andrew McCutchen","9847","457705","McCutchen, Andrew","457705","2023","21.1","15.9","0.256","0.397","0.378","0.775","0.345","0.35","0.369","0.377","71.9","16.7","16.4","12.4","29.1","21.9","7.4","2","13.5","-0.8","57.4","33.3","89.6","12.3","6.8","64.5","18.7","80.1","27.4","42.9","27.2","25.2"
"2024","Andrew McCutchen","PIT","515","0.74030354","0.82687927","0.27428307","0.42271293","0.70646766","0.43987049","0.13129103","0.35","0.21137835","0.03726708","0","0.07446809","0.232142857","Andrew McCutchen","9847","457705","McCutchen, Andrew","457705","2024","25.8","11.3","0.232","0.411","0.328","0.739","0.325","0.325","0.386","0.386","72.7","25","14.6","10.8","31.2","23.2","7.6","11","12.6","-0.2","55.9","33.6","88.5","14.3","12","65.6","17.2","77.7","28.9","41.6","29.3","20.8"
"2025","Andrew McCutchen","PIT","551","0.79337539","0.88667992","0.27966476","0.45206862","0.68526786","0.4371416","0.16666667","0.36708861","0.2090869","0.01785714","0","0.07410675","0.23899371","Andrew McCutchen","9847","457705","McCutchen, Andrew","457705","2025","21.4","12.2","0.239","0.367","0.333","0.7","0.309","0.333","0.342","0.379","71.1","12","14.2","10.8","31.9","24.2","7.7","22","14.3","-0.5","53","34.5","89.5","14.5","8.4","69","20.7","80.5","26.2","42.3","27.1","22.7"
"2023","Andrew Vaughn","CHW","615","0.69391304","0.9047619","0.24816573","0.54808687","0.79811321","0.41735002","0.27567568","0.48366013","0.23953388","0.08181818","0","0.09495037","0.25795053","Andrew Vaughn","26197","683734","Vaughn, Andrew","683734","2023","21","5.9","0.258","0.429","0.314","0.743","0.321","0.319","0.375","0.371","70.2","10.4","18.2","14.6","34","27.2","7.6","6","9.4","-4.8","56.5","29.5","90.6","11.2","8.4","64.8","31.7","86.6","24.1","44.4","23.7","24.4"
"2024","Andrew Vaughn","CHW","619","0.70469799","0.92857143","0.25502781","0.56732673","0.79581152","0.43217801","0.29108911","0.51020408","0.216089","0.0619469","0.07142857","0.09670518","0.245614035","Andrew Vaughn","26197","683734","Vaughn, Andrew","683734","2024","21.3","6.1","0.246","0.402","0.297","0.699","0.304","0.32","0.356","0.378","70.7","11.9","16.2","13","35.4","28.3","7.5","12","9.6","-4.5","56.6","28.7","90.3","16.6","9.3","66.8","33","88.2","22","38.6","30.9","21.7"
"2025","Andrew Vaughn","- - -","447","0.73036093","0.90406977","0.27351916","0.49064171","0.77929155","0.43437863","0.24444444","0.5","0.20905923","0.05594406","0.125","0.08304297","0.253694581","Andrew Vaughn","26197","683734","Vaughn, Andrew","683734","2025","17.9","6.9","0.254","0.411","0.307","0.718","0.311","0.349","0.347","0.398","70.6","12.1","19.2","15.4","40.7","32.6","7.3","11","7.7","-1.7","48.4","29.4","91.6","13.3","12","66","28.4","86.7","21.7","41.7","27","25.2"
"2026","Andrew Vaughn","MIL","204","0.65217391","0.9037037","0.26269036","0.46774194","0.86896552","0.39340102","0.17919075","0.48387097","0.21954315","0.03061224","0","0.12436548","0.308571428","Andrew Vaughn","26197","683734","Vaughn, Andrew","683734","2026","11.8","11.3","0.309","0.486","0.397","0.883","0.383","0.352","0.389","0.348","70.3","10.3","14.9","12.5","46.1","38.5","7.2","3","7.7","-2","52.9","28.8","90.3","11.2","5.9","59.2","21.3","88.1","17.8","41.2","24.8","29.4"
"2023","Andruw Monasterio","MIL","315","0.66836735","0.88167939","0.29144981","0.45470693","0.78515625","0.41858736","0.16728625","0.35555556","0.2","0.00826446","0","0.08996283","0.258865248","Andruw Monasterio","19455","655316","Monasterio, Andruw","655316","2023","21","8.9","0.259","0.348","0.33","0.678","0.302","0.308","0.337","0.345","67","1.3","9.9","8","40.1","32.7","6.7","11","8.9","0.4","49.5","34.4","88.8","17.7","5.5","61.1","22.4","84.2","21.7","33.5","27.5","29.8"
"2024","Andruw Monasterio","MIL","142","0.69945355","0.8984375","0.28284389","0.45692884","0.72131148","0.41267388","0.12418301","0.31578947","0.23647604","0.02272727","0","0.06800618","0.208","Andruw Monasterio","19455","655316","Monasterio, Andruw","655316","2024","28.2","11.3","0.208","0.272","0.303","0.575","0.266","0.295","0.305","0.355","69","3.3","9.5","7.5","28.9","22.8","6.7","5","7.6","0.9","41.7","34.7","88.1","14.9","9.4","64.3","20.5","82.8","24","40","31.8","23.5"
"2025","Andruw Monasterio","MIL","135","0.64968153","0.90196078","0.28136201","0.5498008","0.72463768","0.44982079","0.17592593","0.42105263","0.19354839","0.02380952","0","0.07526882","0.269841269","Andruw Monasterio","19455","655316","Monasterio, Andruw","655316","2025","23.7","5.2","0.27","0.437","0.319","0.756","0.328","0.28","0.404","0.335","68.4","2.1","7.9","6","35","26.6","6.9","5","13.5","-4.4","52.4","34.8","87","20.8","5.3","65.4","26.7","84.3","26","31.9","31.9","24.5"
"2026","Andruw Monasterio","BOS","204","0.72440945","0.92391304","0.29812207","0.49112426","0.8313253","0.39671362","0.23036649","0.52272727","0.2241784","0.01449275","0","0.08098592","0.259459459","Andruw Monasterio","19455","655316","Monasterio, Andruw","655316","2026","21.6","7.8","0.259","0.459","0.32","0.779","0.337","0.317","0.398","0.369","69.6","3.6","12.3","10.1","34.5","28.3","7","2","11.5","-5","57.1","34","88.7","22","9.8","65.6","25.8","88.2","17.8","30.8","33.6","24.5"
"2023","Andy Ibáñez","DET","383","0.76044568","0.91941392","0.26090116","0.60461285","0.75749319","0.44113372","0.23793103","0.49275362","0.21075581","0.03333333","0","0.0872093","0.264044943","Andy Ibanez","18819","628451","Ibáñez, Andy","628451","2023","18","6.3","0.264","0.433","0.312","0.745","0.32","0.33","0.365","0.377","69.6","4.7","13.1","10.3","32.2","25.2","7.1","5","5.9","0.6","41.6","29.4","89.1","12.9","9","70.3","35","87.2","22.6","44.3","26.6","21.8"
"2024","Andy Ibáñez","DET","244","0.77777778","0.86772487","0.27181208","0.59620596","0.68636364","0.41275168","0.27586207","0.42857143","0.22706935","0.02531646","0","0.08836689","0.241071428","Andy Ibanez","18819","628451","Ibáñez, Andy","628451","2024","25.8","6.1","0.241","0.357","0.295","0.652","0.287","0.27","0.353","0.328","70","5.7","11.9","8.4","34.8","24.4","7.3","6","7.8","-4.9","46.8","28.2","88.1","20.3","4.9","73.6","32.6","78.9","30.8","34.4","26.4","25.2"
"2025","Andy Ibáñez","DET","193","0.80099502","0.94409938","0.28072626","0.56506849","0.80606061","0.40782123","0.24096386","0.55","0.23184358","0.03508772","0","0.07960894","0.238636363","Andy Ibanez","18819","628451","Ibáñez, Andy","628451","2025","13.5","6.2","0.239","0.352","0.301","0.653","0.289","0.304","0.296","0.315","69.2","2.7","13.6","11.1","37.4","30.7","7.2","4","6.6","-2.6","47.9","29.3","88.9","12.6","4.6","73.7","29.8","88.5","18.5","40.4","27.8","27.2"
"2024","Andy Pages","LAD","443","0.77484787","0.89267016","0.28679465","0.55477528","0.75696203","0.4141943","0.22911051","0.45882353","0.21582315","0.1048951","0.2","0.0831879","0.248138957","Andy Pages","24816","681624","Pages, Andy","681624","2024","24.4","6.5","0.248","0.407","0.305","0.712","0.31","0.324","0.377","0.398","73","27.6","14","10.5","28.4","21.3","7.7","11","9.7","-3.9","50.6","41.3","88.6","20.8","10.7","71.2","30.7","80.6","26.1","32.8","30.4","27.1"
"2025","Andy Pages","LAD","624","0.78059072","0.92792793","0.30063425","0.55655656","0.76079137","0.42241015","0.27070707","0.49253731","0.20930233","0.06875","0.18181818","0.06765328","0.271944922","Andy Pages","24816","681624","Pages, Andy","681624","2025","21.6","4.6","0.272","0.461","0.313","0.774","0.332","0.316","0.401","0.38","72.5","21.5","12.7","10.3","29.2","23.7","7.9","31","7.8","-4","48.2","40.6","88.6","16.9","8.4","70.5","33.2","87.2","21.5","35.4","32.5","27.2"
"2026","Andy Pages","LAD","461","0.71685393","0.94357367","0.24237473","0.5372005","0.78873239","0.43191721","0.27553444","0.50862069","0.22930283","0.12429379","0.13636364","0.09640523","0.266990291","Andy Pages","24816","681624","Pages, Andy","681624","2026","20.2","8.2","0.267","0.461","0.334","0.795","0.344","0.336","0.395","0.384","73.1","29.7","14.8","11.8","30.5","24.4","7.6","14","6.5","-2.6","44.4","40","89.1","16.3","8","66.2","32.8","88.2","23.2","36.1","27.5","27.2"
"2024","Angel Martínez","CLE","169","0.70285714","0.95121951","0.25849335","0.5033557","0.78666667","0.44017725","0.31612903","0.69387755","0.22895126","0.08163265","0","0.07237814","0.231788079","Angel Martinez","26540","682657","Martínez, Angel","682657","2024","19.5","8.9","0.232","0.338","0.298","0.636","0.282","0.281","0.308","0.308","69.1","6.5","6.1","5","31.6","25.8","7.3","3","11.7","-3.6","48.6","34.7","86.5","14.9","1.7","62.2","35.8","88.2","19.8","44.6","24.8","21.5"
"2025","Angel Martínez","CLE","484","0.70338983","0.9246988","0.26265999","0.59796438","0.79787234","0.43739566","0.34057971","0.56737589","0.23038397","0.088","0.09090909","0.06956038","0.224215246","Angel Martinez","26540","682657","Martínez, Angel","682657","2025","22.7","4.8","0.224","0.359","0.269","0.628","0.274","0.255","0.326","0.299","70.1","10.7","9.5","7.4","31","24.3","7.4","7","12.2","-6.8","55.6","33.8","87.1","18.4","3.5","69.2","39.8","86.2","21.4","38.6","29.6","23.5"
"2026","Angel Martínez","CLE","258","0.71040724","0.94267516","0.23336853","0.61613692","0.84920635","0.43189018","0.38916256","0.65822785","0.21436114","0.1754386","0.3","0.12038015","0.22406639","Angel Martinez","26540","682657","Martínez, Angel","682657","2026","22.1","2.7","0.224","0.415","0.26","0.675","0.291","0.294","0.354","0.358","71.1","16.2","11.3","9.1","27.8","22.3","7.4","8","10.5","-7.1","48.7","34.2","87.5","13.6","7.4","66.6","43.7","88.6","19.8","44.4","26.5","22.8"
"2023","Anthony Rendon","LAA","183","0.69191919","0.9270073","0.26190476","0.4202454","0.77372263","0.43121693","0.11976048","0.65","0.22089947","0.03076923","0","0.08597884","0.236486486","Anthony Rendon","12861","543685","Rendon, Anthony","543685","2023","14.8","13.7","0.236","0.318","0.361","0.679","0.312","0.359","0.282","0.352","null","null","null","null","null","null","null","null","null","null","null","null","90.1","16.2","4.8","64.4","16.9","87.7","18.2","35.2","32","28"
"2024","Anthony Rendon","LAA","238","0.63541667","0.95081967","0.29477994","0.44680851","0.86243386","0.43295803","0.1027027","0.68421053","0.18935517","0.01234568","0","0.08290686","0.218446601","Anthony Rendon","12861","543685","Rendon, Anthony","543685","2024","14.7","9.7","0.218","0.267","0.307","0.574","0.264","0.299","0.248","0.296","68.2","1.9","9.5","8.4","38.3","33.9","6.7","4","8.3","-3.4","50.5","33.4","87.9","14.1","2.3","59.5","17.4","91.4","12.5","43.4","26.3","21.1"
"2023","Anthony Rizzo","NYY","421","0.70352941","0.88963211","0.25449102","0.53094911","0.7746114","0.43532934","0.3060686","0.5","0.22694611","0.05755396","0.125","0.08323353","0.243967828","Anthony Rizzo","3473","519203","Rizzo, Anthony","519203","2023","23","8.3","0.244","0.378","0.328","0.706","0.312","0.32","0.357","0.369","68.7","6","7.6","5.2","32.9","22.4","6.9","0","12.7","-7.1","43.2","33.5","90","17.8","6.9","64.2","34","84.6","25","33.9","30.7","28.5"
"2024","Anthony Rizzo","NYY","375","0.71466667","0.95895522","0.26187151","0.54849498","0.81402439","0.41759777","0.32692308","0.54901961","0.21787709","0.03401361","0","0.10265363","0.228486646","Anthony Rizzo","3473","519203","Rizzo, Anthony","519203","2024","17.3","7.2","0.228","0.335","0.301","0.636","0.285","0.302","0.298","0.322","68.3","7.8","9.2","7.5","32","25.9","6.8","3","9.2","-4.4","52.6","33.2","86.7","14.3","4","65.9","33.6","89.4","19.3","43.4","21.5","23"
"2023","Anthony Santander","BAL","656","0.70673077","0.8707483","0.22575977","0.57142857","0.79403409","0.44573082","0.29487179","0.63586957","0.22575977","0.0915493","0.15384615","0.10274964","0.257191201","Anthony Santander","14551","623993","Santander, Anthony","623993","2023","23.2","8.4","0.257","0.472","0.325","0.797","0.34","0.32","0.409","0.378","72.8","31.4","17.1","13.7","28.8","23","7.2","2","7.2","-5","46.2","27.7","90.6","20.2","10.2","66.9","34.4","82.1","23.5","35","32.5","19.6"
"2024","Anthony Santander","BAL","665","0.71893491","0.88477366","0.24689554","0.56271478","0.8351145","0.42512783","0.31191223","0.66834171","0.2330168","0.08461538","0.45454545","0.09495982","0.235294117","Anthony Santander","14551","623993","Santander, Anthony","623993","2024","19.4","8.7","0.235","0.506","0.308","0.814","0.345","0.327","0.394","0.369","73.1","33.8","13.9","11.2","27.7","22.3","7.2","5","7.7","-7.2","50.5","26.6","89.8","22.7","11.7","67.7","34","84.5","20","30.6","33.8","21.7"
"2025","Anthony Santander","TOR","221","0.71945701","0.8427673","0.2366167","0.57575758","0.79385965","0.42398287","0.25833333","0.61290323","0.25695931","0.05194805","0","0.08244111","0.175257731","Anthony Santander","14551","623993","Santander, Anthony","623993","2025","27.6","11.3","0.175","0.294","0.271","0.565","0.255","0.265","0.289","0.307","72","21","13.1","10.1","27.2","21","7.2","4","7.8","-9.4","57.2","24.3","89.6","18.5","4.5","68","31.3","81.9","24.5","37.3","25.4","23.9"
"2026","Anthony Seigler","BOS","119","0.7394958","0.875","0.27803738","0.51396648","0.83695652","0.4182243","0.18181818","0.25","0.20560748","0.07142857","0","0.09813084","0.257142857","Anthony Seigler","23802","678011","Seigler, Anthony","678011","2026","17.6","9.2","0.257","0.429","0.331","0.76","0.332","0.331","0.362","0.36","67.5","0.6","11.3","9","43.3","34.3","6.8","4","11.1","5","57.9","35.1","88.3","15","7","65.4","28","84.5","22.9","43","27.9","25.6"
"2023","Anthony Volpe","NYY","601","0.70869565","0.84867076","0.29550321","0.55164835","0.7250996","0.38972163","0.20786517","0.33333333","0.22869379","0.04975124","0","0.08608137","0.208872458","Anthony Volpe","27647","683011","Volpe, Anthony","683011","2023","27.8","8.7","0.209","0.383","0.283","0.666","0.29","0.308","0.357","0.386","70.8","9","10.4","8.1","30.7","23.9","7.2","8","12.6","-2.2","57","33.6","88.7","14.2","9","67.2","28.7","80.7","28.2","41.1","27.6","24.9"
"2024","Anthony Volpe","NYY","689","0.69426752","0.86788991","0.28075823","0.52302632","0.79245283","0.43490701","0.22673435","0.54477612","0.21137339","0.07352941","0.2","0.07296137","0.2433281","Anthony Volpe","27647","683011","Volpe, Anthony","683011","2024","22.6","6.1","0.243","0.364","0.293","0.657","0.287","0.278","0.342","0.33","69.3","3.7","9.9","7.8","32.2","25.5","7.1","28","9.5","7.6","60.1","33.1","87.7","8.4","3.9","65.4","29.3","83.5","22.6","50.6","21.6","23.3"
"2025","Anthony Volpe","NYY","596","0.68465909","0.82987552","0.29370046","0.50193798","0.76640927","0.43053817","0.18431373","0.58510638","0.21276596","0.01986755","0.33333333","0.06299541","0.211502782","Anthony Volpe","27647","683011","Volpe, Anthony","683011","2025","25.2","7.2","0.212","0.391","0.272","0.663","0.286","0.301","0.346","0.368","72.6","28.5","15.5","11.8","33.4","25.4","7.2","11","10.9","5.7","64.6","31.6","89.3","12.4","10.5","65.6","24","78.3","25.1","41.6","29.8","21.6"
"2026","Anthony Volpe","NYY","183","0.69124424","0.87333333","0.29564033","0.49259259","0.81203008","0.36784741","0.18235294","0.25806452","0.23160763","0.07792208","0","0.10490463","0.25","Anthony Volpe","27647","683011","Volpe, Anthony","683011","2026","23","12","0.25","0.338","0.339","0.677","0.307","0.303","0.342","0.337","71.7","16.9","13","9.9","30.6","23.2","7.1","6","8.8","4.3","56.6","32","88.2","11.9","4.2","65.4","24","83.8","25.6","42.9","20.2","28.6"
"2023","Austin Barnes","LAD","200","0.74122807","0.89349112","0.29305913","0.43909348","0.76129032","0.45372751","0.10273973","0.46666667","0.18766067","0","null","0.0655527","0.17977528","Austin Barnes","12158","605131","Barnes, Austin","605131","2023","21.5","8.5","0.18","0.242","0.256","0.498","0.229","0.273","0.236","0.3","68.3","3.5","11.6","9.2","39.3","31.2","6.5","4","6.3","2.3","48.3","27.3","84.8","6.1","2.9","64.7","19.8","81.9","22.2","51.4","21.7","19.6"
"2024","Austin Barnes","LAD","156","0.80851064","0.90131579","0.31703204","0.44081633","0.74074074","0.41315346","0.13114754","0.375","0.20573356","0.05263158","0","0.06408094","0.264285714","Austin Barnes","12158","605131","Barnes, Austin","605131","2024","23.1","9","0.264","0.307","0.331","0.638","0.289","0.275","0.336","0.314","68.2","2.2","8.3","6.5","32.6","25.5","6.4","9","4.2","1.3","41.8","26.6","86.3","9.5","1.9","70","19.5","84.3","22.8","50","16","25.5"
"2023","Austin Hays","BAL","566","0.69926199","0.8944591","0.25541942","0.50951848","0.71648352","0.42082941","0.27362205","0.42446043","0.2393968","0.0726257","0.07692308","0.08435438","0.275","Austin Hays","19363","669720","Hays, Austin","669720","2023","24.9","6.7","0.275","0.444","0.325","0.769","0.33","0.309","0.413","0.382","71.7","13.9","12.3","9","28.3","20.7","7.1","13","11.4","-1.5","60.4","28.8","89.4","10.4","8.9","63.9","30.9","82.6","28.4","44.8","29.7","20.3"
"2024","Austin Hays","- - -","255","0.72469636","0.8603352","0.29230769","0.62253521","0.74660633","0.42011834","0.31609195","0.27272727","0.20591716","0.07246377","0","0.0816568","0.255319148","Austin Hays","19363","669720","Hays, Austin","669720","2024","23.1","3.5","0.255","0.396","0.303","0.699","0.303","0.294","0.368","0.355","72.6","24","18","13.2","32.7","24","7.2","10","13.5","-4.8","63.7","29.4","88.9","14.9","6.7","72.9","35.9","81.9","29.1","39.7","25.7","25.1"
"2025","Austin Hays","CIN","416","0.75124378","0.86092715","0.2578576","0.59657321","0.67885117","0.41180244","0.30666667","0.43478261","0.24053881","0.07857143","0","0.08980115","0.265789473","Austin Hays","19363","669720","Hays, Austin","669720","2025","25.7","7","0.266","0.453","0.315","0.768","0.327","0.3","0.415","0.377","71.9","19.8","13.5","9.6","31.4","22.4","7.1","29","14.2","-5.4","65.8","30.8","88.8","14.6","10.5","71.1","34.4","78.6","31.4","41.6","28.3","24.4"
"2023","Austin Hedges","- - -","212","0.77777778","0.83766234","0.26720648","0.5621118","0.76243094","0.43454791","0.25294118","0.41860465","0.2294197","0.09803922","0","0.06882591","0.183783783","Austin Hedges","12976","595978","Hedges, Austin","595978","2023","22.2","5.2","0.184","0.227","0.234","0.461","0.209","0.256","0.234","0.301","68.1","1.6","10.3","6.3","33.3","20.3","7.1","0","11","-3.1","65.6","27.6","87.2","15.4","0.7","72.2","33.1","80","28","45.7","20.5","23.8"
"2024","Austin Hedges","CLE","146","0.80625","0.79069767","0.29250457","0.54508197","0.66165414","0.44606947","0.23584906","0.32","0.19378428","0.08108108","0.33333333","0.06764168","0.151515151","Austin Hedges","12976","595978","Hedges, Austin","595978","2024","34.2","4.1","0.152","0.22","0.203","0.423","0.191","0.171","0.251","0.216","69.8","5","6.5","4.5","31.8","22.1","7.4","5","13.8","-7.9","62.5","28.5","84.8","21.4","1.1","76.3","29","76.4","32.9","36.8","34.5","16.1"
"2025","Austin Hedges","CLE","180","0.74193548","0.86231884","0.26724138","0.57239057","0.69411765","0.42672414","0.24666667","0.35135135","0.21551724","0.0952381","0","0.09051724","0.161290322","Austin Hedges","12976","595978","Hedges, Austin","595978","2025","23.9","10","0.161","0.277","0.25","0.527","0.239","0.249","0.254","0.269","71.5","15.2","11.6","8.3","31.2","22.2","7.6","8","13.3","-9.4","66.1","26.7","88.2","25.1","3.4","74.1","29.8","80","30.3","32.2","28","22"
"2026","Austin Hedges","CLE","162","0.74","0.89189189","0.24752475","0.51851852","0.77142857","0.44554455","0.20437956","0.46428571","0.22607261","0.06122449","0.33333333","0.08085809","0.28169014","Austin Hedges","12976","595978","Hedges, Austin","595978","2026","16.7","8","0.282","0.415","0.342","0.757","0.333","0.289","0.365","0.307","69.3","7.8","11.4","9","34.2","27","7.2","9","9.5","-7.4","64.4","26.1","86.4","12.4","5","66.4","28.3","86.7","22.9","47.1","21.5","21.5"
"2024","Austin Martin","MIN","257","0.74358974","0.93103448","0.29229122","0.50645995","0.73979592","0.4143469","0.105","0.33333333","0.21413276","0.01351351","0","0.07922912","0.253218884","Austin Martin","27462","668885","Martin, Austin","668885","2024","18.3","7.8","0.253","0.352","0.318","0.67","0.297","0.303","0.326","0.333","66.9","1.1","8.5","6.8","45.7","36.3","6.9","9","9.9","-5.3","50.5","39.8","87.2","12.7","1.1","69.6","18.4","84.6","21.4","43.1","23.4","29.3"
"2025","Austin Martin","MIN","181","0.73459716","0.92903226","0.28170895","0.37168142","0.78571429","0.45260347","0.12244898","0.38888889","0.19626168","0.03846154","0","0.0694259","0.282051282","Austin Martin","27462","668885","Martin, Austin","668885","2025","17.1","12.2","0.282","0.365","0.374","0.739","0.333","0.345","0.349","0.367","68.2","4.9","12","10.2","33.5","28.5","6.9","2","10.4","-3.5","58.9","40","86.2","9.7","5.5","63.2","18.8","90.1","17.4","52","16.5","26"
"2026","Austin Martin","MIN","298","0.73089701","0.94090909","0.25443787","0.40115163","0.76555024","0.44040575","0.11428571","0.32142857","0.20710059","0.02586207","0","0.09805579","0.244979919","Austin Martin","27462","668885","Martin, Austin","668885","2026","18.5","13.8","0.245","0.325","0.359","0.684","0.315","0.31","0.313","0.306","69.1","3.7","8.8","7.2","41.3","33.7","6.6","12","11.1","-2.4","53.3","38.3","87.1","11.8","2","61.9","17.8","88","20","47.2","24.9","23.4"
"2023","Austin Nola","SDP","154","0.64772727","0.95614035","0.27804107","0.36879433","0.82692308","0.44549763","0.15789474","0.5","0.18009479","0.04918033","0","0.09636651","0.146153846","Austin Nola","15941","543592","Nola, Austin","543592","2023","20.1","11.7","0.146","0.192","0.26","0.452","0.22","0.267","0.192","0.263","66.1","0","0","0","75","75","7.4","0","7.3","8.8","75","33.3","85.8","15","1","56.6","21.1","91.8","16.1","46.6","20.4","21.4"
"2023","Austin Riley","ATL","715","0.7421875","0.85087719","0.26862539","0.54358974","0.74528302","0.409234","0.2359882","0.36875","0.23714586","0.04526749","0.27272727","0.08499475","0.28144654","Austin Riley","18360","663586","Riley, Austin","663586","2023","24.1","8.3","0.281","0.516","0.345","0.861","0.363","0.366","0.449","0.454","76.2","65","18.8","13.6","30","21.7","7.5","11","9.2","-2.1","47.3","34","92.3","13.5","13.9","69.9","27.4","79.2","27.8","41.1","28.6","23.8"
"2024","Austin Riley","ATL","469","0.78383838","0.86082474","0.27167947","0.54289373","0.74528302","0.42864984","0.22194514","0.30337079","0.22008782","0.08275862","0.16666667","0.07958288","0.256470588","Austin Riley","18360","663586","Riley, Austin","663586","2024","25.2","7.9","0.256","0.461","0.322","0.783","0.338","0.367","0.419","0.463","75.2","53.4","20.2","15.1","32.9","24.6","7.5","24","9.2","-3.1","46.1","32.6","93.3","15.9","15","72.1","28.1","81.3","27.5","36.2","31.1","26.9"
"2025","Austin Riley","ATL","447","0.77495108","0.83080808","0.28531547","0.55213904","0.72881356","0.41764377","0.24146982","0.34782609","0.21273032","0.0794702","0","0.08431044","0.259615384","Austin Riley","18360","663586","Riley, Austin","663586","2025","28.6","6","0.26","0.428","0.309","0.737","0.318","0.33","0.422","0.44","75.9","60.2","19.5","14.1","27.8","20","7.6","18","10.8","-4.4","45.6","32.1","92.3","16.8","15.2","72.2","27.9","78.2","29.5","34.6","32.9","26.3"
"2026","Austin Riley","ATL","438","0.73838631","0.84768212","0.2347876","0.55331412","0.72135417","0.39839265","0.30357143","0.41176471","0.25717566","0.06806283","0","0.10964409","0.211734693","Austin Riley","18360","663586","Riley, Austin","663586","2026","30.8","7.8","0.212","0.344","0.29","0.634","0.284","0.292","0.361","0.373","75.8","58.3","15.7","10.8","28","19.2","7.6","18","11.5","-5.3","46.3","31.7","90.7","18.8","10.8","67.3","32.6","78","32.9","38.2","30.9","21.6"
"2023","Austin Slater","SFG","207","0.73631841","0.87837838","0.24876238","0.44632768","0.65822785","0.43811881","0.17391304","0.34375","0.22772277","0.01449275","0","0.08539604","0.27027027","Austin Slater","16153","596103","Slater, Austin","596103","2023","28","9.7","0.27","0.4","0.348","0.748","0.33","0.334","0.417","0.424","73.2","35.6","20.4","14.1","38.1","26.4","7.1","1","12.9","6.7","49.4","38.6","91.1","7.5","11.8","63.8","22.2","78.7","29.8","49.6","26","22"
"2024","Austin Slater","- - -","212","0.72200772","0.78074866","0.29365079","0.46666667","0.72670807","0.39115646","0.12626263","0.32","0.2244898","0.0125","0","0.09070295","0.209039548","Austin Slater","16153","596103","Slater, Austin","596103","2024","28.3","12.3","0.209","0.266","0.321","0.587","0.273","0.307","0.301","0.36","71.7","20.3","10.1","7.2","29.5","20.9","6.8","4","11.7","8.9","44.3","38.9","88.2","7.2","3.3","66.2","18.6","75.3","29.8","52.1","15.7","30.6"
"2025","Austin Slater","- - -","160","0.76373626","0.91366906","0.2826087","0.53736655","0.7218543","0.4363354","0.20149254","0.33333333","0.20807453","0.0212766","0","0.07298137","0.216216216","Austin Slater","16153","596103","Slater, Austin","596103","2025","31.9","6.9","0.216","0.372","0.27","0.642","0.28","0.332","0.381","0.469","69.7","7","18.1","13.6","31.6","23.8","6.8","9","10.2","5.3","54","37.4","92","7.7","14.7","70.2","28.2","81.5","27.1","48","27.6","24.5"
"2024","Austin Wells","NYY","414","0.81447964","0.86388889","0.26984127","0.53323699","0.73441734","0.42246642","0.1978022","0.34722222","0.22222222","0.02857143","0","0.08547009","0.228813559","Austin Wells","27562","669224","Wells, Austin","669224","2024","21","11.4","0.229","0.395","0.322","0.717","0.315","0.343","0.343","0.386","72.4","21.7","16.2","12.1","31.3","23.3","7.4","11","10.9","-2.3","47.8","34.4","88.4","17.1","9.1","73.2","25.5","80.1","27.3","37.5","29.1","24.7"
"2025","Austin Wells","NYY","448","0.7790927","0.86582278","0.2826087","0.54221636","0.74452555","0.42251951","0.2418136","0.34375","0.2212932","0.0530303","0","0.0735786","0.219451371","Austin Wells","27562","669224","Wells, Austin","669224","2025","26.3","6.7","0.219","0.436","0.275","0.711","0.302","0.294","0.377","0.364","73.4","31.1","16.7","12.5","29.6","22.2","7.6","12","10.4","-5.5","49.5","31.8","90.6","20.7","10.2","71.5","29.2","81.7","27.4","33","33.7","22.8"
"2026","Austin Wells","NYY","245","0.7195122","0.83615819","0.25598335","0.53117207","0.72769953","0.41727367","0.26339286","0.3559322","0.23309053","0.04444444","0.25","0.09365245","0.158878504","Austin Wells","27562","669224","Wells, Austin","669224","2026","26.5","11.4","0.159","0.266","0.258","0.524","0.239","0.297","0.26","0.354","72.8","26.2","13.4","9.8","29.4","21.6","7.6","12","13.1","-6.8","50.8","32.5","89.1","20","6.6","67.3","28.9","79.2","29.9","34.4","33.1","19.2"
"2023","Austin Wynns","- - -","145","0.66847826","0.86178862","0.30463576","0.55905512","0.72535211","0.4205298","0.19008264","0.34782609","0.20033113","0.04444444","0.5","0.07450331","0.207692307","Austin Wynns","15271","642851","Wynns, Austin","642851","2023","26.9","6.2","0.208","0.277","0.268","0.545","0.245","0.227","0.295","0.268","68.6","5.5","7.3","5.5","34.5","26.2","7.1","0","10.9","-0.2","39.2","37.8","86.7","14.4","2.1","65.1","29","75.6","27.8","47.4","20","23.2"
"2025","Austin Wynns","- - -","110","0.70666667","0.87735849","0.33860045","0.51308901","0.73469388","0.43115124","0.27142857","0.21052632","0.15801354","0.09375","0","0.07223476","0.291262135","Austin Wynns","15271","642851","Wynns, Austin","642851","2025","29.1","4.5","0.291","0.544","0.321","0.865","0.365","0.295","0.505","0.399","70.9","16.2","16.3","12.2","29.9","22.3","7.5","4","13.4","-7.5","46.5","34.5","88.6","13","9.6","66.9","29.5","79.9","27.6","43.8","31.5","20.5"
"2023","Avisaíl García","MIA","118","0.79279279","0.88636364","0.25694444","0.63953488","0.60909091","0.39814815","0.30392157","0.22580645","0.23611111","0.08510638","0","0.1087963","0.185185185","Avisail Garcia","5760","541645","García, Avisaíl","541645","2023","32.5","5.1","0.187","0.318","0.243","0.561","0.243","0.295","0.33","0.418","71.8","23.2","12.5","7.2","32.5","18.8","7.5","1","8.6","-2.2","48.6","32.5","90.4","10.2","11.8","76.4","35.2","78.9","37","53.6","18.8","17.4"
"2024","Ben Rice","NYY","178","0.8125","0.91666667","0.26519337","0.49190939","0.69736842","0.42679558","0.14371257","0.33333333","0.23066298","0.01785714","0","0.07734807","0.171052631","Ben Rice","29576","700250","Rice, Ben","700250","2024","27","11.2","0.171","0.349","0.264","0.613","0.269","0.338","0.306","0.418","71.3","14.4","10.8","8.4","30.6","23.7","7.4","5","12.2","-4.9","56.3","32.8","90","17.7","15.6","72.9","20.6","82.4","25.8","35.8","33","22.9"
"2025","Ben Rice","NYY","530","0.71678322","0.93414634","0.27943332","0.46189376","0.755","0.42305813","0.1594533","0.4","0.21446019","0.04117647","0","0.08304836","0.254817987","Ben Rice","29576","700250","Rice, Ben","700250","2025","18.9","9.4","0.255","0.499","0.337","0.836","0.358","0.391","0.402","0.449","73.4","34.1","24.9","20.1","39.4","31.9","7.4","15","10.4","-5.6","56.1","33.2","93.3","14.2","15.4","65.5","21.3","86.1","21.2","39.8","28.5","24.9"
"2026","Ben Rice","NYY","443","0.68131868","0.89354839","0.26546091","0.48251748","0.75072464","0.41715286","0.23013699","0.41666667","0.21295216","0.06145251","0.09090909","0.10443407","0.271317829","Ben Rice","29576","700250","Rice, Ben","700250","2026","24.6","11.5","0.271","0.576","0.359","0.935","0.395","0.379","0.494","0.468","72.6","25.4","19.5","15.2","36.3","28.2","7.6","9","12.7","-4.8","55","33.8","92.1","13.6","15.7","63.5","25.6","85.3","25.4","42.9","29.6","23.2"
"2024","Ben Rortvedt","TBR","328","0.63172805","0.9103139","0.26013265","0.49317406","0.71280277","0.43183493","0.19254658","0.32258065","0.23728814","0.04166667","0","0.07074429","0.227586206","Ben Rortvedt","20287","666163","Rortvedt, Ben","666163","2024","26.8","10.4","0.228","0.303","0.317","0.62","0.283","0.269","0.329","0.306","69.7","5.2","7.6","5.6","32.1","23.6","7.1","7","10.8","0.4","59.4","29.2","86.2","11.9","3.5","59.1","27.8","82.3","26.7","47","20.8","24.8"
"2025","Ben Rortvedt","- - -","128","0.69064748","0.88541667","0.2688588","0.47679325","0.73451327","0.45841393","0.25471698","0.55555556","0.20502901","0.02857143","0","0.06769826","0.151785714","Ben Rortvedt","20287","666163","Rortvedt, Ben","666163","2025","18","8.6","0.152","0.205","0.24","0.445","0.211","0.24","0.194","0.236","68.7","4.9","8.1","5.8","22.8","16.5","7","2","10.8","-0.9","60","28.8","81.2","13.6","3.3","65.8","28.4","78.4","25.4","50","20.7","13"
"2025","Ben Williamson","SEA","295","0.65274151","0.92","0.31496711","0.49176955","0.80334728","0.39967105","0.31985294","0.50574713","0.22368421","0.10666667","0.125","0.06167763","0.252707581","Ben Williamson","33197","810938","Williamson, Ben","810938","2025","21.7","5.1","0.253","0.31","0.294","0.604","0.269","0.269","0.318","0.318","69.7","7.8","14.1","11.1","30.9","24.4","6.9","13","2.6","5.7","32.3","32.9","88.3","3.1","3.3","60.7","33.5","87.4","21.9","58.6","19.5","19.5"
"2026","Ben Williamson","TBR","255","0.56465517","0.94656489","0.23843782","0.50815851","0.84862385","0.44090442","0.27510917","0.61904762","0.23535457","0.04819277","0.5","0.08530319","0.25","Ben Williamson","33197","810938","Williamson, Ben","810938","2026","19.2","7.8","0.25","0.328","0.315","0.643","0.29","0.294","0.318","0.324","69.4","12","13.1","10.9","34.7","28.9","6.9","8","2.7","5.2","34","29","87.3","3.9","1.6","55.7","30.8","89.4","17.3","54.9","12.5","27.7"
"2023","Billy McKinney","NYY","147","0.71751412","0.88976378","0.28968903","0.48091603","0.67460317","0.42880524","0.13709677","0.23529412","0.20294599","0.0625","0","0.07855974","0.2265625","Billy McKinney","15654","641856","McKinney, Billy","641856","2023","26.5","11.6","0.227","0.406","0.32","0.726","0.315","0.343","0.379","0.425","71.2","13.1","10.4","7.5","26","18.7","7.1","0","14","-4.4","47.7","37.5","89.1","12.2","12.2","66.7","21.3","79","28.6","41.1","31.1","24.4"
"2026","Blake Dunn","CIN","155","0.66459627","0.92523364","0.29433272","0.52017937","0.81896552","0.40767824","0.19166667","0.26086957","0.21937843","0.11627907","0","0.0786106","0.28169014","Blake Dunn","29487","694362","Dunn, Blake","694362","2026","21.3","6.5","0.282","0.387","0.335","0.722","0.32","0.278","0.374","0.317","71.8","21.2","11.8","9.7","36","29.5","6.2","16","3.9","-0.7","38.4","33.3","89.2","14.6","2.9","64.2","28.7","87.2","23.3","46.4","21.8","25.5"
"2023","Blake Perkins","MIL","168","0.565","0.90265487","0.27586207","0.3961039","0.76229508","0.42482759","0.13496933","0.45454545","0.22482759","0.03703704","0","0.07448276","0.216783216","Blake Perkins","19921","663368","Perkins, Blake","663368","2023","27.4","13.7","0.217","0.35","0.325","0.675","0.303","0.279","0.354","0.313","69","5.6","8.5","6.7","26.8","21.3","7.1","3","9.3","-1.5","61.5","29","85.8","14.8","5.1","55.2","17","81.1","22.9","43.4","29.3","16.2"
"2024","Blake Perkins","MIL","434","0.64417178","0.85396825","0.28200692","0.45295699","0.71810089","0.42906574","0.1443299","0.48214286","0.22376009","0.05309735","0","0.06516724","0.240208877","Blake Perkins","19921","663368","Perkins, Blake","663368","2024","24.9","9.7","0.24","0.332","0.316","0.648","0.288","0.28","0.336","0.323","69.4","3.2","12.6","9.1","42.2","30.5","7.3","13","8.2","3.2","55.5","30.8","88.8","12","3.9","60.2","24.7","79.3","27.1","47.3","26.3","20.6"
"2025","Blake Perkins","MIL","171","0.65326633","0.82307692","0.28107345","0.39936102","0.688","0.4420904","0.09722222","0.57142857","0.20338983","0.01923077","0","0.07344633","0.225806451","Blake Perkins","19921","663368","Perkins, Blake","663368","2025","27.5","8.8","0.226","0.348","0.298","0.646","0.287","0.279","0.352","0.34","70","3.3","16","11.3","39.1","27.6","7.1","4","8.9","3.6","56.6","30.2","89.6","6.2","3.7","57.1","18.5","77.9","28.4","51.9","22.2","20.4"
"2026","Blake Perkins","MIL","101","0.57627119","0.88235294","0.28162291","0.5147929","0.7816092","0.40334129","0.17475728","0.61111111","0.24582339","0.03448276","1","0.06921241","0.15730337","Blake Perkins","19921","663368","Perkins, Blake","663368","2026","21.8","9.9","0.157","0.258","0.25","0.508","0.235","0.264","0.236","0.279","70.4","8.7","10.2","8","31.4","24.7","7.4","1","9.4","0.6","64.7","29.8","86.4","13.4","4.4","59.2","28.9","83.2","20.9","44.1","22.1","20.6"
"2023","Blake Sabol","SFG","344","0.78470255","0.80144404","0.25955882","0.56427379","0.62721893","0.44044118","0.23566879","0.2972973","0.23088235","0.04255319","0","0.06911765","0.23548387","Blake Sabol","25805","666165","Sabol, Blake","666165","2023","34","7","0.235","0.394","0.301","0.695","0.303","0.281","0.424","0.384","71.6","11.8","9","5.9","24.1","15.8","7.4","4","17.6","1.1","47.3","37.7","89.1","16.1","11.2","75.7","28","72.1","35.6","45.7","28.9","17.8"
"2024","Blaze Alexander","ARI","185","0.8","0.875","0.26647966","0.57366771","0.73770492","0.44740533","0.19402985","0.23076923","0.18793829","0.05714286","0","0.09817672","0.246987951","Blaze Alexander","23789","677942","Alexander, Blaze","677942","2024","26.5","8.1","0.247","0.343","0.321","0.664","0.298","0.262","0.361","0.305","73","30","11.3","8","27.8","19.7","7.3","6","6.9","5.4","37","34","88.5","8.5","3.4","75.1","29.2","81.2","29.6","52.5","25.4","16.1"
"2025","Blaze Alexander","ARI","266","0.728223","0.81818182","0.27569645","0.51777778","0.70815451","0.43227666","0.18103448","0.30952381","0.22286263","0.05555556","0","0.06916427","0.230434782","Blaze Alexander","23789","677942","Alexander, Blaze","677942","2025","32.3","8.3","0.23","0.383","0.323","0.706","0.313","0.305","0.414","0.398","72.1","25.4","15.8","10.9","28.8","20","7.4","8","8.8","3.9","46","36.2","90.2","7.3","12.8","68.2","25.2","77.7","31","50.7","24.3","24.3"
"2026","Blaze Alexander","BAL","246","0.86090226","0.87772926","0.28418803","0.62765957","0.73728814","0.4017094","0.22790698","0.48979592","0.22970085","0.07594937","0","0.08440171","0.312217194","Blaze Alexander","23789","677942","Alexander, Blaze","677942","2026","22","6.5","0.312","0.439","0.368","0.807","0.353","0.361","0.427","0.439","72.4","25.2","14.9","11.2","34.2","25.6","7.5","7","8.3","5.6","49.5","36.8","92.6","9.9","7.2","82.5","29.6","78.8","25.9","47.1","21.2","30"
"2026","Blaze Jordan","STL","122","0.78448276","0.86813187","0.27684964","0.59322034","0.82857143","0.42243437","0.33333333","0.55172414","0.20763723","0.05128205","1","0.09307876","0.230088495","Blaze Jordan","28199","691458","Jordan, Blaze","691458","2026","13.1","4.1","0.23","0.345","0.254","0.599","0.257","0.296","0.276","0.323","72.7","28.6","15","11.7","35.3","27.7","7.3","1","6.2","-1.6","40.7","30.8","89.3","10.2","6.9","74.2","35.2","86.1","20.9","44.6","19.8","28.7"
"2023","Bo Bichette","TOR","601","0.81880342","0.91022965","0.26292135","0.63180363","0.84628378","0.4211236","0.32364341","0.52095808","0.23191011","0.11229947","0.19047619","0.08404494","0.306479859","Bo Bichette","19612","666182","Bichette, Bo","666182","2023","19.1","4.5","0.306","0.475","0.339","0.814","0.349","0.356","0.415","0.425","70.1","16.1","15.1","11.6","31","23.8","7.2","6","4.3","4.8","36.3","38.9","90.2","6.2","9.7","77","36.7","87.1","21.1","46.4","18.8","30.9"
"2024","Bo Bichette","TOR","336","0.83892617","0.944","0.25383305","0.60970874","0.81210191","0.43867121","0.33333333","0.48192771","0.2120954","0.13392857","0.06666667","0.09540034","0.225080385","Bo Bichette","19612","666182","Bichette, Bo","666182","2024","19","6","0.225","0.322","0.277","0.599","0.264","0.303","0.293","0.348","70.3","14","14.6","11.6","32.5","25.8","7.3","10","3","0.5","31.5","37.9","89.2","7.2","4.5","76.7","37","88.6","22","47","17.7","30.9"
"2025","Bo Bichette","TOR","628","0.7779661","0.91938998","0.25563258","0.59821429","0.84742952","0.43674177","0.27929688","0.59440559","0.22183709","0.1010101","0","0.08578856","0.310996563","Bo Bichette","19612","666182","Bichette, Bo","666182","2025","14.5","6.4","0.311","0.483","0.357","0.84","0.361","0.353","0.4","0.39","69.1","9.1","17.2","14.3","36.2","30","7.3","21","4.3","1.6","33.2","37.4","91","8.2","7.9","72.1","35.2","89.3","18.4","47.4","19.8","29.1"
"2026","Bo Bichette","NYM","467","0.70960187","0.92739274","0.25356295","0.62114537","0.88179669","0.4043943","0.36479592","0.58041958","0.2327791","0.11413043","0.14285714","0.10926366","0.256410256","Bo Bichette","19612","666182","Bichette, Bo","666182","2026","18.2","6.2","0.256","0.366","0.302","0.668","0.294","0.322","0.329","0.367","70.1","15.3","14","11.5","32.8","26.9","7.2","5","2.6","2.3","27.9","37.4","89.3","8","6.3","67.5","40","90.7","19","47.6","24.2","25.9"
"2023","Bo Naylor","CLE","230","0.73895582","0.86956522","0.2462908","0.50331126","0.8245614","0.44807122","0.15859031","0.44444444","0.22453017","0.02439024","0.5","0.08110781","0.237373737","Bo Naylor","21865","666310","Naylor, Bo","666310","2023","23","13","0.237","0.47","0.339","0.809","0.347","0.311","0.401","0.345","72","24","8.7","7.1","23.6","19.3","7.3","4","9.5","-0.6","50.8","30.8","87.7","21","8.2","66.5","23.9","84.9","21.8","31.5","28.1","27.4"
"2024","Bo Naylor","CLE","389","0.70860927","0.80685358","0.27894089","0.5132128","0.76693767","0.44273399","0.18950437","0.26153846","0.2112069","0.04587156","0","0.06711823","0.200564971","Bo Naylor","21865","666310","Naylor, Bo","666310","2024","31.4","7.5","0.201","0.35","0.264","0.614","0.269","0.263","0.354","0.345","70.6","9.8","12.2","9","31.3","23.1","7.4","20","12.6","-5.2","50.4","30.5","88.8","19.9","8.1","65.7","27.4","78.6","28.3","36","30.1","22"
"2025","Bo Naylor","CLE","414","0.7192623","0.9031339","0.29030339","0.52240896","0.76675603","0.42474717","0.18768328","0.421875","0.20285544","0.02173913","0","0.08209399","0.194986072","Bo Naylor","21865","666310","Naylor, Bo","666310","2025","23.9","10.9","0.195","0.379","0.282","0.661","0.289","0.292","0.326","0.332","72.4","22.1","11.5","9.2","28.6","22.9","7.8","18","13.6","-8.2","52.5","32","89.6","21.3","9.7","66.5","25.5","85.6","22","31.6","32","23.4"
"2023","Bobby Witt Jr.","KCR","694","0.76880223","0.86594203","0.26582747","0.5691347","0.78840125","0.41503147","0.24960254","0.57961783","0.23287671","0.06866953","0.1875","0.08626435","0.276131045","Bobby Witt Jr.","25764","677951","Witt Jr., Bobby","677951","2023","17.4","5.8","0.276","0.495","0.319","0.814","0.343","0.368","0.393","0.425","75.1","53.3","18.7","15.4","32.8","26.9","7","7","5.9","-0.7","49.5","30.9","90.7","15.7","11.6","71","30.8","83.5","22.8","37.6","28.4","25.9"
"2024","Bobby Witt Jr.","KCR","709","0.77027027","0.90253411","0.25615385","0.59925443","0.80870918","0.41269231","0.27504244","0.54320988","0.22653846","0.04411765","0.16666667","0.10461538","0.331761006","Bobby Witt Jr.","25764","677951","Witt Jr., Bobby","677951","2024","15","8","0.332","0.588","0.389","0.977","0.41","0.407","0.461","0.457","74.6","48","20.3","15.9","34.9","27.4","7.1","16","5.7","-1.6","47.9","29.9","92.7","15.1","14.3","72.5","32.1","84.8","22.3","37.5","30.5","25.1"
"2025","Bobby Witt Jr.","KCR","687","0.77507163","0.86876155","0.2779769","0.5746124","0.78246206","0.41099164","0.23826087","0.50364964","0.22899243","0.05825243","0.08333333","0.08203903","0.295345104","Bobby Witt Jr.","25764","677951","Witt Jr., Bobby","677951","2025","18.2","7.1","0.295","0.501","0.351","0.852","0.36","0.365","0.417","0.424","74.3","45.1","20.3","15.8","35.1","27.4","7","24","4.9","0","46.7","28.6","93.3","15.2","12.5","71.6","30.6","83.4","23.9","37.4","27.9","26.1"
"2026","Bobby Witt Jr.","KCR","414","0.69166667","0.91566265","0.23591088","0.54923077","0.78991597","0.4259502","0.32102273","0.52212389","0.23066841","0.06097561","0","0.10747051","0.279132791","Bobby Witt Jr.","25764","677951","Witt Jr., Bobby","677951","2026","17.6","9.9","0.279","0.45","0.35","0.8","0.346","0.386","0.386","0.441","73.8","40.3","21.5","16.5","37.8","29","7","14","4.9","-0.9","43.1","28.1","92.9","16.6","12.2","66.4","33","86.6","24.8","35.8","26.1","28.4"
"2026","Braden Montgomery","CHW","167","0.84713376","0.90225564","0.26929674","0.57079646","0.75193798","0.38765009","0.27480916","0.36111111","0.22469983","0.08695652","0","0.11835334","0.25","Braden Montgomery","35423","695731","Montgomery, Braden","695731","2026","20.4","9.6","0.25","0.405","0.329","0.734","0.324","0.307","0.36","0.337","69.7","9.1","14.3","10.5","34","25","6.5","14","7.4","5.2","49.1","31.1","89.2","8.2","3.5","77.5","30.3","83.4","29","57.4","19.1","18.3"
"2025","Brady House","WSN","274","0.84057971","0.85775862","0.28482972","0.61670762","0.6812749","0.42002064","0.30803571","0.36231884","0.23116615","0.03225806","0","0.06398349","0.233716475","Brady House","29993","691781","House, Brady","691781","2025","28.5","2.9","0.234","0.322","0.252","0.574","0.248","0.284","0.333","0.385","72.4","22.2","16.6","11.8","33.8","24","7.5","5","8.4","3.5","47.6","35.4","89.8","5.8","4.3","75.7","36.9","77","30.9","46.3","23.9","27.7"
"2026","Brady House","WSN","188","0.76363636","0.77777778","0.24017467","0.6130137","0.78212291","0.42503639","0.32679739","0.28","0.22270742","0.05194805","0.25","0.11208151","0.235632183","Brady House","29993","691781","House, Brady","691781","2026","27.7","6.9","0.236","0.408","0.287","0.695","0.303","0.329","0.389","0.429","73.5","32.2","15.6","11","29.9","21.2","7.6","9","10.1","2.5","47.4","36.5","89.4","6.7","11.5","72.5","34.6","74.3","32.1","48.8","27.6","22.8"
"2023","Brandon Belt","TOR","404","0.77111111","0.84726225","0.24986119","0.42118227","0.61695906","0.45086063","0.1056701","0.34146341","0.21543587","0.02649007","0","0.08384231","0.253687315","Brandon Belt","10264","474832","Belt, Brandon","474832","2023","34.9","15.1","0.254","0.49","0.369","0.859","0.369","0.333","0.528","0.456","72.6","16.7","13.3","9.6","19.9","14.4","7","7","15.9","6.6","42.8","46.1","88.7","19.8","15","67","18","75.1","32.5","31","39","24"
"2023","Brandon Crawford","SFG","320","0.80996885","0.85384615","0.26161369","0.57786116","0.70454545","0.43439283","0.23214286","0.27692308","0.22819886","0.07526882","0","0.07579462","0.194346289","Brandon Crawford","5343","543063","Crawford, Brandon","543063","2023","25.3","8.8","0.194","0.314","0.273","0.587","0.26","0.293","0.296","0.347","71.4","16.2","12.8","9.5","32.1","23.8","7.6","6","15.1","-2.1","52.9","32.8","89.8","14","10.1","74.3","31.4","81","29.6","43","31.4","20.3"
"2023","Brandon Drury","LAA","523","0.73735409","0.87335092","0.26184412","0.57565012","0.71457906","0.430973","0.304038","0.390625","0.21446765","0.1043956","0.05263158","0.09271523","0.26185567","Brandon Drury","11615","592273","Drury, Brandon","592273","2023","26","4.8","0.262","0.497","0.306","0.803","0.339","0.317","0.435","0.404","71.7","17.1","20.3","14.7","32.8","23.7","7.5","16","9.4","-1","57","30.9","89.9","11.8","11","69.1","35","79.9","30.2","42.7","26.3","24.6"
"2024","Brandon Drury","LAA","360","0.74615385","0.85910653","0.27916965","0.48684211","0.75","0.43521832","0.20890411","0.54098361","0.20901933","0.03738318","0","0.0765927","0.169230769","Brandon Drury","11615","592273","Drury, Brandon","592273","2024","22.5","7.5","0.169","0.228","0.242","0.47","0.217","0.264","0.226","0.295","72.5","22.9","11.9","9.5","27.9","22.4","7.4","16","7.9","2.9","55.3","31.6","87.6","6","3.7","66.1","26.6","81.7","24.4","56.7","18.6","19"
"2025","Brandon Lockridge","- - -","148","0.74468085","0.86428571","0.32525952","0.50202429","0.7983871","0.42733564","0.25217391","0.4137931","0.19896194","0.07142857","0","0.04844291","0.231343283","Brandon Lockridge","21496","663604","Lockridge, Brandon","663604","2025","24.3","5.4","0.231","0.299","0.276","0.575","0.254","0.267","0.306","0.324","71.1","17.2","10.6","8","29.1","22.2","6.7","3","4.5","4.4","38.5","29.6","87.1","2.3","2.9","68.9","33.6","83.5","24.9","58.3","19.4","20.4"
"2023","Brandon Lowe","TBR","436","0.82286996","0.88010899","0.25960419","0.5733882","0.66507177","0.42433062","0.2278481","0.25555556","0.22991851","0.08108108","0.08333333","0.08614668","0.23076923","Brandon Lowe","18882","664040","Lowe, Brandon","664040","2023","27.3","11.5","0.231","0.443","0.328","0.771","0.334","0.338","0.408","0.414","73.2","30.5","16.9","12.6","32.4","24.1","7.1","15","14.7","-4","49.2","35.8","91.4","16","10.7","75.4","30","80.4","32","41.4","30.7","20.3"
"2024","Brandon Lowe","TBR","425","0.84976526","0.85911602","0.26231527","0.628734","0.64932127","0.43288177","0.23376623","0.3","0.23706897","0.02727273","0","0.06773399","0.244155844","Brandon Lowe","18882","664040","Lowe, Brandon","664040","2024","26.4","7.8","0.244","0.473","0.311","0.784","0.335","0.344","0.424","0.439","73.4","35.8","17.2","12.2","30.5","21.6","7.1","27","15","-3.5","46","34.7","89.8","14.5","12.4","80.3","30.8","76.3","32.7","36.4","31.6","26.2"
"2025","Brandon Lowe","TBR","553","0.82571912","0.8545082","0.27655592","0.60907127","0.64539007","0.43331774","0.27912088","0.29133858","0.2129153","0.02424242","0","0.07721104","0.256410256","Brandon Lowe","18882","664040","Lowe, Brandon","664040","2025","26.9","6.9","0.256","0.477","0.307","0.784","0.334","0.335","0.433","0.434","73.8","40.3","15.6","11","29.9","21","7.2","31","14.7","-2.4","48.5","33.5","91.1","15.2","13","77.7","32","76.6","33.4","37.9","29.7","25.8"
"2026","Brandon Lowe","PIT","446","0.77628635","0.85590778","0.25282805","0.54904632","0.64019851","0.41515837","0.30120482","0.376","0.23472851","0.11627907","0.1","0.09728507","0.252525252","Brandon Lowe","18882","664040","Lowe, Brandon","664040","2026","26.7","9.2","0.253","0.486","0.321","0.807","0.346","0.338","0.438","0.425","73.7","40.3","15.9","10.9","32.8","22.6","7.1","30","15.7","-2.9","49.4","33.6","91","17","12","71.4","33.7","80.1","34.7","33.6","34.3","25.1"
"2023","Brandon Marsh","PHI","472","0.64380952","0.88757396","0.26461694","0.4842233","0.73934837","0.41532258","0.20529801","0.38709677","0.22832661","0.04395604","0","0.09173387","0.277227722","Brandon Marsh","20202","669016","Marsh, Brandon","669016","2023","30.5","12.5","0.277","0.458","0.372","0.83","0.358","0.322","0.475","0.411","71.8","14.4","11.7","8.7","30.1","22.4","7.2","4","9.8","3.8","41.6","40.7","91.3","12.4","9.1","61.5","25.6","82.5","27.4","45.7","26.8","24.9"
"2024","Brandon Marsh","PHI","476","0.66465863","0.89728097","0.24813154","0.45238095","0.72180451","0.43946188","0.18502203","0.36904762","0.22620827","0.06358382","0","0.08619831","0.248803827","Brandon Marsh","20202","669016","Marsh, Brandon","669016","2024","32.4","10.5","0.249","0.419","0.328","0.747","0.326","0.327","0.442","0.443","71.8","14.8","15","11.2","33.3","24.9","7.2","4","9.9","1","41.3","39.8","91.6","13.8","10","61.5","23.7","83.8","27.5","39.3","28.5","28.5"
"2025","Brandon Marsh","PHI","425","0.72171946","0.92476489","0.26674713","0.51051893","0.77197802","0.43029572","0.23013699","0.35714286","0.22027761","0.05109489","0","0.08267954","0.279683377","Brandon Marsh","20202","669016","Marsh, Brandon","669016","2025","25.9","8.9","0.28","0.443","0.342","0.785","0.339","0.33","0.428","0.414","71.4","13.9","15.2","11.9","34.5","27","7.1","8","9.4","-0.3","41","38.5","91.1","12.6","8.4","66.2","29.1","88.6","23.2","41.7","26.1","27.9"
"2026","Brandon Marsh","PHI","409","0.73902439","0.89108911","0.27080581","0.58548387","0.78787879","0.40951123","0.33333333","0.42105263","0.22589168","0.12676056","0.22222222","0.09379128","0.280104712","Brandon Marsh","20202","669016","Marsh, Brandon","669016","2026","26.9","5.4","0.28","0.455","0.32","0.775","0.333","0.311","0.438","0.406","71.5","15.7","15","11.4","32","24.3","7.3","3","9.9","-1.4","42.8","37.3","89.5","12.8","9.1","70.2","38.1","85.6","26.3","41.8","26.5","27.3"
"2023","Brandon Nimmo","NYM","682","0.69809069","0.90940171","0.29434492","0.43358396","0.77842004","0.42044257","0.1553719","0.38297872","0.21250439","0.02898551","0","0.07270811","0.273648648","Brandon Nimmo","12927","607043","Nimmo, Brandon","607043","2023","21.4","10.9","0.274","0.466","0.363","0.829","0.359","0.352","0.411","0.4","72.6","26.8","17.9","14.6","36.6","29.9","7.2","6","5.3","1.1","44.3","28.4","91.8","12.2","9.5","62.4","19.9","84.5","22","41.2","26.4","25.5"
"2024","Brandon Nimmo","NYM","663","0.73663102","0.91470054","0.27229705","0.47413062","0.75313059","0.42919549","0.18270799","0.375","0.22315253","0.03381643","0","0.07535493","0.224168126","Brandon Nimmo","12927","607043","Nimmo, Brandon","607043","2024","23.8","11.6","0.224","0.399","0.327","0.726","0.321","0.338","0.363","0.391","73.2","34.7","15.4","12.1","30.9","24.1","7.3","15","6.5","0","50.2","29.2","91.9","11.2","9.2","65.7","24.2","84.9","23.4","42.8","27.2","25"
"2025","Brandon Nimmo","NYM","652","0.72864322","0.87586207","0.30591852","0.48845471","0.76363636","0.43274404","0.17533719","0.34065934","0.19946195","0.02484472","0","0.06187548","0.262350936","Brandon Nimmo","12927","607043","Nimmo, Brandon","607043","2025","21.6","7.7","0.262","0.436","0.324","0.76","0.329","0.321","0.386","0.374","72.2","26.2","19.9","15.3","34.9","26.9","7.2","22","6.5","2.4","47.3","29.1","91.9","11.2","8.8","66.2","24.4","82.9","23.8","46","23.6","23.1"
"2026","Brandon Nimmo","TEX","433","0.76304348","0.89458689","0.27811366","0.5583685","0.79848866","0.42986699","0.2358209","0.5443038","0.2025393","0.04054054","0","0.08948005","0.267857142","Brandon Nimmo","12927","607043","Nimmo, Brandon","607043","2026","21.9","7.6","0.268","0.431","0.333","0.764","0.333","0.37","0.392","0.445","72.2","27.4","17.3","13.4","34.2","26.6","7","17","6.9","2.7","50.8","29.5","92.3","10.7","11.7","71","29.3","83.8","22.6","39.8","26.8","30.8"
"2026","Brandon Valenzuela","TOR","203","0.77092511","0.90285714","0.27615572","0.53726708","0.78612717","0.39172749","0.28648649","0.37735849","0.22506083","0.11363636","0","0.10705596","0.227777777","Brandon Valenzuela","23813","678218","Valenzuela, Brandon","678218","2026","26.1","10.3","0.228","0.394","0.307","0.701","0.31","0.319","0.374","0.389","72.6","22.7","11.1","8.6","26.2","20.2","7.8","7","9.2","-8.8","52","32.8","88.2","16.6","8.5","71.4","29.7","85.8","24.7","37.2","27.1","27.9"
"2025","Braxton Fulford","COL","120","0.7421875","0.88421053","0.28131868","0.53807107","0.66037736","0.43296703","0.2173913","0.2","0.2021978","0.02631579","1","0.08351648","0.212962962","Braxton Fulford","29704","690924","Fulford, Braxton","690924","2025","30","5.8","0.213","0.324","0.267","0.591","0.258","0.262","0.329","0.335","71.5","18.6","14.6","10.3","28.5","20.1","6.6","8","11.1","-9","52","29.1","87.3","19.8","5.3","69.4","27.4","79.5","30.6","34.7","36","22.7"
"2024","Brayan Rocchio","CLE","442","0.69392523","0.90572391","0.25644098","0.53069577","0.77634961","0.43918514","0.22916667","0.44318182","0.23007789","0.02419355","0","0.07429599","0.206266318","Brayan Rocchio","23690","677587","Rocchio, Brayan","677587","2024","20.4","10","0.206","0.316","0.298","0.614","0.276","0.279","0.288","0.292","69.5","3.2","7.4","5.7","30.4","23.3","7.3","9","10","-3","50.7","29.2","84.6","9.4","4","68.4","29.9","83.4","24.3","47.7","25","20.7"
"2025","Brayan Rocchio","CLE","383","0.73979592","0.88275862","0.27781715","0.56957929","0.75284091","0.43798724","0.22147651","0.45454545","0.21119773","0.06796117","0.42857143","0.07299787","0.232558139","Brayan Rocchio","23690","677587","Rocchio, Brayan","677587","2025","20.1","5.7","0.233","0.34","0.29","0.63","0.278","0.295","0.31","0.334","70","6.8","13.5","10.1","36.6","27.5","7.3","10","10.9","-5.3","50.3","28.9","88","11","3.3","70.8","31.1","83","24","45.3","24.6","26.8"
"2026","Brayan Rocchio","CLE","415","0.72680412","0.89716312","0.24824056","0.57680723","0.80156658","0.42482406","0.28932584","0.48543689","0.22776711","0.05806452","0","0.09916827","0.265415549","Brayan Rocchio","23690","677587","Rocchio, Brayan","677587","2026","14.5","6.7","0.265","0.394","0.326","0.72","0.318","0.296","0.336","0.308","70.1","7.6","9.7","7.6","32.8","25.6","7.3","10","8.7","-6.1","49.6","28.3","86.6","13.3","3.1","68.8","33.5","85.5","23.2","42.5","24.7","24.4"
"2023","Brendan Donovan","STL","371","0.67422096","0.94117647","0.24668064","0.48678072","0.87220447","0.44933613","0.19594595","0.62068966","0.20684836","0.01438849","0","0.09713487","0.284403669","Brendan Donovan","24679","680977","Donovan, Brendan","680977","2023","14.3","8.9","0.284","0.422","0.365","0.787","0.345","0.356","0.359","0.374","69.3","2.4","16.2","14.6","37.8","34.1","6.8","3","5.3","4.8","42.5","31","89.3","10.6","5.8","63.4","22.9","90.8","14.8","46.7","22.5","25.4"
"2024","Brendan Donovan","STL","652","0.66479663","0.95780591","0.28703704","0.48120301","0.84765625","0.42834138","0.18929254","0.52525253","0.2105475","0.01086957","0.5","0.07407407","0.277683134","Brendan Donovan","24679","680977","Donovan, Brendan","680977","2024","12.4","7.2","0.278","0.417","0.342","0.759","0.332","0.341","0.342","0.353","69.6","7.2","13.5","11.7","40.4","35","6.9","14","7.4","1.1","48.7","30","88.7","13.2","5.5","63.7","23.7","91.4","15.1","42.3","22.9","27.2"
"2025","Brendan Donovan","STL","515","0.66484517","0.93972603","0.28549142","0.48214286","0.87654321","0.43681747","0.15601023","0.57377049","0.20332813","0.02797203","0","0.07436297","0.286956521","Brendan Donovan","24679","680977","Donovan, Brendan","680977","2025","13","8.2","0.287","0.422","0.353","0.775","0.337","0.346","0.352","0.364","69.3","4.8","17.7","15.4","42.5","37","6.8","8","7.8","1.6","49.4","30.4","89.7","12.2","8.8","61.2","25.1","91.6","13.4","43.1","22.3","28.1"
"2026","Brendan Donovan","SEA","101","0.6185567","0.96666667","0.27247191","0.5106383","0.81944444","0.39606742","0.22222222","0.5","0.22752809","0.05405405","0","0.10393258","0.273809523","Brendan Donovan","24679","680977","Donovan, Brendan","680977","2026","14.9","10.9","0.274","0.452","0.386","0.838","0.37","0.344","0.373","0.335","68.5","0.7","10.1","8.1","36.7","29.4","6.9","2","10","-1.6","67.2","28.9","85.9","14.8","4.4","62.7","25.3","88.5","20.4","41.4","24.3","24.3"
"2023","Brendan Rodgers","COL","192","0.7311828","0.90441176","0.26724138","0.5448505","0.72560976","0.43247126","0.22666667","0.38235294","0.21551724","0.01694915","0","0.08477011","0.258426966","Brendan Rodgers","17907","663898","Rodgers, Brendan","663898","2023","21.4","5.7","0.258","0.388","0.313","0.701","0.307","0.319","0.358","0.376","71.9","28","16.5","12.8","32.6","25.3","7.1","8","5.2","-0.7","43.5","30.4","88.3","4.8","10.9","65.4","30","85.8","25.4","53.3","23.4","20.4"
"2024","Brendan Rodgers","COL","539","0.77992958","0.89841986","0.27413127","0.51884701","0.72649573","0.43532819","0.23486683","0.40206186","0.19932432","0.05820106","0","0.09121622","0.267465069","Brendan Rodgers","17907","663898","Rodgers, Brendan","663898","2024","24.5","5.8","0.267","0.407","0.314","0.721","0.314","0.299","0.39","0.369","71.6","25","14.4","11","31.6","24.1","7.1","26","4.6","-1.6","39","31.9","89.3","4.9","5.7","69.3","29.1","85.1","25.9","56.7","16.9","23.4"
"2025","Brendan Rodgers","HOU","128","0.64827586","0.88297872","0.29774127","0.54028436","0.55263158","0.43326489","0.21276596","0.3","0.19301848","0.05405405","0","0.07597536","0.191304347","Brendan Rodgers","17907","663898","Rodgers, Brendan","663898","2025","35.9","8.6","0.191","0.278","0.266","0.544","0.246","0.296","0.331","0.421","74","40","18.6","11.7","30.2","19","7.3","3","9.7","-8","55.6","31.6","90.5","10.8","14.3","63.8","28.2","76.5","37.8","40","31.4","24.3"
"2023","Brent Rooker","OAK","526","0.68983957","0.82170543","0.26068773","0.52044199","0.62632696","0.42053903","0.24137931","0.25210084","0.22908922","0.07253886","0","0.08968401","0.246220302","Brent Rooker","19627","667670","Rooker, Brent","667670","2023","32.7","9.3","0.246","0.488","0.329","0.817","0.348","0.342","0.482","0.471","73.4","33.3","19.2","13.1","32.9","22.4","7.2","22","12.6","-3.8","43.2","37.4","91.6","17.6","15.6","66.2","27.3","73.5","38.2","33.2","36.9","24.7"
"2024","Brent Rooker","OAK","614","0.78020134","0.8688172","0.25063078","0.56646217","0.64981949","0.41126997","0.26094571","0.32885906","0.24011775","0.10729614","0.04","0.0979815","0.293040293","Brent Rooker","19627","667670","Rooker, Brent","667670","2024","28.8","9.6","0.293","0.562","0.365","0.927","0.392","0.381","0.53","0.513","73.6","36.8","17.9","12.4","32.6","22.5","7.1","29","11.5","-5.4","47.5","35.8","91.9","18.9","16.7","72.7","30.9","78.9","34.1","33.8","34.3","23.3"
"2025","Brent Rooker","ATH","699","0.8035982","0.86007463","0.25902913","0.57129543","0.6867863","0.41669903","0.20165289","0.32786885","0.23495146","0.06956522","0","0.08932039","0.26198083","Brent Rooker","19627","667670","Rooker, Brent","667670","2025","22.2","9.3","0.262","0.479","0.335","0.814","0.349","0.351","0.415","0.418","73.5","35.5","17.4","12.5","33.5","24.2","7.1","45","12.2","-6","44.9","36.3","90.7","16.4","13.7","75.3","26.5","79.5","30.8","37","30.2","26"
"2026","Brent Rooker","ATH","203","0.75706215","0.85074627","0.2434663","0.56818182","0.59428571","0.42365887","0.2716763","0.25531915","0.23796424","0.07246377","0","0.09491059","0.2","Brent Rooker","19627","667670","Rooker, Brent","667670","2026","31.7","9.4","0.201","0.391","0.282","0.673","0.294","0.316","0.385","0.424","74","41.1","19.1","12.1","29.1","18.5","7.1","7","13.3","-6.5","45.7","37.7","89.9","19.7","15.5","71.1","31","74.7","38.4","34.2","41","20.5"
"2023","Brenton Doyle","COL","431","0.78199052","0.82727273","0.26524199","0.58430233","0.65174129","0.43243243","0.24109589","0.15909091","0.22941546","0.06896552","0.125","0.07291012","0.203007518","Brenton Doyle","25479","686668","Doyle, Brenton","686668","2023","35","5.1","0.203","0.343","0.25","0.593","0.257","0.258","0.366","0.368","71.2","12","8.9","5.9","30","19.6","7.2","8","14.5","3.4","60.5","32.7","88.3","11.7","8.7","74","32.2","75.7","35.8","49.6","25.6","20.5"
"2024","Brenton Doyle","COL","603","0.80550459","0.89977221","0.25360633","0.59696641","0.67332123","0.42950209","0.20528455","0.31683168","0.22894369","0.02116402","0.25","0.08794788","0.260147601","Brenton Doyle","25479","686668","Doyle, Brenton","686668","2024","25.4","7.6","0.26","0.446","0.317","0.763","0.328","0.33","0.41","0.414","70.9","8.1","15.1","10.7","34.3","24.3","7.4","20","12.6","0.2","64.4","31.3","89.2","13.2","10.5","74.4","30.2","82.1","29.8","40.4","29.2","25.9"
"2025","Brenton Doyle","COL","538","0.78500986","0.87688442","0.25907001","0.54982818","0.69375","0.44609096","0.2137931","0.2688172","0.222279","0.05633803","0.25","0.07256004","0.233067729","Brenton Doyle","25479","686668","Doyle, Brenton","686668","2025","25.7","5.6","0.233","0.376","0.274","0.65","0.282","0.3","0.355","0.381","70.7","6.2","16.4","11.9","36.9","26.8","7.2","24","11.5","0.6","64.2","30.4","89.9","9.8","10.9","71","30.2","81.5","29.7","46.5","25.9","23"
"2026","Brenton Doyle","COL","122","0.80612245","0.93670886","0.23058824","0.59459459","0.7","0.43529412","0.36","0.30555556","0.23529412","0.02380952","0","0.09882353","0.207207207","Brenton Doyle","25479","686668","Doyle, Brenton","686668","2026","32.8","9","0.207","0.27","0.279","0.549","0.252","0.248","0.325","0.321","71.9","17.3","13.5","9.4","24.1","16.8","7.3","6","11.6","1.4","58.5","29.6","87.8","6.7","5.9","73.9","35.4","84.4","32.2","56.3","19.7","21.1"
"2023","Brett Baty","NYM","389","0.70263789","0.85324232","0.27615894","0.50788644","0.6863354","0.41986755","0.21597633","0.31506849","0.22384106","0.05785124","0","0.08013245","0.212464589","Brett Baty","26123","683146","Baty, Brett","683146","2023","28","7.5","0.212","0.323","0.275","0.598","0.266","0.3","0.329","0.383","75.8","57.8","16.5","11.2","25.9","17.7","7.7","5","9.3","1.2","45.8","37.6","89.5","6.6","7.7","64.4","27.6","78.3","31.6","50.4","20.3","25.2"
"2024","Brett Baty","NYM","171","0.71264368","0.84677419","0.25739645","0.54662379","0.78235294","0.46005917","0.31654676","0.47727273","0.2056213","0.01923077","0","0.07692308","0.228758169","Brett Baty","26123","683146","Baty, Brett","683146","2024","24.6","9.4","0.229","0.327","0.306","0.633","0.282","0.284","0.33","0.332","73.4","37.7","8.6","6.4","19.7","14.7","7.6","5","11.4","0","41.2","38.4","86.6","10.3","5.4","69.1","32.1","84","26.2","54.5","23.2","17"
"2025","Brett Baty","NYM","432","0.73809524","0.87096774","0.28750713","0.48337596","0.72751323","0.44609241","0.16011236","0.40350877","0.20308043","0.07207207","0","0.06332002","0.254452926","Brett Baty","26123","683146","Baty, Brett","683146","2025","25","7.6","0.254","0.435","0.313","0.748","0.324","0.334","0.4","0.416","74.8","48.4","17.6","12.9","31.1","22.8","7.4","16","8.5","4.1","47.5","35.4","90.7","5.8","12.9","66.7","24.8","79.8","27.3","51","21.2","24"
"2026","Brett Baty","NYM","352","0.72479564","0.86090226","0.26327116","0.54040404","0.75077882","0.42611191","0.23343849","0.31081081","0.22740316","0.0862069","0","0.08321377","0.223642172","Brett Baty","26123","683146","Baty, Brett","683146","2026","27.3","8.8","0.224","0.329","0.296","0.625","0.281","0.304","0.338","0.375","75","54.7","14.8","10.9","27.8","20.6","7.4","19","10.4","2.1","46.7","37.3","89.6","11.4","8.6","68.2","29","81.9","28.5","43","25.8","25.3"
"2024","Brett Harris","OAK","123","0.72340426","0.92156863","0.28600406","0.36190476","0.69736842","0.42596349","0.17","0.47058824","0.20283976","0.02380952","0","0.0851927","0.145631067","Brett Harris","29788","695391","Harris, Brett","695391","2024","20.3","13.8","0.146","0.262","0.276","0.538","0.252","0.276","0.226","0.263","70.3","9.2","16.9","12.7","38.5","28.9","7.2","1","7.1","-2.2","50","28","87.4","12.8","5.1","60.9","19.1","82.8","23.8","41.8","24.1","21.5"
"2026","Brett Sullivan","COL","147","0.75","0.91428571","0.27504912","0.58715596","0.859375","0.42829077","0.24770642","0.59259259","0.21414538","0.04761905","0","0.08251473","0.227941176","Brett Sullivan","18217","664954","Sullivan, Brett","664954","2026","17.7","4.8","0.228","0.39","0.267","0.657","0.284","0.257","0.32","0.285","68","4.1","8.8","7.3","37.6","31.2","7.3","4","8.9","-6.8","59.5","29.8","86.7","21.8","2.7","68.6","34.6","87.3","18.2","37.2","27.4","22.1"
"2023","Brett Wisely","SFG","131","0.70289855","0.81443299","0.25988701","0.59493671","0.70921986","0.44632768","0.26724138","0.41935484","0.21845574","0.05","0.5","0.07532957","0.175","Brett Wisely","27735","689172","Wisely, Brett","689172","2023","30.5","6.9","0.175","0.267","0.231","0.498","0.222","0.24","0.279","0.308","69.1","8.9","6.3","3.6","21.9","12.5","6.9","1","15.5","-4","34.9","39.4","85.9","17.9","7.3","71.3","33.3","74.5","31.6","41.5","24.4","23.2"
"2024","Brett Wisely","SFG","272","0.70967742","0.91414141","0.28440367","0.51141553","0.80803571","0.44648318","0.28342246","0.39622642","0.19062181","0.06493506","0","0.07849134","0.238095238","Brett Wisely","27735","689172","Wisely, Brett","689172","2024","23.9","4.8","0.238","0.345","0.278","0.623","0.272","0.263","0.332","0.319","67.5","3.5","9.2","7.2","33.3","26.1","6.8","10","8.6","-3.4","41.2","33.1","86.8","16.2","5.3","67.3","30.8","86.8","22.5","42.7","33.9","17.7"
"2023","Brian Anderson","MIL","361","0.73366834","0.81849315","0.27619709","0.55121951","0.67256637","0.42678695","0.209375","0.37313433","0.22206801","0.06481481","0","0.07494795","0.226415094","Brian Anderson","18289","605119","Anderson, Brian","605119","2023","29.9","10","0.226","0.368","0.31","0.678","0.299","0.314","0.376","0.401","72.3","32.8","11.1","6.9","36.1","22.4","7.5","4","12.9","2.2","59.3","32.5","87.6","9.9","10.4","69.4","28.1","75.4","33.3","47.9","22.5","23"
"2026","Brice Matthews","HOU","226","0.70980392","0.82872928","0.2712766","0.51554404","0.63819095","0.4106383","0.21153846","0.15909091","0.2212766","0.03296703","0","0.09680851","0.197115384","Brice Matthews","33280","694728","Matthews, Brice","694728","2026","31.4","6.6","0.197","0.332","0.25","0.582","0.257","0.26","0.341","0.347","72.9","28.8","14.3","9","29.4","18.5","7.3","8","13.7","1.3","52.3","31.9","86.8","12","8.6","67.7","25.3","75.8","35.3","50","24.3","17.9"
"2023","Brice Turang","MIL","448","0.71257485","0.88515406","0.27910864","0.51119403","0.80291971","0.44791086","0.21529745","0.64473684","0.19665738","0.01459854","0.5","0.07632312","0.217821782","Brice Turang","22186","668930","Turang, Brice","668930","2023","21","8.5","0.218","0.3","0.285","0.585","0.262","0.275","0.288","0.306","68.4","3.8","6.5","5.4","29.7","24.6","6.5","3","5.1","0.5","39.4","29.4","85.5","12.6","2.9","67.2","27.3","83.7","21.7","42.5","25.1","24.1"
"2024","Brice Turang","MIL","619","0.67164179","0.91919192","0.29838057","0.51515152","0.88602941","0.42753036","0.21825397","0.66363636","0.20404858","0.01156069","1","0.07004049","0.254025044","Brice Turang","22186","668930","Turang, Brice","668930","2024","17","8.1","0.254","0.349","0.316","0.665","0.294","0.302","0.318","0.328","66.1","3.3","6.2","5.3","33.8","29.1","6.1","12","0.9","6.5","26.1","30.2","87","6.1","2.4","64.5","28.3","90.7","13.8","53.7","17.7","24.5"
"2025","Brice Turang","MIL","659","0.67305389","0.86654804","0.30122655","0.47698745","0.80526316","0.43109668","0.14928058","0.46987952","0.2005772","0.02688172","0","0.06709957","0.287671232","Brice Turang","22186","668930","Turang, Brice","668930","2025","22.8","10","0.288","0.435","0.359","0.794","0.346","0.335","0.412","0.395","70.6","18.1","14.6","11.8","34.7","28.1","6.8","27","7","8.2","44.9","31.1","91.1","8.6","8","62.9","23.7","84.5","21","46.9","25.6","25.2"
"2026","Brice Turang","MIL","463","0.6647619","0.88538682","0.27187985","0.48711656","0.81612091","0.42206111","0.18414918","0.4556962","0.22216468","0.00617284","0","0.08389436","0.270676691","Brice Turang","22186","668930","Turang, Brice","668930","2026","24.4","12.7","0.271","0.461","0.363","0.824","0.358","0.347","0.433","0.415","70","10","13.8","11.2","33","26.6","6.8","13","7.9","9.6","49.4","36.1","90.6","7.9","8.3","63.1","24","84","21.3","47.8","23","28.2"
"2024","Brooks Baldwin","CHW","121","0.78181818","0.80232558","0.25821596","0.70103093","0.79411765","0.45539906","0.20879121","0.52631579","0.21361502","0.03225806","0","0.07276995","0.210526315","Brooks Baldwin","31394","681460","Baldwin, Brooks","681460","2024","25.6","5","0.211","0.316","0.25","0.566","0.249","0.264","0.31","0.332","71.2","8.4","9.4","7","28.3","21","7.1","1","12.3","-0.5","63.3","30.9","87.4","26.2","4.8","77.9","35.3","78","24.9","27.4","33.3","22.6"
"2025","Brooks Baldwin","CHW","328","0.7761194","0.88461538","0.26778577","0.58286778","0.76677316","0.42925659","0.28148148","0.44736842","0.21582734","0.05504587","0.16666667","0.0871303","0.24","Brooks Baldwin","31394","681460","Baldwin, Brooks","681460","2025","26.2","6.4","0.24","0.407","0.29","0.697","0.302","0.307","0.382","0.389","70.6","11.1","13.7","10.4","33.6","25.5","7.1","7","11.1","3","58.8","30","90.4","14.8","10.9","73","33.3","82.8","24.6","41.4","28.6","22.7"
"2024","Brooks Lee","MIN","185","0.72077922","0.90990991","0.25081433","0.59926471","0.82822086","0.44299674","0.30555556","0.54545455","0.23452769","0.06818182","0.33333333","0.07166124","0.220930232","Brooks Lee","31595","686797","Lee, Brooks","686797","2024","14.6","5.9","0.221","0.32","0.265","0.585","0.252","0.282","0.272","0.309","69.3","4.6","8.4","6.8","37.2","30","6.9","5","8.7","-5","57.6","30.3","85.8","12.5","4.1","67.5","36","90.2","20.2","41.5","25.2","24.5"
"2025","Brooks Lee","MIN","527","0.71457086","0.92178771","0.24900596","0.5794702","0.75809524","0.45029821","0.24880383","0.43269231","0.20775348","0.0802139","0.06666667","0.09294235","0.23613963","Brooks Lee","31595","686797","Lee, Brooks","686797","2025","17.5","5.9","0.236","0.37","0.285","0.655","0.286","0.289","0.316","0.32","69.5","9.4","9.8","7.7","36.5","28.9","7.2","42","11.3","-4.4","57.5","30.8","88.6","13.2","5.8","68.6","31.8","88.1","24","44.3","29","20.5"
"2026","Brooks Lee","MIN","418","0.73508353","0.93181818","0.27243173","0.6366782","0.83695652","0.37581274","0.32231405","0.5042735","0.23602081","0.06741573","0","0.11573472","0.244791666","Brooks Lee","31595","686797","Lee, Brooks","686797","2026","16.3","7.2","0.245","0.419","0.302","0.721","0.315","0.271","0.343","0.286","70.2","8.1","9.3","7.6","33.4","27.1","7","21","11.2","-6.6","57.4","30.8","87.6","15.1","3.8","73.1","33.3","89.1","20.8","40.3","27.4","24.5"
"2023","Bryan De La Cruz","MIA","626","0.77024793","0.81545064","0.24523713","0.57142857","0.73322148","0.42278071","0.27444254","0.525","0.23631942","0.05508475","0.23076923","0.09566275","0.257340241","Bryan De La Cruz","19600","650559","De La Cruz, Bryan","650559","2023","22.7","6.4","0.257","0.411","0.304","0.715","0.309","0.33","0.372","0.403","72.2","23.6","17","12.6","33.4","24.7","7.7","6","12.5","-0.5","55.3","38.1","89.9","11.8","8.9","68.2","34.3","78.2","28.7","40.7","24.9","29.4"
"2024","Bryan De La Cruz","- - -","622","0.81428571","0.83820663","0.26315789","0.60102564","0.72013652","0.40726817","0.28621291","0.47560976","0.23934837","0.07407407","0.0625","0.09022556","0.232876712","Bryan De La Cruz","19600","650559","De La Cruz, Bryan","650559","2024","27.3","4.7","0.233","0.384","0.271","0.655","0.283","0.306","0.367","0.402","71.7","19.8","12.6","9.2","32.6","23.7","7.7","20","13.4","1.2","52.8","38.1","89.6","13.1","9.3","75.5","32.6","77.5","30.1","41.3","29.8","24.6"
"2024","Bryan Ramos","CHW","108","0.69306931","0.78571429","0.24162679","0.4787234","0.78888889","0.44976077","0.23076923","0.33333333","0.21770335","0.05263158","0","0.09090909","0.202020202","Bryan Ramos","25621","682868","Ramos, Bryan","682868","2024","20.4","6.5","0.202","0.333","0.252","0.585","0.257","0.291","0.29","0.337","72","20.5","19","13.7","42.2","30.4","8.5","2","7.1","-3.1","59.8","27.7","90.1","11.8","6.4","61.5","25.4","80.2","29","43.6","24.4","26.9"
"2023","Bryan Reynolds","PIT","640","0.7996633","0.89263158","0.23543401","0.54384328","0.70497427","0.424891","0.20957096","0.35433071","0.24019025","0.0438247","0","0.09948474","0.263066202","Bryan Reynolds","19326","668804","Reynolds, Bryan","668804","2023","21.6","8.3","0.263","0.46","0.33","0.79","0.338","0.359","0.395","0.426","70.1","10.8","14.6","10.8","37.1","27.3","6.9","23","13.2","0.7","46.9","38.5","90.9","10.9","11.1","73","25.9","82.3","28.2","44.1","28.7","24"
"2024","Bryan Reynolds","PIT","692","0.80906149","0.872","0.23732719","0.57885463","0.71537291","0.4358679","0.25357143","0.35211268","0.21505376","0.04810997","0.07142857","0.11175115","0.274919614","Bryan Reynolds","19326","668804","Reynolds, Bryan","668804","2024","22.5","8.2","0.275","0.447","0.344","0.791","0.343","0.353","0.409","0.425","71.5","17","17.5","12.8","36.8","26.9","6.8","31","12.5","0.6","45.9","38","89.9","9.4","9.6","74.1","30.2","81.3","29.4","46.1","26.7","24.9"
"2025","Bryan Reynolds","PIT","654","0.81204112","0.90596745","0.25883694","0.53461218","0.67082683","0.45572026","0.19279279","0.24299065","0.21094641","0.00510204","0","0.07449639","0.245315161","Bryan Reynolds","19326","668804","Reynolds, Bryan","668804","2025","26.5","8.7","0.245","0.402","0.318","0.72","0.315","0.338","0.388","0.424","72.2","22.7","16.7","12.3","33.1","24.3","6.9","43","13","1.2","46.8","37.9","91.2","7.3","10.1","73.5","25.9","80.5","29.4","47.2","23.5","28.3"
"2026","Bryan Reynolds","PIT","474","0.78418803","0.92098093","0.25256341","0.51119895","0.69329897","0.40960604","0.18693694","0.22891566","0.23961144","0.05494505","0","0.0982191","0.26952141","Bryan Reynolds","19326","668804","Reynolds, Bryan","668804","2026","23.8","14.1","0.27","0.458","0.384","0.842","0.369","0.357","0.432","0.412","72.8","30.8","16.7","12.6","30.6","23","7","35","10.5","2.1","43.9","37.8","90.8","7.7","11.5","69","24.5","83.3","28.8","47.2","26.6","23.8"
"2026","Bryce Eldridge","SFG","270","0.70220588","0.87434555","0.24156306","0.47835052","0.78448276","0.43072824","0.19101124","0.39215686","0.23712256","0.03921569","0","0.09058615","0.25","Bryce Eldridge","33390","805811","Eldridge, Bryce","805811","2026","26.3","13.7","0.25","0.453","0.352","0.805","0.351","0.362","0.428","0.446","73.7","34.9","18","13.7","30.2","23","7.4","4","12.8","-4.7","44.5","38.1","92.5","13.5","13","63.7","25.4","83.4","24.5","39.5","32.1","23.5"
"2023","Bryce Harper","PHI","546","0.82908163","0.84307692","0.19396338","0.64051522","0.71115174","0.42256309","0.26992754","0.31543624","0.27313211","0.05829596","0","0.11034142","0.29321663","Bryce Harper","11579","547180","Harper, Bryce","547180","2023","21.8","14.7","0.293","0.499","0.401","0.9","0.384","0.396","0.447","0.466","75.5","55.8","25","17.4","34.1","23.7","7.4","6","12","0","45.4","36.1","91.8","9.1","15.2","77.9","33.4","78.8","33.5","45.3","22.8","27.2"
"2024","Bryce Harper","PHI","631","0.83684211","0.8951782","0.23208469","0.64850976","0.75594295","0.39617264","0.24798712","0.4025974","0.25285016","0.10958904","0.0625","0.11889251","0.285454545","Bryce Harper","11579","547180","Harper, Bryce","547180","2024","21.9","12","0.285","0.525","0.373","0.898","0.38","0.361","0.457","0.428","74","40.7","17.2","13","27.9","20.9","7.3","13","11.3","-0.7","44.3","36.1","91.1","13.5","10.6","78.3","33.5","85.2","26.7","38.6","30.4","27"
"2025","Bryce Harper","PHI","580","0.84317719","0.85990338","0.22616306","0.64084507","0.73443223","0.39244588","0.3419244","0.38693467","0.26807923","0.06504065","0.0625","0.11331184","0.261477045","Bryce Harper","11579","547180","Harper, Bryce","547180","2025","20.9","12.1","0.261","0.487","0.357","0.844","0.361","0.368","0.414","0.424","74.1","44.1","18.5","13.2","30.1","21.5","7.3","15","11.5","-2.1","46","35.6","91.3","11.6","12.3","79","35.6","80.9","30.7","43.6","28.5","25.6"
"2026","Bryce Harper","PHI","459","0.78894472","0.87898089","0.22536806","0.59623149","0.72911964","0.4207248","0.27272727","0.35964912","0.23669309","0.14975845","0.06451613","0.11721404","0.251948051","Bryce Harper","11579","547180","Harper, Bryce","547180","2026","21.4","14.4","0.252","0.491","0.357","0.848","0.364","0.384","0.412","0.443","74.3","47.5","17.2","12.1","29.9","21.1","7.4","7","13","-2","47.4","37.2","90.2","12.7","11.6","74","34.6","81.2","31","43.2","27.6","25.9"
"2025","Bryce Teodosio","LAA","150","0.85798817","0.77931034","0.3243762","0.64018692","0.62773723","0.41074856","0.35051546","0.29411765","0.18618042","0.09756098","0","0.07869482","0.20289855","Bryce Teodosio","29524","669326","Teodosio, Bryce","669326","2025","31.3","3.3","0.203","0.304","0.248","0.552","0.243","0.222","0.321","0.288","68.9","4.3","8.4","5.3","28.5","18.1","6.6","13","9.5","1.6","51.6","32.7","84.3","12.9","4.3","82.4","38.4","71.4","37.3","46.8","22.3","22.3"
"2023","Bryson Stott","PHI","640","0.60704607","0.92410714","0.27692308","0.49958368","0.88","0.45065666","0.23400366","0.6328125","0.20525328","0.05027933","0.33333333","0.06716698","0.28034188","Bryson Stott","26294","681082","Stott, Bryson","681082","2023","15.6","6.1","0.28","0.419","0.329","0.748","0.323","0.312","0.354","0.34","67.9","0.7","10.1","8.8","38.9","34","7","5","6.2","6.6","48.5","32.1","88.1","10.1","4.7","59.1","29.5","88.7","15.3","47.4","23.1","25.3"
"2024","Bryson Stott","PHI","571","0.62441315","0.89724311","0.27916121","0.48230536","0.85324948","0.4320664","0.24351297","0.74590164","0.21887287","0.03125","0","0.06989952","0.245059288","Bryson Stott","26294","681082","Stott, Bryson","681082","2024","16.3","9.3","0.245","0.356","0.315","0.671","0.296","0.311","0.31","0.33","68.2","1.9","8.8","7.5","35.2","30.1","7.1","22","6.4","2.3","47","31.9","87","14","3.6","59.7","28.4","86.7","17","43.1","25.8","23.7"
"2025","Bryson Stott","PHI","560","0.60306407","0.90762125","0.29115977","0.44413666","0.86070686","0.43917275","0.15510204","0.57894737","0.19870235","0.01714286","0.33333333","0.07096513","0.256513026","Bryson Stott","26294","681082","Stott, Bryson","681082","2025","16.3","9.6","0.257","0.391","0.328","0.719","0.315","0.313","0.335","0.332","69.3","5.7","10.5","9","33.6","28.7","7.2","11","7.5","2","51.9","32.8","87.6","14.9","5.1","55.7","23.4","87.3","16.7","41.1","29.2","23.7"
"2026","Bryson Stott","PHI","398","0.57582938","0.89711934","0.26540881","0.48885587","0.86322188","0.42327044","0.29041096","0.61320755","0.22955975","0.1","0.15384615","0.08176101","0.254143646","Bryson Stott","26294","681082","Stott, Bryson","681082","2026","18.8","7.5","0.254","0.412","0.313","0.725","0.317","0.319","0.356","0.359","70","7","13.8","11.3","37.5","30.9","7.3","13","9.9","-1.3","55.8","31.1","89.2","15.4","7.2","54.3","32.9","88.7","19.8","40.9","29.2","22.7"
"2023","Byron Buxton","MIN","347","0.8","0.86","0.27432334","0.55535714","0.66881029","0.40965618","0.21183801","0.36764706","0.23482078","0.04504505","0","0.08119971","0.207236842","Byron Buxton","14161","621439","Buxton, Byron","621439","2023","31.4","10.1","0.207","0.438","0.294","0.732","0.311","0.316","0.41","0.418","76.2","64.2","14.7","10.5","25","17.9","8","4","16.3","-8.7","65.6","33.8","91.5","20.1","14.6","72.8","27.8","79.4","30.6","31.7","32.2","24.1"
"2024","Byron Buxton","MIN","388","0.83333333","0.82258065","0.25514403","0.59287926","0.67101828","0.4430727","0.27574751","0.42168675","0.20644719","0.08633094","0","0.09533608","0.278873239","Byron Buxton","14161","621439","Buxton, Byron","621439","2024","25.5","5.2","0.279","0.524","0.335","0.859","0.366","0.355","0.467","0.452","74.3","41.7","16.7","11.7","31.5","22","8.1","12","14.2","-9.9","56","34","91.7","19.8","13.2","76.2","32.8","77.6","32.1","29.1","31.4","27.9"
"2025","Byron Buxton","MIN","542","0.78635548","0.84703196","0.27465483","0.56941176","0.67975207","0.41913215","0.26914153","0.31896552","0.21252465","0.06315789","0.08333333","0.09368836","0.264344262","Byron Buxton","14161","621439","Buxton, Byron","621439","2025","27.3","7.6","0.264","0.551","0.327","0.878","0.367","0.35","0.482","0.457","75","50.6","20.3","14.5","31.9","22.7","7.9","15","14.2","-6.2","57.7","34","92.5","17.7","17.7","74.2","29.4","79.6","31.3","36.7","34.7","21.4"
"2026","Byron Buxton","MIN","362","0.80379747","0.88188976","0.23921272","0.60791367","0.71893491","0.42089326","0.31788079","0.30208333","0.22861469","0.10204082","0","0.11127933","0.262839879","Byron Buxton","14161","621439","Buxton, Byron","621439","2026","24.3","6.6","0.263","0.544","0.32","0.864","0.366","0.348","0.46","0.434","74.1","41","16.9","12.1","30.3","21.7","8","14","14.1","-8.6","57.3","34.4","90.3","20.9","17.6","73.9","35.2","83.3","31.2","31.8","34.7","21.2"
"2023","C.J. Cron","- - -","278","0.67279412","0.8852459","0.25468165","0.54004577","0.6779661","0.40917603","0.31716418","0.58823529","0.25093633","0.04395604","0","0.08520599","0.248062015","C.J. Cron","12546","543068","Cron, C.J.","543068","2023","23.4","6.1","0.248","0.434","0.295","0.729","0.312","0.333","0.381","0.41","73.5","47.4","15.9","11","23.4","16.2","8.2","4","7.7","-1.8","50.9","30.4","87.7","12.8","13.8","63.6","31.9","79.5","28.3","43.1","25.6","23.1"
"2023","Cade Marlowe","SEA","100","0.7079646","0.825","0.26218097","0.63888889","0.68695652","0.41763341","0.21505376","0.45","0.21577726","0.02222222","0","0.10440835","0.238636363","Cade Marlowe","25505","687799","Marlowe, Cade","687799","2023","33","12","0.239","0.42","0.33","0.75","0.327","0.276","0.443","0.349","68.7","2.6","8.6","6.3","23.7","17.3","6.7","4","16.1","-3.7","44.3","41.6","86.6","20.8","7.3","71.8","28.4","74.7","29.4","29.1","49.1","18.2"
"2023","Cal Raleigh","SEA","569","0.76660988","0.83777778","0.25074754","0.5966908","0.70190641","0.41307134","0.22007042","0.424","0.24263135","0.05022831","0","0.09354977","0.23196881","Cal Raleigh","21534","663728","Raleigh, Cal","663728","2023","27.8","9.5","0.232","0.456","0.306","0.762","0.326","0.329","0.415","0.42","75","49.9","13.4","9.6","27.1","19.4","7.8","6","16.3","-7.5","50.1","31.2","89.5","20.3","12.7","71","31.3","78.8","29.9","31.7","35.1","22.2"
"2024","Cal Raleigh","SEA","628","0.78547855","0.87394958","0.24105012","0.61740707","0.66519824","0.43874304","0.24825175","0.52112676","0.22752586","0.06008584","0.21428571","0.09268099","0.219780219","Cal Raleigh","21534","663728","Raleigh, Cal","663728","2024","28","11.1","0.22","0.436","0.312","0.748","0.323","0.347","0.403","0.443","74.5","44.8","15.7","11.2","28.2","20","7.8","15","16.6","-7.4","45.4","32.2","91","21.2","15.5","74","32.8","77.1","31","31.1","36.7","21.3"
"2025","Cal Raleigh","SEA","705","0.79117647","0.84944238","0.24002824","0.62098139","0.70163488","0.41722556","0.25318246","0.40782123","0.24955877","0.0530303","0","0.09318743","0.246644295","Cal Raleigh","21534","663728","Raleigh, Cal","663728","2025","26.7","13.8","0.247","0.589","0.359","0.948","0.392","0.371","0.506","0.47","75.2","54.7","17.4","12.5","27.8","19.9","7.9","29","17.8","-8.1","45.1","34.3","91.3","25.2","19.5","75.2","31.8","78.4","31.5","25.8","41.8","19.5"
"2026","Cal Raleigh","SEA","324","0.8","0.81451613","0.22142857","0.58376511","0.74260355","0.41357143","0.3547486","0.46456693","0.25571429","0.05882353","0.11111111","0.10928571","0.164285714","Cal Raleigh","21534","663728","Raleigh, Cal","663728","2026","32.4","12","0.164","0.307","0.269","0.576","0.262","0.29","0.315","0.367","75","53.5","10","7.1","20.3","14.5","7.9","15","17.5","-5.9","44.9","34.4","88.4","24.3","11.8","71.7","36.8","77.2","31.2","27.5","42.1","18"
"2025","Caleb Durbin","MIL","506","0.65753425","0.9453125","0.31773667","0.46692607","0.84722222","0.41947769","0.16111111","0.70689655","0.19586507","0.00813008","0","0.06692057","0.256179775","Caleb Durbin","29646","702332","Durbin, Caleb","702332","2025","9.9","5.9","0.256","0.387","0.334","0.721","0.319","0.312","0.307","0.298","67.9","1.8","8.5","7.7","37.5","33.9","6.8","21","8","-3.8","63.3","27.6","85.2","13.9","4","61.4","24.5","91.3","13","43.8","22.9","22.4"
"2026","Caleb Durbin","BOS","370","0.69060773","0.94","0.27055306","0.53456998","0.85488959","0.4431988","0.19636364","0.61111111","0.20553064","0.03703704","0","0.08071749","0.243975903","Caleb Durbin","29646","702332","Durbin, Caleb","702332","2026","14.1","6.8","0.244","0.398","0.309","0.707","0.311","0.284","0.324","0.289","69.2","6.5","8.6","7.5","32.5","28.4","7","17","9.9","-2.5","60.9","28.7","84.1","11.7","2.5","65.3","28.9","90.8","15.3","49.3","17.1","22.7"
"2023","Cam Gallagher","CLE","149","0.70175439","0.86666667","0.29230769","0.568","0.83098592","0.42735043","0.27642276","0.47058824","0.21025641","0.07317073","0","0.07008547","0.125874125","Cam Gallagher","12981","595956","Gallagher, Cam","595956","2023","30.9","2.7","0.126","0.168","0.154","0.322","0.145","0.175","0.184","0.23","68.7","2.2","1.4","1.1","23.2","18","7.6","1","7.2","-6.9","50.5","26.6","82.5","17.3","2","69.7","31.3","83.2","22.3","46.9","23.5","16.3"
"2025","Cam Smith","HOU","493","0.72151899","0.86466165","0.27322134","0.53880266","0.70781893","0.44565217","0.21890547","0.38636364","0.1986166","0.04191617","0","0.08250988","0.235827664","Cam Smith","35108","701358","Smith, Cam","701358","2025","27.8","8.7","0.236","0.358","0.312","0.67","0.298","0.304","0.366","0.377","74.5","46.9","14.5","10.5","25.5","18.4","7.3","16","7.6","-1.2","39.2","38.1","87.9","8.9","6.9","66","29.6","81.7","28.7","45.1","22.9","27.5"
"2026","Cam Smith","HOU","397","0.72833724","0.83601286","0.26587796","0.53282443","0.75644699","0.40784558","0.27653631","0.31313131","0.22291407","0.02409639","0","0.10336239","0.203966005","Cam Smith","35108","701358","Smith, Cam","701358","2026","24.4","8.3","0.204","0.36","0.28","0.64","0.284","0.327","0.326","0.393","77.5","76","17.1","12.4","25.4","18.4","7.7","8","10.9","-6.2","47.5","32.8","89.4","12.2","11.7","68.4","29","81","28.9","46.5","26.2","20.8"
"2023","Carlos Correa","MIN","580","0.64827586","0.875","0.25697829","0.5","0.79004329","0.409393","0.24493554","0.4962406","0.24058485","0.06190476","0.07692308","0.09304386","0.229571984","Carlos Correa","14162","621043","Correa, Carlos","621043","2023","22.6","10.2","0.23","0.399","0.312","0.711","0.309","0.327","0.353","0.38","74.7","50.9","22.7","17.8","35.2","27.6","7.3","2","8.9","-1.3","45.3","33.3","90.4","10.6","9.6","62","26.8","83.4","25.1","46.4","21.5","24.9"
"2024","Carlos Correa","MIN","367","0.72237197","0.89925373","0.26981818","0.49724771","0.82656827","0.39636364","0.19692308","0.515625","0.23636364","0.07462687","0.1","0.09745455","0.310344827","Carlos Correa","14162","621043","Correa, Carlos","621043","2024","16.6","10.9","0.31","0.517","0.388","0.905","0.385","0.358","0.429","0.392","74.5","45.5","20","16.2","32.3","26.2","7.3","4","6.9","-1.4","44.9","30.6","90.3","8.9","9.2","65.5","25.6","86.5","20.4","44.3","22.9","27.1"
"2025","Carlos Correa","- - -","584","0.68789809","0.89583333","0.27209705","0.51741803","0.8019802","0.42287695","0.22779923","0.51694915","0.22443674","0.08602151","0.1875","0.08058925","0.275605214","Carlos Correa","14162","621043","Correa, Carlos","621043","2025","19.3","7.7","0.276","0.402","0.332","0.734","0.322","0.338","0.368","0.39","73.7","37.4","18.8","14.8","32","25.3","7.2","15","7.5","-1.2","41.3","33","90.5","7.3","6.9","64.4","28.9","85.9","22.3","48.2","18.8","27.5"
"2026","Carlos Correa","HOU","141","0.60958904","0.84269663","0.25085911","0.54935622","0.8125","0.40034364","0.27857143","0.69230769","0.24054983","0.0952381","0.16666667","0.10824742","0.278688524","Carlos Correa","14162","621043","Correa, Carlos","621043","2026","18.4","12.8","0.279","0.418","0.369","0.787","0.347","0.364","0.378","0.403","73.4","38.8","16.7","12.9","28.3","22","7.2","1","7.2","-1.1","39.7","35.5","89.2","7.2","10.3","61.2","32","84.3","22.9","47.4","16.5","32"
"2026","Carlos Cortes","ATH","253","0.75886525","0.89252336","0.27512195","0.48786408","0.8159204","0.40195122","0.17467249","0.475","0.22341463","0.05882353","0.16666667","0.0995122","0.266666666","Carlos Cortes","21842","666126","Cortes, Carlos","666126","2026","14.2","8.7","0.267","0.422","0.34","0.762","0.335","0.327","0.348","0.338","70.7","14.4","16.8","13.4","36.1","28.9","7","9","7.1","-0.1","43.2","26.4","90","8","7.4","65.9","25.6","83.9","20.6","48.2","21.5","24.6"
"2025","Carlos Narváez","BOS","446","0.71090909","0.87212276","0.30071077","0.5312085","0.7","0.41170038","0.23096447","0.46153846","0.21541826","0.08333333","0.27272727","0.07217059","0.240694789","Carlos Narvaez","19722","665966","Narváez, Carlos","665966","2025","24.9","8.5","0.241","0.419","0.306","0.725","0.315","0.293","0.384","0.351","72.3","20.3","16","11.9","34.8","25.8","7.6","15","9.1","2.5","53.8","30","91.1","13.2","9.1","67.4","29.6","80.6","27.7","44.9","28","20.6"
"2026","Carlos Narváez","BOS","189","0.75242718","0.83870968","0.26998689","0.5799373","0.6972973","0.4180865","0.34782609","0.35714286","0.21100917","0.07792208","0","0.10091743","0.192771084","Carlos Narvaez","19722","665966","Narváez, Carlos","665966","2026","32.3","6.9","0.193","0.283","0.261","0.544","0.247","0.274","0.319","0.366","71.8","19","10.2","7","30.5","21","7.5","12","10.4","1.5","48.7","30.8","91.4","16.2","7.1","71.1","34","79","32.6","39.3","31.3","23.2"
"2023","Carlos Pérez","OAK","189","0.63684211","0.94214876","0.25745257","0.57142857","0.77906977","0.40785908","0.24309392","0.56818182","0.24525745","0.01515152","0","0.08943089","0.226190476","Carlos Perez","10642","542208","Pérez, Carlos","542208","2023","21.2","6.9","0.226","0.357","0.293","0.65","0.285","0.313","0.318","0.358","70.4","4","9.7","8","29","24","7.9","1","11.2","-10.9","61","30.1","89.2","16","5.3","64.9","29.2","87.6","21.5","37.9","26.5","25"
"2023","Carlos Santana","- - -","619","0.74885845","0.87601626","0.26674787","0.50294695","0.76171875","0.41331709","0.17156863","0.60952381","0.24847747","0.03409091","0.16666667","0.07145757","0.24","Carlos Santana","2396","467793","Santana, Carlos","467793","2023","16.8","10.5","0.24","0.429","0.318","0.747","0.323","0.309","0.344","0.324","71.4","13.9","14.2","11.4","32.7","26.3","7.5","3","11.1","-4.4","61.7","26.5","88.8","12.8","6.7","68.2","24.1","82.8","22.1","43.3","24.2","22.2"
"2024","Carlos Santana","MIN","594","0.71589085","0.87892377","0.25711927","0.45998071","0.78197065","0.42798184","0.20863309","0.50862069","0.2294676","0.04830918","0.2","0.08543128","0.238003838","Carlos Santana","2396","467793","Santana, Carlos","467793","2024","16.7","10.9","0.238","0.42","0.328","0.748","0.326","0.333","0.344","0.353","71.7","19.2","13.5","10.6","35.9","28.1","7.6","8","11.7","-4.9","63.2","27.2","89.2","16.1","7.3","64.9","23.5","83.4","23.3","38","28.8","22.2"
"2025","Carlos Santana","- - -","474","0.72691552","0.90810811","0.25733064","0.50415184","0.74823529","0.42618807","0.19486081","0.3956044","0.23609707","0.02515723","0","0.08038423","0.219277108","Carlos Santana","2396","467793","Santana, Carlos","467793","2025","19.2","11","0.219","0.325","0.308","0.633","0.284","0.29","0.296","0.304","71.2","17","13.3","10.2","29.6","22.7","7.6","13","12.8","-5.1","63.5","26.6","87.6","16.7","4.9","65.8","25","84.8","24.3","40.5","26.2","22"
"2026","Carson Benge","NYM","428","0.68409586","0.88216561","0.26779463","0.48763736","0.82535211","0.42473746","0.22997416","0.43820225","0.22578763","0.04285714","0","0.08168028","0.261538461","Carson Benge","35177","701807","Benge, Carson","701807","2026","22.2","7.5","0.262","0.392","0.325","0.717","0.318","0.338","0.371","0.402","71","18.2","14.3","11.2","33.8","26.6","6.5","21","5.7","3.8","41.8","33.7","89.1","10.6","7.8","62.9","26.8","85.6","22","44.9","25.7","26"
"2023","Carson Kelly","- - -","151","0.67073171","0.83636364","0.29338104","0.49790795","0.72268908","0.42754919","0.20353982","0.26086957","0.20214669","0.04651163","0","0.07692308","0.205882352","Carson Kelly","13620","608348","Kelly, Carson","608348","2023","26.5","9.3","0.206","0.287","0.278","0.565","0.255","0.248","0.296","0.286","70.2","6.5","10.6","7.8","32.7","24","7","0","10.7","-3","53.8","31.6","86.8","15.6","2.1","64","25.9","74.6","30.2","42.3","25.8","22.7"
"2024","Carson Kelly","- - -","313","0.73220339","0.88888889","0.25365434","0.52325581","0.78148148","0.44368014","0.152","0.34210526","0.21496131","0.03921569","0","0.08770421","0.238434163","Carson Kelly","13620","608348","Kelly, Carson","608348","2024","17.6","8","0.238","0.374","0.313","0.687","0.304","0.318","0.324","0.344","69.4","5.8","12.9","10","37.4","29.2","6.9","3","12.1","-2.3","52","33","87.6","13.6","6.6","66.7","24.4","86","22.8","46.3","28.6","18.1"
"2025","Carson Kelly","CHC","421","0.72821577","0.90883191","0.28914217","0.49786629","0.76285714","0.42171566","0.13450292","0.45652174","0.20515897","0.00714286","0","0.0839832","0.249322493","Carson Kelly","13620","608348","Kelly, Carson","608348","2025","19","10.7","0.249","0.428","0.333","0.761","0.332","0.321","0.363","0.348","70.4","6.3","15.4","12.2","35.5","28.1","7","2","11.4","-3.8","52.6","33.2","88.8","16.4","9.6","67.5","22","86","20.6","38.2","29.7","23.5"
"2026","Carson Kelly","CHC","285","0.70383275","0.94554455","0.25533808","0.50638298","0.80672269","0.41814947","0.20992366","0.38181818","0.23309609","0.02857143","0","0.09341637","0.26","Carson Kelly","13620","608348","Kelly, Carson","608348","2026","16.8","11.2","0.26","0.372","0.351","0.723","0.326","0.316","0.339","0.325","71","9.7","14.5","11.5","36.4","28.9","7","4","10.5","-4.7","48.7","33.2","87.9","11.3","5.9","65.2","25.2","89.7","20.5","49","23.3","20.3"
"2025","Carson Williams","TBR","106","0.75","0.80952381","0.26987952","0.53475936","0.58","0.45060241","0.22222222","0.27777778","0.19518072","0.11428571","0","0.08433735","0.171717171","Carson Williams","30038","700246","Williams, Carson","700246","2025","41.5","5.7","0.172","0.354","0.219","0.573","0.248","0.233","0.398","0.37","73.6","33","10","6.1","21.8","13.4","7.6","3","15.4","-2.7","50.3","34","85.9","8","8.9","68.7","29.4","70.1","38.3","58.9","25","12.5"
"2026","Carter Jensen","KCR","397","0.74065421","0.88012618","0.26633479","0.48698315","0.69496855","0.40634723","0.20540541","0.46052632","0.23024269","0.1025641","0","0.0970753","0.236619718","Carter Jensen","29478","695600","Jensen, Carter","695600","2026","29.7","9.1","0.237","0.423","0.305","0.728","0.315","0.282","0.412","0.358","73.9","37.6","15.4","11.5","31.3","23.3","7.1","33","6.4","-6","48.4","26.5","90.9","20.8","9.5","66.2","26.1","81.2","29.4","33.1","35.5","21.5"
"2023","Casey Schmitt","SFG","277","0.75502008","0.89361702","0.25803109","0.60229885","0.75954198","0.4507772","0.35602094","0.41176471","0.19792746","0.12222222","0.18181818","0.09326425","0.205533596","Casey Schmitt","27577","669477","Schmitt, Casey","669477","2023","23.5","4.7","0.206","0.324","0.255","0.579","0.254","0.282","0.298","0.339","70.5","15.7","11.4","8.9","28.9","22.5","7.2","0","7.5","-2.6","46.2","34","88.1","15.1","6.7","71.4","38.6","83.2","27.1","41.8","27.8","22.2"
"2024","Casey Schmitt","SFG","113","0.74193548","0.92753623","0.2486631","0.59171598","0.76","0.45187166","0.28571429","0.375","0.22459893","0.10714286","0","0.07486631","0.252336448","Casey Schmitt","27577","669477","Schmitt, Casey","669477","2024","22.1","3.5","0.252","0.477","0.283","0.76","0.323","0.314","0.398","0.385","71.1","24.3","13.4","10.4","35.1","27.2","7.5","5","9.8","-8.6","43.7","34.2","89.2","16.5","8.4","69.1","36.8","88.8","25","39.8","31.3","20.5"
"2025","Casey Schmitt","SFG","348","0.78167116","0.90689655","0.27894737","0.56261343","0.72258065","0.41428571","0.25589226","0.42105263","0.22330827","0.09009009","0.1","0.08345865","0.237179487","Casey Schmitt","27577","669477","Schmitt, Casey","669477","2025","23.9","7.8","0.237","0.401","0.305","0.706","0.307","0.328","0.365","0.396","71.6","20.4","14.6","11.1","31.2","23.7","7.5","5","11.3","-7.5","47.4","35.1","89.5","19.2","9","72.1","31.6","85.4","25.8","32.6","30","30"
"2026","Casey Schmitt","SFG","409","0.7605985","0.94754098","0.27750865","0.58669002","0.80895522","0.39515571","0.36206897","0.48412698","0.24083045","0.096","0.08333333","0.08650519","0.271317829","Casey Schmitt","27577","669477","Schmitt, Casey","669477","2026","19.8","2.7","0.271","0.483","0.301","0.784","0.335","0.355","0.402","0.428","72.5","27.5","17.4","14","34","27.4","7.6","14","9.7","-7.1","48.6","33.4","89.9","21.6","12.3","71.5","36.5","89.3","21.4","29.7","34.5","25.2"
"2023","Cavan Biggio","TOR","338","0.71319797","0.91814947","0.28406633","0.39800995","0.6875","0.43475126","0.08304498","0.25","0.20836337","0.02970297","0","0.07281903","0.235294117","Cavan Biggio","19252","624415","Biggio, Cavan","624415","2023","26","11.8","0.235","0.37","0.34","0.71","0.318","0.315","0.367","0.363","67.8","2.8","9.6","7.6","38.1","30.1","6.9","6","10.8","-3","48.5","38.5","88.4","15.7","7.4","61.7","15.9","84.5","23.8","38.9","30.5","22.7"
"2024","Cavan Biggio","- - -","224","0.65384615","0.89839572","0.29947644","0.38407494","0.70121951","0.44712042","0.06395349","0.27272727","0.18010471","0.01428571","0","0.07329843","0.19680851","Cavan Biggio","19252","624415","Biggio, Cavan","624415","2024","32.1","10.7","0.197","0.303","0.314","0.617","0.285","0.26","0.348","0.3","66.8","3.3","2.3","1.8","24.8","19.6","6.9","10","10.7","-3.4","48.3","37.2","82","21.2","2.5","55.4","18.1","83.9","23.8","36.4","27.1","22"
"2024","Ceddanne Rafaela","BOS","571","0.81967213","0.80222222","0.26521739","0.67100592","0.74250441","0.40821256","0.4488189","0.43421053","0.24541063","0.16666667","0.17857143","0.08115942","0.246323529","Ceddanne Rafaela","24262","678882","Rafaela, Ceddanne","678882","2024","26.4","2.6","0.246","0.39","0.274","0.664","0.286","0.276","0.373","0.359","70","6.7","11.4","7.8","30.6","21","7.5","24","14","-0.3","52.4","33.3","86.6","14.9","7.5","78.5","46.6","75.8","33","42.5","26.4","22.9"
"2025","Ceddanne Rafaela","BOS","587","0.79322034","0.85897436","0.27725564","0.64490263","0.77619893","0.41024436","0.39665971","0.5","0.22509398","0.10215054","0.05263158","0.08740602","0.249084249","Ceddanne Rafaela","24262","678882","Rafaela, Ceddanne","678882","2025","19.9","4.8","0.249","0.414","0.295","0.709","0.307","0.305","0.357","0.355","71","12.4","14.3","10.6","33","24.5","7.4","20","11.5","-1.4","57.1","32.6","88.3","12.8","9.2","75.3","42.2","82.1","26.8","44","26","21.4"
"2026","Ceddanne Rafaela","BOS","423","0.70153061","0.87272727","0.25144323","0.63369397","0.8","0.41500962","0.4","0.61971831","0.22771007","0.14545455","0.04166667","0.10583708","0.279596977","Ceddanne Rafaela","24262","678882","Rafaela, Ceddanne","678882","2026","20.3","4.3","0.28","0.443","0.321","0.764","0.333","0.279","0.396","0.324","69.7","7.7","8.7","6.6","32.7","25","7.3","16","8.9","-1.2","51.2","32.3","86.4","11.7","4.8","69.3","42.1","84.4","24.4","42.8","25.2","26.5"
"2023","Cedric Mullins","BAL","455","0.78058252","0.85323383","0.28900112","0.51519155","0.77692308","0.42480359","0.20689655","0.44871795","0.21156004","0.03007519","0","0.07463524","0.232673267","Cedric Mullins","17929","656775","Mullins, Cedric","656775","2023","22.2","9.5","0.233","0.416","0.305","0.721","0.311","0.291","0.359","0.33","70.9","8.5","11.9","8.9","33.3","24.8","7.6","5","11.1","-8.4","62.1","28.4","88.9","21.6","6.5","70.9","26.7","81","24.9","36.8","31.3","19"
"2024","Cedric Mullins","BAL","499","0.78057554","0.91013825","0.2868937","0.53846154","0.81978022","0.43601651","0.18656716","0.42666667","0.20743034","0.04444444","0","0.06965944","0.234234234","Cedric Mullins","17929","656775","Mullins, Cedric","656775","2024","19.6","8.2","0.234","0.405","0.305","0.71","0.31","0.292","0.347","0.321","70.9","7.5","10.2","8.5","28.9","24","7.5","4","10.5","-3.7","60.6","29.3","87.1","21.5","4.9","73.4","28.1","86.9","19.1","35.1","28","23.1"
"2025","Cedric Mullins","- - -","498","0.76831346","0.86252772","0.27912506","0.49947534","0.77941176","0.45316215","0.16901408","0.41666667","0.20256776","0.00729927","0","0.06514503","0.216091954","Cedric Mullins","17929","656775","Mullins, Cedric","656775","2025","24.1","10","0.216","0.391","0.299","0.69","0.302","0.284","0.348","0.321","71.1","10.9","11.7","9.1","29.5","22.9","7.5","15","11.3","-6","62.5","29.2","88.8","23.3","6.2","69.1","26.6","82.5","23.1","32.4","31.8","23.1"
"2026","Cedric Mullins","TBR","358","0.73353293","0.86530612","0.24185373","0.59385666","0.81034483","0.4243302","0.26153846","0.47058824","0.23533671","0.03676471","0.2","0.09847936","0.201277955","Cedric Mullins","17929","656775","Mullins, Cedric","656775","2026","20.9","8.1","0.201","0.348","0.279","0.627","0.279","0.258","0.305","0.273","70.7","7.7","9.3","7.2","31.7","24.5","7.4","8","11.9","-4.6","61.5","30.4","88","27.7","4.1","71.8","31.8","82.1","23.7","29.8","31.4","20"
"2023","Chad Wallach","LAA","172","0.75520833","0.82758621","0.28444444","0.57092199","0.60869565","0.41777778","0.16666667","0.28","0.22222222","0.05882353","0","0.07555556","0.197452229","Chad Wallach","17161","595453","Wallach, Chad","595453","2023","33.1","7.6","0.197","0.376","0.259","0.635","0.275","0.292","0.377","0.409","73.3","29.2","2.5","1.9","20.3","15.1","7.7","2","10.6","-3.8","60","31.5","87.7","16.7","11","70.4","29.9","76.2","34.8","39.2","30.4","22.5"
"2025","Chandler Simpson","TBR","441","0.67219917","0.95987654","0.31794195","0.49022556","0.90184049","0.43865435","0.25270758","0.61428571","0.18271768","0.04347826","0.5","0.06068602","0.29468599","Chandler Simpson","31912","802415","Simpson, Chandler","802415","2025","9.8","4.5","0.295","0.345","0.326","0.671","0.296","0.297","0.309","0.31","64.1","0.3","2.7","2.4","42.4","37.9","6.3","5","3.4","6.9","38.5","30.2","84.3","0.5","0","62.6","29.8","92.5","11.5","60.4","8.8","27.7"
"2026","Chandler Simpson","TBR","401","0.67105263","0.9372549","0.28985507","0.51704545","0.93406593","0.402746","0.25090909","0.84057971","0.20976354","0.078125","0.3","0.09763539","0.29032258","Chandler Simpson","31912","802415","Simpson, Chandler","802415","2026","9.2","5","0.29","0.352","0.323","0.675","0.299","0.265","0.308","0.269","65","0.6","2.9","2.6","44.7","40.6","6.5","7","3.3","5","37.8","29.1","83.8","1.1","0","63.1","30.9","93.2","10.7","61.3","14","21.8"
"2023","Charlie Blackmon","COL","413","0.68509615","0.9122807","0.2740448","0.52309985","0.81766382","0.44202899","0.24919094","0.61038961","0.20355731","0.04098361","0","0.08036891","0.278551532","Charlie Blackmon","7859","453568","Blackmon, Charlie","453568","2023","13.3","9.4","0.279","0.44","0.363","0.803","0.35","0.339","0.355","0.34","66.8","1.6","11.8","9.7","35.8","29.5","7.1","0","8.2","-3.5","52.6","32.1","86.4","18.1","4.9","65.8","28.7","86.6","19.6","36.4","25.6","27.9"
"2024","Charlie Blackmon","COL","499","0.70333988","0.91340782","0.26663174","0.53043478","0.83138173","0.42168675","0.25842697","0.59130435","0.23310634","0.08666667","0.30769231","0.07857517","0.256124721","Charlie Blackmon","7859","453568","Blackmon, Charlie","453568","2024","17.2","8.6","0.256","0.412","0.329","0.741","0.323","0.309","0.351","0.332","67.4","2.3","6.6","5.3","29.1","23.6","7.1","5","9.4","-5.6","54.7","31.2","84.8","16.3","5.3","66.3","29.4","86.7","19.2","37.1","26.9","26.1"
"2023","Chas McCormick","HOU","457","0.75211864","0.82816901","0.26149584","0.54509284","0.73965937","0.41772853","0.24337349","0.40594059","0.2299169","0.04878049","0.125","0.09085873","0.272952853","Chas McCormick","19599","676801","McCormick, Chas","676801","2023","25.6","8.8","0.273","0.489","0.353","0.842","0.362","0.34","0.449","0.414","71","10","13.2","9.6","29.2","21.1","7.4","4","18.5","6.7","42","38.7","88","14.6","11.1","70.5","30.3","78.1","29.4","42.2","31.1","22.5"
"2024","Chas McCormick","HOU","267","0.775","0.76036866","0.27722772","0.59162304","0.7079646","0.37821782","0.32142857","0.5308642","0.24950495","0.07291667","0.28571429","0.0950495","0.210743801","Chas McCormick","19599","676801","McCormick, Chas","676801","2024","27","6.4","0.211","0.306","0.271","0.577","0.257","0.286","0.311","0.355","70.8","12.6","10.5","7.3","28.8","20.1","7.5","5","18.9","7.8","42.4","37.4","86.2","15.2","7.5","74.7","33.5","75.3","31.3","44.8","30.5","18.4"
"2025","Chas McCormick","HOU","116","0.81981982","0.74725275","0.25635104","0.57142857","0.68269231","0.42032333","0.34408602","0.40625","0.2147806","0.14893617","0.42857143","0.10854503","0.21","Chas McCormick","19599","676801","McCormick, Chas","676801","2025","26.7","7.8","0.21","0.29","0.279","0.569","0.257","0.299","0.308","0.374","71.6","13.8","10.1","6.6","27.1","17.9","7.7","6","20.9","-0.7","38.1","34","85.8","21.9","5.4","75","38.2","72.7","34.7","40","22.7","22.7"
"2026","Chase DeLauter","CLE","385","0.71898734","0.93661972","0.27036277","0.47684391","0.84172662","0.39904175","0.17251462","0.55932203","0.23408624","0.0141844","0","0.09650924","0.279883381","Chase DeLauter","32127","800050","DeLauter, Chase","800050","2026","14","10.1","0.28","0.44","0.351","0.791","0.346","0.344","0.363","0.36","71.4","18.3","19.1","16.5","39.5","34","7.1","18","4.2","1.4","45.3","28.8","91.1","13.3","6.5","65.3","21","90","16.2","41.4","19.9","27.7"
"2025","Chase Meidroth","CHW","505","0.57627119","0.92352941","0.28682547","0.41045606","0.88888889","0.43704424","0.18137255","0.71621622","0.19834711","0.025","0.25","0.07778318","0.253333333","Chase Meidroth","31580","805367","Meidroth, Chase","805367","2025","14.3","8.9","0.253","0.32","0.329","0.649","0.294","0.3","0.295","0.303","67.4","1.6","12","10.7","44.1","39.3","6.6","12","6.6","2.3","48.4","29.4","88.2","6.7","1.6","52.9","22.4","91","13","53.9","18.3","22"
"2026","Chase Meidroth","CHW","436","0.59528908","0.8705036","0.26162465","0.45928753","0.86149584","0.44033613","0.23280423","0.60227273","0.21176471","0.05194805","0.25","0.08627451","0.275324675","Chase Meidroth","31580","805367","Meidroth, Chase","805367","2026","23.2","8.9","0.275","0.397","0.344","0.741","0.329","0.29","0.39","0.332","67","1.1","8.5","7","36.9","30.3","6.6","13","10.8","4","58","30.7","88.1","8.5","4.8","55.3","27.9","86.5","19","52.1","20.2","23.3"
"2023","Chris Taylor","LAD","384","0.81395349","0.79142857","0.26510481","0.50342936","0.61580381","0.44944513","0.14868805","0.25490196","0.21146732","0.025","0","0.07398274","0.23668639","Chris Taylor","13757","621035","Taylor, Chris","621035","2023","32.6","10.7","0.237","0.42","0.326","0.746","0.323","0.311","0.437","0.415","71.2","8.8","9.6","6.4","23.2","15.5","7.3","7","15","-1.6","48.3","39.2","86.2","21.5","9.8","71.6","22","70.6","35.8","31.8","39.7","22.9"
"2024","Chris Taylor","LAD","246","0.8019802","0.79012346","0.28967495","0.50572082","0.66968326","0.41778203","0.13274336","0.23333333","0.21606119","0.0125","0","0.07648184","0.201877934","Chris Taylor","13757","621035","Taylor, Chris","621035","2024","30.9","11.4","0.202","0.3","0.298","0.598","0.272","0.297","0.33","0.374","70","7.3","7.7","5.6","26.3","18.9","7.2","13","11.8","1.2","46.8","39.3","85.9","16.9","7.1","72.6","19.8","74.3","31.3","42.1","25","24.3"
"2025","Chris Taylor","- - -","125","0.78082192","0.81578947","0.30736842","0.51388889","0.51351351","0.45473684","0.20481928","0.23529412","0.17473684","0.03333333","0","0.06315789","0.185840707","Chris Taylor","13757","621035","Taylor, Chris","621035","2025","33.6","4","0.186","0.301","0.256","0.557","0.25","0.27","0.325","0.36","69.9","4.7","8.8","5.6","30.7","19.5","7.1","11","12.6","-1.8","49.8","37.4","85.9","18.6","6.9","72.6","24.4","67.3","38.6","34.7","26.4","29.2"
"2023","Christian Arroyo","BOS","206","0.84466019","0.86781609","0.27913279","0.65420561","0.75238095","0.43495935","0.3164557","0.54","0.21409214","0.11320755","0.16666667","0.07181572","0.241025641","Christian Arroyo","16434","624414","Arroyo, Christian","624414","2023","21.8","3.4","0.241","0.369","0.268","0.637","0.274","0.272","0.333","0.331","71.9","17.5","7.3","5.3","26.8","19.3","7.5","1","13.1","-6.6","51.7","36.3","86.3","11.1","4.6","79.3","39.9","83.6","25.3","46.4","21.6","25.5"
"2023","Christian Bethancourt","TBR","332","0.81632653","0.85","0.24915254","0.67678959","0.64423077","0.39067797","0.41346154","0.40310078","0.26440678","0.15929204","0.16666667","0.09576271","0.225396825","Christian Bethancourt","10028","542194","Bethancourt, Christian","542194","2023","27.4","3.9","0.225","0.381","0.254","0.635","0.271","0.265","0.356","0.347","72.5","23.6","11.9","7.4","29.4","18.3","7.5","5","13.2","-5.2","60.9","27.5","88.6","11.3","7.9","77.7","45.2","76","36.6","49.6","24.6","18.4"
"2024","Christian Bethancourt","- - -","147","0.83471074","0.82178218","0.23449612","0.65277778","0.77304965","0.41860465","0.47826087","0.43939394","0.26744186","0.09756098","0","0.07945736","0.208633093","Christian Bethancourt","10028","542194","Bethancourt, Christian","542194","2024","24.5","3.4","0.209","0.367","0.241","0.608","0.263","0.274","0.33","0.345","71.8","23.7","12.6","9.1","33","23.7","7.5","9","10.1","-4.5","55.9","26.7","89.1","12.4","7.7","77.5","48.4","77.1","31.5","47.6","30.5","14.3"
"2023","Christian Encarnacion-Strand","CIN","241","0.74418605","0.828125","0.27564103","0.60164835","0.74429224","0.38888889","0.31578947","0.47222222","0.24358974","0.11627907","0.1","0.09188034","0.27027027","Christian Encarnacion-Strand","30011","687952","Encarnacion-Strand, Christian","687952","2023","28.6","5.8","0.27","0.477","0.328","0.805","0.346","0.346","0.458","0.458","73.3","32.6","15","10.6","30.4","21.4","7.3","5","14.2","-1","48.4","36.4","90.3","18.6","10.5","70.9","36.5","81.7","29.4","34.6","31.4","24.8"
"2024","Christian Encarnacion-Strand","CIN","123","0.76146789","0.90361446","0.24168514","0.62686567","0.74603175","0.44567627","0.36363636","0.35","0.24390244","0.09677419","0.33333333","0.06873614","0.189655172","Christian Encarnacion-Strand","30011","687952","Encarnacion-Strand, Christian","687952","2024","28.5","3.3","0.19","0.293","0.22","0.513","0.223","0.301","0.289","0.405","71.3","15.6","12.6","9.6","29.1","22.2","7.2","1","14.4","-0.2","57.5","38.3","87.8","15.5","8.5","72.1","40.5","84.8","29.4","48.2","22.9","16.9"
"2025","Christian Encarnacion-Strand","CIN","137","0.72","0.92222222","0.26652452","0.58737864","0.79338843","0.43923241","0.43137255","0.47727273","0.21748401","0.25","0.33333333","0.07675906","0.207692307","Christian Encarnacion-Strand","30011","687952","Encarnacion-Strand, Christian","687952","2025","23.4","2.2","0.208","0.377","0.234","0.611","0.261","0.275","0.322","0.342","73.6","36.9","18.3","14","31.7","24.2","7.4","2","15.3","-3.9","60.5","35.2","87.9","21","9","66.5","46.4","86.9","25.8","39","30","18"
"2025","Christian Koss","SFG","191","0.75","0.80555556","0.29813665","0.5754386","0.72560976","0.44254658","0.3015873","0.5","0.19565217","0.09756098","0","0.0636646","0.264367816","Christian Koss","27653","683766","Koss, Christian","683766","2025","23.6","4.7","0.264","0.368","0.309","0.677","0.297","0.311","0.362","0.382","70","6","14.1","9.6","38.5","26.2","7.1","6","9","5","57.7","28.2","86.9","5.5","6","72","34.4","73.6","31.6","51.5","20.1","23.9"
"2025","Christian Moore","LAA","184","0.76651982","0.8045977","0.29139923","0.47633136","0.57763975","0.4338896","0.19512195","0.1875","0.21052632","0.04","0.5","0.06418485","0.197530864","Christian Moore","34979","695681","Moore, Christian","695681","2025","33.7","10.3","0.198","0.37","0.284","0.654","0.288","0.282","0.385","0.375","72.7","29.7","14.2","9.2","27.5","17.7","7","13","7.8","3.5","52.1","33.2","88.9","14.6","6.9","69.5","24","71.9","36.9","41.2","32.4","23.5"
"2023","Christian Vázquez","MIN","355","0.665625","0.83568075","0.24169184","0.57534247","0.75297619","0.44108761","0.28378378","0.64285714","0.22356495","0.07258065","0","0.09365559","0.22324159","Christian Vazquez","9774","543877","Vázquez, Christian","543877","2023","23.1","7","0.223","0.318","0.28","0.598","0.264","0.267","0.308","0.313","66.5","1.6","8.1","6.1","37.8","28.5","6.8","5","9.6","3.1","56.3","30.2","86.7","10","3.3","65.3","33.1","78.8","26.2","42.9","23.5","27.9"
"2024","Christian Vázquez","MIN","315","0.70707071","0.9","0.26029798","0.61","0.84262295","0.43821209","0.27916667","0.49253731","0.21034181","0.06730769","0.28571429","0.09114812","0.221088435","Christian Vazquez","9774","543877","Vázquez, Christian","543877","2024","20.6","3.5","0.221","0.327","0.248","0.575","0.25","0.272","0.297","0.327","68.2","2.8","12.3","9.9","38.4","31","7","4","10.3","-2.5","62","27.8","88.5","16.1","3.8","68.4","34.2","86","20.8","40.8","29.4","22.7"
"2025","Christian Vázquez","MIN","214","0.65178571","0.95205479","0.26890756","0.46910112","0.82035928","0.42737095","0.21578947","0.58536585","0.22809124","0.03174603","0.5","0.07563025","0.189473684","Christian Vazquez","9774","543877","Vázquez, Christian","543877","2025","16.4","8.4","0.189","0.274","0.271","0.545","0.248","0.271","0.241","0.271","67","2.2","7.7","6.7","37","32.1","6.8","7","7.5","-1","58.3","26.9","85.9","15.3","3.8","60.2","25.7","88.7","16.9","37.6","26.8","25.5"
"2026","Christian Vázquez","HOU","214","0.64039409","0.92307692","0.24606061","0.53025937","0.83695652","0.42060606","0.33673469","0.63636364","0.23757576","0.08860759","0.14285714","0.09575758","0.216494845","Christian Vazquez","9774","543877","Vázquez, Christian","543877","2026","18.7","7","0.216","0.33","0.271","0.601","0.265","0.238","0.295","0.258","65.7","0.6","7.4","5.9","38.2","30.9","6.7","7","9.4","2","58.4","27.9","86","14.4","1.3","60.6","35.5","88.9","20","42.8","25.8","24.5"
"2023","Christian Walker","ARI","661","0.76676385","0.88022814","0.25683265","0.56620209","0.73230769","0.42980157","0.18373984","0.33628319","0.23025084","0.03603604","0.125","0.08311494","0.257731958","Christian Walker","13419","572233","Walker, Christian","572233","2023","19.2","9.4","0.258","0.497","0.333","0.83","0.351","0.34","0.397","0.382","74.9","49.7","15.4","11.3","27","19.7","7.4","17","8.2","-4.7","46.3","30.9","88","15.8","11.4","71.4","26.1","81.1","26.4","38.7","32.6","19.4"
"2024","Christian Walker","ARI","552","0.79315961","0.8973306","0.26672459","0.5376569","0.72762646","0.41529105","0.17877095","0.33333333","0.23327541","0.04615385","0","0.08470895","0.25052192","Christian Walker","13419","572233","Walker, Christian","572233","2024","24.1","10","0.251","0.468","0.335","0.803","0.343","0.354","0.412","0.428","75","52.3","15.9","12.2","26.2","20.2","7.5","32","8.6","-3.7","46.5","30.3","91.2","16.6","13.3","73.1","24.3","82.5","25.6","37.9","31.9","22.3"
"2025","Christian Walker","HOU","640","0.80631277","0.86298932","0.27735774","0.57326007","0.67571885","0.43454039","0.21564885","0.24778761","0.20851572","0.06","0","0.07958615","0.237606837","Christian Walker","13419","572233","Walker, Christian","572233","2025","27.7","6.3","0.238","0.421","0.297","0.718","0.31","0.314","0.397","0.403","74.1","41.8","16.7","12.2","29.1","21.2","7.5","54","9.1","-4.6","51.5","29.4","90.9","16.9","12.9","75.9","28.1","78.7","30.5","37.4","29.4","24.3"
"2026","Christian Walker","HOU","436","0.77958237","0.9047619","0.25593824","0.59677419","0.71990172","0.40498812","0.27341772","0.2962963","0.23456057","0.05681818","0","0.10451306","0.235294117","Christian Walker","13419","572233","Walker, Christian","572233","2026","24.3","8.3","0.235","0.453","0.312","0.765","0.331","0.299","0.399","0.35","74.5","45.2","15.7","11.6","27.1","20","7.4","29","7.7","-5.6","47.7","28.6","89.3","15.1","9.8","73.8","31.4","83.2","29.9","43","27.6","21.3"
"2023","Christian Yelich","MIL","632","0.7390625","0.88372093","0.25009769","0.5124424","0.75","0.42399375","0.1878089","0.33333333","0.23720203","0.03524229","0","0.08870653","0.278181818","Christian Yelich","11477","592885","Yelich, Christian","592885","2023","22.2","12.3","0.278","0.447","0.37","0.817","0.353","0.356","0.412","0.416","73.5","39","18.7","13.9","30.3","22.5","7.4","8","7.5","7.5","39.8","36.4","91.7","3.5","9.3","68.2","24.9","82.5","26.8","57.4","17.3","22.4"
"2024","Christian Yelich","MIL","315","0.7571885","0.89451477","0.24684543","0.5261194","0.79787234","0.42271293","0.18211921","0.41818182","0.23817035","0.03418803","0","0.09227129","0.314814814","Christian Yelich","11477","592885","Yelich, Christian","592885","2024","18.4","12.7","0.315","0.504","0.406","0.91","0.391","0.373","0.443","0.416","73","34","17.7","13.7","32.9","25.5","7.5","9","10.2","3.1","42.9","35.1","91.1","5.2","7.9","70","24.9","84.9","23.1","54.2","19.2","23.4"
"2025","Christian Yelich","MIL","644","0.72206304","0.87103175","0.26835832","0.50046339","0.74074074","0.41484045","0.19584055","0.23893805","0.22183775","0.08502024","0","0.09496348","0.263525305","Christian Yelich","11477","592885","Yelich, Christian","592885","2025","25.9","9.9","0.264","0.452","0.343","0.795","0.343","0.33","0.429","0.409","73.3","35.4","18.3","13.2","32.4","23.4","7.5","23","9.7","7","44.3","36.3","90.2","1.9","10.3","66.7","25.7","81.6","29.2","56.8","17.2","22.9"
"2026","Christian Yelich","MIL","323","0.71052632","0.83333333","0.28023599","0.46748682","0.69924812","0.41961652","0.18493151","0.2962963","0.21533923","0.09565217","0","0.08480826","0.241134751","Christian Yelich","11477","592885","Yelich, Christian","592885","2026","26.9","10.8","0.241","0.39","0.329","0.719","0.316","0.306","0.387","0.371","73.1","30.5","13.4","9.4","28.7","20.1","7.6","7","11.4","7.5","44.6","36.6","89","3.4","9.1","67.2","23.1","78.9","30.2","56.1","21.2","21.2"
"2023","Christopher Morel","CHC","429","0.78983834","0.80116959","0.26163142","0.53455571","0.61477573","0.42839879","0.248","0.33333333","0.2265861","0.07971014","0.18181818","0.08338369","0.24742268","Christopher Morel","21897","666624","Morel, Christopher","666624","2023","31","8.4","0.247","0.508","0.313","0.821","0.347","0.34","0.475","0.464","75.7","56.4","19.6","12.9","30.4","20","8","14","13.8","-6.9","73.4","28.6","92.1","12.4","16","72","28.9","72","37","42.6","29.5","20.5"
"2024","Christopher Morel","- - -","611","0.76320273","0.78125","0.24957483","0.512054","0.67231638","0.44090136","0.21454545","0.38983051","0.23384354","0.04494382","0.25","0.07568027","0.196261682","Christopher Morel","21897","666624","Morel, Christopher","666624","2024","26","10","0.196","0.346","0.288","0.634","0.28","0.316","0.324","0.381","76.1","64.5","17.5","11.7","30","20","8","24","13.1","-5.7","73.5","27.3","89.2","14.2","10.3","68.8","26.3","72.8","34.1","45.1","25.2","17.6"
"2025","Christopher Morel","TBR","305","0.853125","0.79120879","0.27118644","0.599182","0.57337884","0.41440678","0.24899598","0.30645161","0.21101695","0.04918033","0","0.10338983","0.21942446","Christopher Morel","21897","666624","Morel, Christopher","666624","2025","35.7","8.2","0.219","0.396","0.289","0.685","0.299","0.304","0.429","0.438","76","61.8","16.5","10.5","29","18.4","8.2","17","14.9","-9.2","68.6","27.3","91.8","17","14.8","78.7","30.9","70.9","38.9","39.6","34.9","17.8"
"2023","CJ Abrams","WSN","614","0.73170732","0.89285714","0.25949367","0.60918367","0.81239531","0.44303797","0.26993865","0.57575758","0.22106691","0.13017751","0.13636364","0.07640145","0.245115452","CJ Abrams","25768","682928","Abrams, CJ","682928","2023","19.2","5.2","0.245","0.412","0.3","0.712","0.306","0.304","0.349","0.345","71.4","20.4","13","10.4","30","24","7.3","7","9.8","0.7","51.5","28.4","87.4","13.5","6.9","72","35.1","84.2","22.5","44.8","25.1","20.6"
"2024","CJ Abrams","WSN","602","0.75084746","0.85327314","0.26094648","0.59292929","0.77683135","0.43785935","0.32394366","0.57142857","0.21981424","0.04891304","0","0.08137992","0.245841035","CJ Abrams","25768","682928","Abrams, CJ","682928","2024","21.3","6.6","0.246","0.433","0.314","0.747","0.322","0.32","0.373","0.37","72.2","23.8","13.4","10.4","31.8","24.7","7.5","32","12.3","-2.9","61.7","28.9","88.2","15.1","7","70.5","35.5","81.6","24.7","40.7","28","22.7"
"2025","CJ Abrams","WSN","635","0.6951952","0.85313175","0.28706897","0.56666667","0.80035651","0.42672414","0.27095517","0.46043165","0.22112069","0.06622517","0.1","0.06508621","0.256896551","CJ Abrams","25768","682928","Abrams, CJ","682928","2025","19.7","5.8","0.257","0.433","0.315","0.748","0.324","0.309","0.371","0.35","72.4","25.3","13.8","10.7","31.4","24.3","7.6","28","10.9","-3.8","58.9","27.1","88.7","13.3","7.6","67.5","32.5","83","24.4","40.1","28.1","23.7"
"2026","CJ Abrams","WSN","449","0.71194379","0.89473684","0.25661058","0.58258258","0.7628866","0.40024038","0.36082474","0.45714286","0.23317308","0.09836066","0.05555556","0.10997596","0.291878172","CJ Abrams","25768","682928","Abrams, CJ","682928","2026","21.6","8.7","0.292","0.561","0.365","0.926","0.393","0.352","0.47","0.409","72.9","28.2","16","11.8","33.9","24.9","7.7","23","13.4","-6.3","60.9","28.9","89.7","19","11.3","67.6","36.7","82.6","28.2","33.7","30.4","24.1"
"2025","CJ Kayfus","CLE","138","0.79230769","0.90291262","0.26369168","0.6025641","0.61702128","0.47464503","0.1978022","0.11111111","0.18458418","0.02631579","0","0.07707911","0.219512195","CJ Kayfus","33704","692216","Kayfus, CJ","692216","2025","27.5","8","0.22","0.415","0.292","0.707","0.306","0.322","0.382","0.408","71","13.2","11.8","7.9","35.3","23.7","6.7","2","11.7","-2.1","41.4","38.2","88.7","16.4","9.2","75.8","29.1","76.3","35.7","39.1","32.2","27.6"
"2025","Coby Mayo","BAL","294","0.65646259","0.86010363","0.26017699","0.5","0.73015873","0.4460177","0.24206349","0.24590164","0.22300885","0.0625","0","0.07079646","0.216730038","Coby Mayo","28312","691723","Mayo, Coby","691723","2025","28.6","9.2","0.217","0.388","0.299","0.687","0.303","0.289","0.377","0.354","74.7","47.6","14.1","9.8","25.2","17.6","7.3","3","10.6","-16.4","44.9","35.6","87.3","20.7","10.1","61.8","27.9","79.9","30.6","35.8","31.8","19"
"2026","Coby Mayo","BAL","275","0.6862069","0.88944724","0.26532479","0.49882904","0.67605634","0.39066789","0.32319392","0.41176471","0.24062214","0.11504425","0","0.10338518","0.204","Coby Mayo","28312","691723","Mayo, Coby","691723","2026","33.1","7.6","0.204","0.42","0.273","0.693","0.301","0.305","0.412","0.419","75.5","56","18.3","12.5","30.2","20.6","7.4","6","14","-15.6","49","39","92.6","19.8","11.9","63.3","31.1","82.3","32","36.3","35","18.1"
"2023","Cody Bellinger","CHC","556","0.72048611","0.8746988","0.26691381","0.55067921","0.82163188","0.44346617","0.25661914","0.5952381","0.22752549","0.06716418","0.44444444","0.06209453","0.306613226","Cody Bellinger","15998","641355","Bellinger, Cody","641355","2023","15.6","7.2","0.307","0.525","0.356","0.881","0.37","0.325","0.414","0.355","69.9","6.4","11.7","9.7","37.3","31","7.6","9","12.6","-1.6","61.2","32.6","87.9","17.2","6.1","68","31","85","20.1","35.8","29.2","26.4"
"2024","Cody Bellinger","CHC","569","0.72359155","0.88077859","0.27268363","0.52391546","0.7940552","0.43158905","0.31236443","0.61111111","0.22131541","0.07741935","0.25","0.07441191","0.265503875","Cody Bellinger","15998","641355","Bellinger, Cody","641355","2024","15.6","7.9","0.266","0.426","0.325","0.751","0.322","0.302","0.353","0.327","68.9","5.1","9.7","7.7","38.7","30.8","7.6","22","13.2","-3","59.7","32.6","87.8","17.4","6.3","67.1","32.4","84","22.2","37","35","21.1"
"2025","Cody Bellinger","NYY","656","0.72644377","0.92887029","0.2536623","0.53105862","0.83360791","0.44063223","0.26724138","0.64516129","0.22359291","0.04225352","0.22222222","0.08211257","0.272108843","Cody Bellinger","15998","641355","Bellinger, Cody","641355","2025","13.7","8.7","0.272","0.48","0.334","0.814","0.347","0.323","0.37","0.339","70.1","6.5","12.7","10.5","34","28.1","7.8","10","12.9","-3.1","59.1","32.4","88.3","18.5","7.5","67","30.2","87.5","18.1","32.9","35.7","24.3"
"2026","Cody Bellinger","NYY","434","0.68421053","0.91608392","0.25272068","0.52236652","0.82596685","0.41898428","0.25505051","0.54455446","0.23941959","0.04081633","0.16666667","0.08887545","0.259358288","Cody Bellinger","15998","641355","Bellinger, Cody","641355","2026","16.1","12.7","0.259","0.42","0.35","0.77","0.339","0.35","0.352","0.368","69.5","3","12.7","10.4","38.8","31.7","7.9","9","13.5","-0.7","61.8","34.1","89.1","17.7","6.2","63.1","29.8","85.9","20.3","35.9","30.1","25.6"
"2025","Cody Freeman","TEX","121","0.58823529","0.93333333","0.3029703","0.48636364","0.85981308","0.43564356","0.31521739","0.86206897","0.18217822","0.025","0","0.07920792","0.228070175","Cody Freeman","25629","683227","Freeman, Cody","683227","2025","15.7","4.1","0.228","0.342","0.258","0.6","0.261","0.264","0.29","0.295","67.3","1.5","9.1","8","32.6","28.5","6.6","5","10.4","-2.6","70","25.7","84.9","10.6","4.2","55.8","34.8","87.8","13.6","48.5","18.6","22.7"
"2025","Colby Thomas","ATH","132","0.76190476","0.875","0.26195426","0.63809524","0.67910448","0.43659044","0.42857143","0.16666667","0.2037422","0.08510638","0","0.0977131","0.225","Colby Thomas","31855","687515","Thomas, Colby","687515","2025","37.1","5.3","0.225","0.417","0.267","0.684","0.291","0.278","0.441","0.417","74.8","49.2","19.8","13.2","27.2","18.2","7.7","7","11.7","-5.1","56.1","28.8","92.2","21.2","13.3","75.4","40.2","81.2","37.1","37.3","34.7","20"
"2026","Colby Thomas","ATH","120","0.83928571","0.88297872","0.25747126","0.67894737","0.65891473","0.43678161","0.36458333","0.37142857","0.22068966","0.10810811","0","0.08505747","0.203539823","Colby Thomas","31855","687515","Thomas, Colby","687515","2026","30","3.3","0.204","0.336","0.237","0.573","0.252","0.25","0.34","0.338","75.5","56.9","15.2","10","27.5","18.2","7.6","2","9.6","-2.3","45","29.7","89.1","20.9","8.9","80.6","42.9","83.1","33.8","32.9","34.2","20.3"
"2026","Cole Carrigg","COL","159","0.76642336","0.87619048","0.23339012","0.61111111","0.81818182","0.42930153","0.31386861","0.53488372","0.23339012","0.14754098","0","0.10391823","0.296296296","Cole Carrigg","33253","694249","Carrigg, Cole","694249","2026","20.1","10.1","0.296","0.519","0.373","0.892","0.378","0.328","0.437","0.363","73.6","38.6","11.7","8.9","23.9","18.3","7.5","8","11.8","-2.2","50","36.7","86.6","16.8","5.6","74","35.9","83.4","25.4","35.2","29.6","28.7"
"2025","Cole Young","SEA","257","0.67868852","0.84541063","0.29497099","0.48165138","0.80952381","0.42166344","0.16972477","0.48648649","0.21083172","0.02666667","0","0.07253385","0.210762331","Cole Young","31680","702284","Young, Cole","702284","2025","18.3","10.9","0.211","0.305","0.302","0.607","0.274","0.297","0.277","0.311","71.3","21.3","11.7","8.8","33","24.8","6.8","6","7.6","1","53","28.1","87.6","17.2","5.6","63.9","23.5","79.3","24.6","38.3","28.9","22.2"
"2026","Cole Young","SEA","434","0.70697674","0.90460526","0.26299694","0.58092486","0.84328358","0.42324159","0.24776119","0.60240964","0.20489297","0.04494382","0","0.1088685","0.258883248","Cole Young","31680","702284","Young, Cole","702284","2026","17.1","6.5","0.259","0.404","0.319","0.723","0.318","0.333","0.348","0.368","71.7","22.3","12.4","10.2","33","27.1","7","11","6.1","-2.2","48.8","28.1","88.6","14.7","5.2","67.5","31","86.2","19.1","39.2","27.2","24.7"
"2025","Colson Montgomery","CHW","284","0.74","0.91441441","0.27726433","0.6","0.60869565","0.42513863","0.19753086","0.22916667","0.2245841","0.03797468","0","0.07301294","0.239215686","Colson Montgomery","29712","695657","Montgomery, Colson","695657","2025","29.2","8.8","0.239","0.529","0.311","0.84","0.355","0.341","0.475","0.452","77","71.7","17.6","12.3","25.7","18","7.8","8","11.5","-8.6","52.5","32.8","89.4","18","14.5","70.2","30.5","80.1","31.5","36.4","31.2","22.5"
"2026","Colson Montgomery","CHW","424","0.75365854","0.87055016","0.26282051","0.64309764","0.63350785","0.38076923","0.27083333","0.20192308","0.24615385","0.08139535","0.07142857","0.11025641","0.219576719","Colson Montgomery","29712","695657","Montgomery, Colson","695657","2026","31.6","8.5","0.22","0.455","0.302","0.757","0.326","0.315","0.44","0.422","76.4","68","16.4","10.6","25.2","16.2","7.9","22","13.1","-8.4","52.6","33.6","89.2","23.6","12.8","74.5","32.1","76.3","37.6","30.6","35.9","19.6"
"2026","Colt Emerson","SEA","199","0.7029703","0.81690141","0.25440806","0.5922619","0.71356784","0.4231738","0.32804233","0.48387097","0.23803526","0.11940299","0","0.08438287","0.2","Colt Emerson","33575","806068","Emerson, Colt","806068","2026","32.7","7","0.2","0.361","0.263","0.624","0.274","0.251","0.367","0.329","72.4","25.3","6.5","4.6","23.1","16.2","7.2","10","10","2","53.5","30.3","86.3","14.2","5.1","67.2","38.1","74.6","32.9","44.9","21.2","24.6"
"2024","Colt Keith","DET","556","0.76111111","0.91484185","0.26973027","0.52877698","0.76870748","0.41658342","0.24235808","0.44144144","0.22877123","0.05882353","0","0.08491508","0.259689922","Colt Keith","27899","690993","Keith, Colt","690993","2024","19.8","6.5","0.26","0.38","0.309","0.689","0.301","0.314","0.347","0.365","71.3","14.3","12.9","10.1","35.3","27.6","6.7","14","8.3","0.2","44.9","33.1","87.8","11.3","5.6","68.1","29.9","86.6","23.2","44.1","25","26"
"2025","Colt Keith","DET","468","0.68110236","0.92485549","0.27820372","0.49301144","0.75","0.43099671","0.20047733","0.47619048","0.22946331","0.00892857","0","0.06133625","0.256038647","Colt Keith","27899","690993","Keith, Colt","690993","2025","21.8","10.3","0.256","0.413","0.333","0.746","0.326","0.341","0.374","0.397","70.7","9.9","15.5","12.3","35.8","28.3","6.8","15","11.8","-2.5","48.9","32.9","90","13.3","9.2","63.7","25.3","85.8","22.5","38","29.1","28.5"
"2026","Colt Keith","DET","311","0.72852234","0.90566038","0.25459318","0.46245059","0.80769231","0.44269466","0.22983871","0.50877193","0.21697288","0.03061224","0","0.08573928","0.263888888","Colt Keith","27899","690993","Keith, Colt","690993","2026","19","5.8","0.264","0.417","0.312","0.729","0.318","0.324","0.364","0.373","71.8","18.5","17.4","14.2","39.4","32","6.8","11","10.3","-2.3","49.1","31.5","88.6","12.7","7.4","63.4","24.6","87.6","20.6","39.4","27.3","25.5"
"2024","Colton Cowser","BAL","561","0.70819672","0.87268519","0.263955","0.48435923","0.67916667","0.42881869","0.19758065","0.26530612","0.2146257","0.06074766","0.07692308","0.09260061","0.242484969","Colton Cowser","29591","681297","Cowser, Colton","681297","2024","30.7","9.3","0.242","0.447","0.321","0.768","0.331","0.333","0.442","0.445","73.7","40","16.8","12.3","30.8","22.5","6.9","23","13.9","0.3","44.1","38.8","90.5","13","13.6","64","25","79.9","30.4","43.3","30.6","22.4"
"2025","Colton Cowser","BAL","360","0.63802083","0.81632653","0.25893459","0.47744946","0.6742671","0.43358058","0.1915493","0.25","0.23937964","0.04950495","0","0.06810519","0.195718654","Colton Cowser","29591","681297","Cowser, Colton","681297","2025","35.6","7.5","0.196","0.385","0.269","0.654","0.285","0.293","0.403","0.418","73.6","33.3","16.5","11.2","33","22.5","7.3","18","16","-3.4","45.3","39.1","90.9","13.8","14.1","60.5","23.8","76.6","34.6","45.2","33.2","18.1"
"2026","Colton Cowser","BAL","259","0.64794007","0.8265896","0.24162896","0.5010661","0.67659574","0.42443439","0.26136364","0.36231884","0.23891403","0.04761905","0","0.09502262","0.208144796","Colton Cowser","29591","681297","Cowser, Colton","681297","2026","29.7","13.1","0.208","0.33","0.314","0.644","0.293","0.317","0.351","0.393","74.8","49.9","12.2","8.3","24.7","16.8","7.5","15","15.5","-4.7","40.3","39","86.8","12.8","10.2","61.1","28.7","77.9","33.7","43.5","32.7","19"
"2023","Connor Joe","PIT","472","0.67234848","0.89014085","0.26626324","0.41163056","0.74792244","0.4422592","0.14849188","0.4375","0.21734745","0.02040816","0","0.07413011","0.246973365","Connor Joe","16572","656582","Joe, Connor","656582","2023","23.3","10.6","0.247","0.421","0.339","0.76","0.332","0.328","0.383","0.376","73.6","37.3","12.2","9.9","34.1","27.7","7.2","8","6.8","-7.9","40.9","30.5","88.9","16.7","8.3","59.2","19.7","83","23.6","35.5","25.3","28"
"2024","Connor Joe","PIT","416","0.72033898","0.89117647","0.28588734","0.45808383","0.71568627","0.40460327","0.16666667","0.40625","0.23258631","0.01574803","0","0.07692308","0.228021978","Connor Joe","16572","656582","Joe, Connor","656582","2024","21.9","10.6","0.228","0.368","0.32","0.688","0.305","0.279","0.337","0.297","72","23.6","12.3","9.5","27.7","21.3","7.3","18","8.1","-8.2","49.1","30.9","85.3","16.3","4.7","63.8","21.9","81.8","25.7","42.9","24.7","19.3"
"2024","Connor Norby","- - -","194","0.88780488","0.82417582","0.27009223","0.62462462","0.64903846","0.43873518","0.27380952","0.34782609","0.22134387","0.01886792","0","0.06982872","0.235955056","Connor Norby","29592","681393","Norby, Connor","681393","2024","33","7.7","0.236","0.438","0.294","0.732","0.316","0.316","0.443","0.443","70.1","9.2","10.6","7.3","24.7","17.1","7.1","13","18.9","7","36.8","42.1","86.2","17","14.8","80.1","34.7","73.5","33.2","32.2","39.1","24.3"
"2025","Connor Norby","MIA","337","0.86217009","0.86054422","0.27389558","0.57943925","0.67419355","0.42971888","0.25590551","0.33846154","0.20401606","0.05217391","0","0.09236948","0.250803858","Connor Norby","29592","681393","Norby, Connor","681393","2025","26.7","5.3","0.251","0.389","0.3","0.689","0.3","0.307","0.38","0.39","69.3","6.8","11.6","8.5","28.9","21.3","7","26","19.6","4.5","37.8","41.4","88.3","15.9","9.4","76.5","32.1","81.3","29.3","38.8","30.8","25.4"
"2026","Connor Norby","MIA","233","0.79133858","0.8159204","0.28475336","0.56090652","0.68686869","0.39573991","0.1827957","0.29411765","0.20852018","0.08080808","0","0.11098655","0.205","Connor Norby","29592","681393","Norby, Connor","681393","2026","30","10.3","0.205","0.325","0.313","0.638","0.292","0.282","0.347","0.329","70.5","7.1","7.8","5.6","28.3","20.4","7.1","17","18.1","4","38.1","39.9","87","18.8","7.6","73.5","27.3","76.8","32.7","38.9","37.4","15.3"
"2023","Connor Wong","BOS","403","0.72839506","0.81694915","0.26264591","0.60087083","0.69323671","0.44682231","0.26426426","0.375","0.21595331","0.07826087","0.11111111","0.07457847","0.234501347","Connor Wong","19896","657136","Wong, Connor","657136","2023","33.3","5.5","0.235","0.385","0.287","0.672","0.292","0.274","0.409","0.378","71.2","16.8","10.1","6.8","29.4","19.9","7.2","7","13.1","1.8","47","33.6","89.1","15.5","9.1","70.7","34.7","77.4","32.3","43.6","25.3","22.4"
"2024","Connor Wong","BOS","487","0.74121996","0.85286783","0.29008043","0.58419689","0.73170732","0.41394102","0.24810127","0.32653061","0.21179625","0.05095541","0","0.08418231","0.279642058","Connor Wong","19896","657136","Wong, Connor","657136","2024","23.4","5.7","0.28","0.425","0.333","0.758","0.33","0.291","0.403","0.346","72","17.4","13.1","9.4","29.3","21.2","7.3","11","12.4","-1.2","51.7","33.2","86.5","12.9","6.3","72.2","29.5","80.3","28.8","44.3","24.1","22.6"
"2025","Connor Wong","BOS","188","0.65116279","0.86428571","0.2885906","0.53650794","0.78698225","0.42281879","0.26011561","0.37777778","0.23221477","0.07142857","0.33333333","0.05637584","0.19047619","Connor Wong","19896","657136","Wong, Connor","657136","2025","22.3","8.5","0.19","0.238","0.262","0.5","0.23","0.266","0.244","0.297","72.3","23.2","9.8","7.6","23.4","18.1","7.3","10","11.6","-2","46.4","30.5","85.5","10.4","3.1","64.2","32.4","84.5","24.7","51.2","20.9","18.6"
"2026","Connor Wong","BOS","159","0.67948718","0.90566038","0.26218487","0.50209205","0.775","0.40168067","0.30882353","0.47619048","0.22857143","0.125","0","0.10756303","0.266666666","Connor Wong","19896","657136","Wong, Connor","657136","2026","23.3","9.4","0.267","0.378","0.355","0.733","0.329","0.306","0.38","0.344","72.6","26.3","12.5","9.3","26.1","19.4","7.4","6","13.5","-7.7","49.6","31.1","86.9","10.5","4.9","65.7","30.8","87.5","25","47.6","22.3","22.3"
"2025","Cooper Hummel","- - -","105","0.703125","0.9","0.28444444","0.44198895","0.5625","0.40222222","0.14563107","0.2","0.22888889","0.07894737","0.33333333","0.08444444","0.170454545","Cooper Hummel","19458","669450","Hummel, Cooper","669450","2025","29.5","13.3","0.17","0.273","0.298","0.571","0.268","0.313","0.293","0.376","71.7","21.1","12.5","8.8","35","24.6","7.2","8","12.1","-6.6","47.1","28.6","92","11.3","12.1","65.1","20.4","82.1","32.4","50","27.6","15.5"
"2026","Cooper Pratt","MIL","128","0.66929134","0.88235294","0.26680672","0.48019802","0.84536082","0.42436975","0.26470588","0.44444444","0.21428571","0.06666667","0","0.09453782","0.284403669","Cooper Pratt","33530","806198","Pratt, Cooper","806198","2026","17.2","11.7","0.284","0.394","0.367","0.761","0.338","0.343","0.356","0.364","70.3","8.9","12.2","9.4","36.1","27.6","7.1","1","8.1","0.9","41.5","36.9","88.1","10.2","4.5","60.7","27","84.7","24.1","44.4","23.3","31.1"
"2023","Corbin Carroll","ARI","645","0.71172638","0.89244851","0.25277892","0.50759013","0.83551402","0.43392343","0.2285192","0.424","0.22519555","0.04205607","0","0.0881021","0.284955752","Corbin Carroll","25878","682998","Carroll, Corbin","682998","2023","19.4","8.8","0.285","0.506","0.362","0.868","0.37","0.345","0.423","0.387","73.2","29.5","13.8","10.8","35","27.2","6.8","8","5.3","1.6","45.4","26.3","90","11","7.6","65.5","28","85.6","21.6","45.3","24","23.3"
"2024","Corbin Carroll","ARI","684","0.65430267","0.89795918","0.25607903","0.46950092","0.82283465","0.41109422","0.18683002","0.52459016","0.2481003","0.02242152","0","0.08472644","0.23089983","Corbin Carroll","25878","682998","Carroll, Corbin","682998","2024","19","10.7","0.231","0.428","0.322","0.75","0.325","0.328","0.35","0.355","73.7","36.8","18.4","14.6","34.8","27.6","7","5","6.3","0","52.4","22.4","89.3","12","7.2","59.8","25","87","20.3","44.6","22.1","21.2"
"2025","Corbin Carroll","ARI","642","0.70839695","0.84698276","0.26231478","0.55809698","0.77377049","0.43772527","0.25","0.57352941","0.21786143","0.04390244","0","0.08209852","0.258865248","Corbin Carroll","25878","682998","Carroll, Corbin","682998","2025","23.8","10.4","0.259","0.541","0.343","0.884","0.371","0.372","0.454","0.455","74.6","45.3","19.7","15.1","30.6","23.4","7.3","20","10.9","-3.2","68.1","25.7","92.1","16.7","14.5","66.9","31.6","81","24.8","35.7","32","22.9"
"2026","Corbin Carroll","ARI","455","0.70614035","0.8136646","0.25748165","0.52071823","0.76127321","0.40880858","0.24264706","0.51515152","0.23037832","0.08743169","0.1875","0.10333145","0.251269035","Corbin Carroll","25878","682998","Carroll, Corbin","682998","2026","22.6","11.4","0.251","0.482","0.345","0.827","0.356","0.348","0.414","0.403","75.5","59.3","17.8","13.2","33.5","24.9","7.5","4","10.6","1.2","65.8","26.1","91.8","14.3","12.4","65.3","29.6","78.4","28.1","42.2","30.3","19.7"
"2023","Corey Dickerson","WSN","152","0.7414966","0.8440367","0.26923077","0.66666667","0.80921053","0.41758242","0.47328244","0.66129032","0.23992674","0.175","0.57142857","0.07326007","0.25","Corey Dickerson","10762","572816","Dickerson, Corey","572816","2023","18.4","4.6","0.25","0.354","0.283","0.637","0.277","0.289","0.318","0.334","69.8","16.9","6.1","4.6","32.7","24.6","7.4","0","7.9","0.6","40.8","29.4","88.1","9.4","3.4","72.1","48.9","85.2","22.4","45.3","27.4","23.1"
"2023","Corey Julks","HOU","323","0.66863905","0.87168142","0.25490196","0.51034483","0.75","0.43740573","0.25239617","0.56962025","0.23604827","0.06315789","0","0.07164404","0.244966442","Corey Julks","20311","667452","Julks, Corey","667452","2023","23.2","6.8","0.245","0.352","0.297","0.649","0.286","0.294","0.339","0.351","71.4","10.8","13.1","9.9","29.8","22.5","7","2","8.4","-2.8","42","37.2","87.9","17","4.9","62.6","30.2","82","25.4","36.9","23.6","30.7"
"2024","Corey Julks","CHW","189","0.64141414","0.85826772","0.25814863","0.53913043","0.75806452","0.44980443","0.21383648","0.47058824","0.20730117","0.06153846","0.25","0.08474576","0.213872832","Corey Julks","20311","667452","Julks, Corey","667452","2024","26.5","7.9","0.214","0.306","0.275","0.581","0.26","0.27","0.312","0.328","70.7","8.9","9","6.7","27.5","20.3","7","3","9.1","-4.1","56.5","34.4","84.9","15","3.2","61.2","30.6","82","25.9","38.7","28.2","25.8"
"2023","Corey Seager","TEX","536","0.90752688","0.92654028","0.25189599","0.62796504","0.72564612","0.43391116","0.21028037","0.31111111","0.23185265","0.01973684","0","0.0823402","0.327044025","Corey Seager","13624","608369","Seager, Corey","608369","2023","16.4","9.1","0.327","0.623","0.39","1.013","0.419","0.411","0.481","0.47","71.7","16.5","19.2","14.4","39.4","29.5","6.6","6","13.8","-2.8","53.6","33.8","93.3","13","15.2","83.6","28.2","85.9","25","40.3","29.4","27.1"
"2024","Corey Seager","TEX","533","0.88211382","0.91935484","0.26282051","0.58139535","0.75368421","0.43643162","0.18554217","0.27272727","0.22168803","0.0472973","0.14285714","0.07905983","0.277894736","Corey Seager","13624","608369","Seager, Corey","608369","2024","18","9.9","0.278","0.512","0.353","0.865","0.365","0.391","0.418","0.454","72.2","20.6","19.5","15.3","33.6","26.4","6.6","14","12","-0.3","50.9","34","92.1","13.5","15.3","79.6","27.8","86.5","23.4","40.9","31.2","24.7"
"2025","Corey Seager","TEX","445","0.85680751","0.89315068","0.25539568","0.54448871","0.69268293","0.45143885","0.14845938","0.24528302","0.21402878","0.03787879","0","0.07913669","0.271052631","Corey Seager","13624","608369","Seager, Corey","608369","2025","19.6","13","0.271","0.487","0.373","0.86","0.365","0.4","0.414","0.465","72.5","21.6","21.2","15.7","36.1","26.7","6.7","21","12.6","3.8","55","34.2","92.9","11.6","15.3","78.2","23","81.8","27.9","44.7","31.9","21.7"
"2026","Corey Seager","TEX","219","0.87640449","0.81410256","0.21575758","0.59643917","0.69651741","0.40848485","0.21100917","0.41304348","0.26424242","0.14130435","0","0.11151515","0.181818181","Corey Seager","13624","608369","Seager, Corey","608369","2026","26.9","12.8","0.182","0.374","0.292","0.666","0.293","0.336","0.338","0.409","71.8","13.3","17.6","12","35.3","23.9","6.7","14","15.2","2.3","59.5","33.4","91.1","11.8","15.4","80.2","28.6","76.8","34.9","45.4","29.2","20.8"
"2024","Cristian Pache","- - -","183","0.78773585","0.76646707","0.28804348","0.51290323","0.67295597","0.42119565","0.15976331","0.2962963","0.22961957","0.02222222","0","0.0611413","0.2","Cristian Pache","19948","665506","Pache, Cristian","665506","2024","35","9.3","0.2","0.279","0.273","0.552","0.25","0.255","0.333","0.342","71.7","14.9","12.4","8.4","28.1","19.2","7.4","7","9.7","0.4","55.9","31","89.9","9.8","4.9","73","25.3","73","33.2","50","26.5","18.6"
"2024","Curt Casali","SFG","125","0.736","0.91304348","0.26260504","0.46296296","0.81","0.45378151","0.08910891","0.44444444","0.21218487","0.05882353","0","0.07142857","0.194444444","Curt Casali","12510","592200","Casali, Curt","592200","2024","17.6","10.4","0.194","0.25","0.293","0.543","0.254","0.274","0.242","0.271","66.7","1.1","3.4","2.8","33.6","27.8","7.3","7","11.8","-4.7","52.5","34.7","83","20","1.1","65.3","18.7","84.8","19.4","39.8","27.3","22.7"
"2024","Curtis Mead","TBR","132","0.7745098","0.87341772","0.21656051","0.61111111","0.84848485","0.45859873","0.30434783","0.51428571","0.24416136","0.02631579","0","0.08067941","0.237704918","Curtis Mead","23986","678554","Mead, Curtis","678554","2024","22.7","4.5","0.238","0.287","0.282","0.569","0.255","0.282","0.3","0.338","74","42.7","15.9","13","28","22.9","7.3","3","4.2","0","43","30.1","88.8","16.3","4.3","71.2","37.1","82.1","23.5","35.5","19.4","34.4"
"2025","Curtis Mead","- - -","264","0.72284644","0.93782383","0.26409496","0.52136752","0.82377049","0.46290801","0.21568627","0.29545455","0.20178042","0.04166667","0","0.07121662","0.233333333","Curtis Mead","23986","678554","Mead, Curtis","678554","2025","23.9","5.7","0.233","0.321","0.299","0.62","0.278","0.289","0.322","0.338","73.3","37.1","11.6","9.4","28.5","23.3","7.2","8","4.7","-1.9","40.4","32.7","87.5","17.1","4.5","67.6","27.7","87","21.1","37.6","30.3","23.6"
"2026","Curtis Mead","- - -","329","0.62931034","0.92694064","0.24803991","0.4718543","0.83859649","0.43050606","0.19594595","0.56896552","0.21097648","0.03870968","0","0.11047755","0.252631578","Curtis Mead","23986","678554","Mead, Curtis","678554","2026","19.1","11.9","0.253","0.498","0.353","0.851","0.369","0.358","0.408","0.392","72.6","27.3","15.2","12.8","30.2","25.3","7.1","9","5.5","-5","45.9","31.1","88","15.8","10.9","57.8","25.1","89.6","18.1","37.4","30.6","23.4"
"2023","Dairon Blanco","KCR","138","0.76388889","0.88181818","0.28290766","0.56363636","0.70967742","0.43222004","0.13913043","0.125","0.2259332","0.06666667","0","0.0589391","0.258064516","Dairon Blanco","19779","680118","Blanco, Dairon","680118","2023","23.9","7.2","0.258","0.452","0.324","0.776","0.333","0.302","0.405","0.359","74.4","48","16.7","12","31.1","22.4","7.5","1","9.9","0.8","53.8","33.7","86.7","9.1","6.5","71.3","29.4","78.5","29.3","50.5","23.7","19.4"
"2024","Dairon Blanco","KCR","132","0.784","0.80612245","0.27173913","0.60773481","0.67272727","0.39347826","0.2300885","0.30769231","0.24565217","0.02439024","1","0.08913043","0.258333333","Dairon Blanco","19779","680118","Blanco, Dairon","680118","2024","24.2","6.1","0.258","0.392","0.308","0.7","0.306","0.284","0.376","0.345","74","42.9","18.5","12.6","31.9","21.7","7.5","7","9.8","-1.1","56.2","30.5","89","8.6","7.8","74","31","73.8","32.9","52.2","24.4","17.8"
"2025","Dalton Rushing","LAD","155","0.75","0.82222222","0.30100334","0.45418327","0.57894737","0.41973244","0.13970588","0.15789474","0.22742475","0","null","0.05183946","0.204225352","Dalton Rushing","31382","687221","Rushing, Dalton","687221","2025","37.4","6.5","0.204","0.324","0.258","0.582","0.256","0.283","0.373","0.421","73.1","23.5","17.9","11.8","33.3","21.8","7.6","8","14","-5.1","57","34.1","90.8","17.2","14","65.7","19.6","73.1","35.7","34.9","31.4","24.4"
"2026","Dalton Rushing","LAD","238","0.7639485","0.81460674","0.26387316","0.57703081","0.73786408","0.40430351","0.22169811","0.25531915","0.2400906","0.03703704","0","0.09173273","0.257142857","Dalton Rushing","31382","687221","Rushing, Dalton","687221","2026","27.7","9.7","0.257","0.471","0.34","0.811","0.353","0.342","0.449","0.43","72.5","15.7","18","12.9","30.9","22.1","7.5","11","12.5","-2.3","54.1","35.2","89.4","18.3","11.7","70.4","30.2","77.8","31","32.4","26.2","32.4"
"2024","Dane Myers","MIA","108","0.66956522","0.80519481","0.27058824","0.46875","0.74444444","0.45176471","0.17894737","0.41176471","0.22352941","0","null","0.05411765","0.263157894","Dane Myers","22054","667472","Myers, Dane","667472","2024","33.3","7.4","0.263","0.442","0.333","0.775","0.335","0.31","0.467","0.423","71.2","15.7","12.4","8.8","36.3","25.8","7.2","1","8.4","5.5","48.8","30.4","89.9","11.4","11.5","60.1","26.2","75.4","29.4","44.3","27.9","23"
"2025","Dane Myers","MIA","333","0.6464891","0.84269663","0.33279613","0.47709924","0.756","0.42224013","0.16086957","0.51351351","0.18533441","0.01351351","0","0.05962933","0.234527687","Dane Myers","22054","667472","Myers, Dane","667472","2025","23.1","6.9","0.235","0.326","0.291","0.617","0.275","0.304","0.321","0.364","70.9","17.7","16.1","12.1","40.3","30.4","7.2","8","10.9","4.2","63.1","27.1","90.7","10.5","7.8","60.6","23.7","82.2","23.7","44.6","25.1","24.7"
"2026","Dane Myers","CIN","174","0.625","0.89166667","0.27467811","0.43661972","0.80645161","0.40629471","0.24675325","0.68421053","0.22031474","0.02898551","0.5","0.09871245","0.27027027","Dane Myers","22054","667472","Myers, Dane","667472","2026","25.9","12.6","0.27","0.378","0.374","0.752","0.34","0.342","0.4","0.407","71.4","20.7","13.1","10.8","30.3","24.9","7.2","4","8","7.3","50.6","29.3","89.9","15.5","6.1","59.9","22.5","86.9","19","38.5","26.9","25"
"2024","Daniel Schneemann","CLE","221","0.82926829","0.85294118","0.27302997","0.51174935","0.68877551","0.42508324","0.185","0.32432432","0.22197558","0.06944444","0","0.07991121","0.21761658","Daniel Schneemann","25180","682177","Schneemann, Daniel","682177","2024","31.7","11.3","0.218","0.368","0.303","0.671","0.295","0.28","0.381","0.354","70.7","6.3","8.7","6.1","30.1","21","7","7","13.2","1.7","53.9","33.9","88.5","11.1","4.8","74.5","24.5","75.5","31.7","44.4","25.4","25.4"
"2025","Daniel Schneemann","CLE","422","0.73043478","0.86011905","0.27577938","0.4676259","0.69846154","0.41666667","0.20698254","0.3373494","0.24040767","0.07142857","0","0.06714628","0.205804749","Daniel Schneemann","25180","682177","Schneemann, Daniel","682177","2025","27.7","9","0.206","0.354","0.283","0.637","0.28","0.297","0.342","0.369","70.9","11.9","14.8","10.7","34.1","24.8","7","26","14","3.3","50.3","34.9","88.9","10.9","11.5","64.6","26","77.9","29.6","47","26.5","20.5"
"2026","Daniel Schneemann","CLE","276","0.77454545","0.84976526","0.25022748","0.52822581","0.72137405","0.45131938","0.27826087","0.203125","0.20928116","0.05102041","0","0.08917197","0.206349206","Daniel Schneemann","25180","682177","Schneemann, Daniel","682177","2026","29.3","8.7","0.206","0.321","0.275","0.596","0.268","0.285","0.335","0.362","71.2","11.5","12.2","8.6","30.3","21.4","7","12","14.4","-0.7","56.1","33.1","87.9","12","7.6","66.3","33.5","83.1","31.5","43.9","29.2","22.2"
"2026","Daniel Susac","SFG","136","0.69924812","0.93548387","0.27254098","0.65","0.79487179","0.36885246","0.41322314","0.5","0.24795082","0.09259259","0","0.11065574","0.256198347","Daniel Susac","31441","691740","Susac, Daniel","691740","2026","22.1","5.1","0.256","0.372","0.306","0.678","0.297","0.308","0.349","0.363","68.7","3.7","9.7","7.4","28.1","21.5","7.5","0","12.4","-3.4","50","39.1","86.7","15.9","5.2","71.6","41.8","88.8","23","39.6","31.3","26"
"2023","Daniel Vogelbach","NYM","319","0.5613079","0.88349515","0.26214286","0.37819421","0.83333333","0.41928571","0.20496894","0.53030303","0.23","0.08064516","0.2","0.08857143","0.232727272","Daniel Vogelbach","14130","596129","Vogelbach, Daniel","596129","2023","25.4","13.2","0.233","0.404","0.339","0.743","0.327","0.325","0.381","0.378","70.9","14.9","18.8","15.5","35.6","29.3","7.6","10","13.5","-3.2","53.3","34.3","91.7","14.5","9.3","50.9","21.4","86.6","21.6","43.3","26.8","23.2"
"2023","Danny Jansen","TOR","301","0.76971609","0.89754098","0.26638655","0.54865424","0.76603774","0.40588235","0.16319444","0.40425532","0.24201681","0","null","0.08571429","0.22761194","Danny Jansen","16535","643376","Jansen, Danny","643376","2023","20.6","7.6","0.228","0.474","0.312","0.786","0.336","0.316","0.38","0.352","71","13.7","11.9","9.5","30.4","24.4","6.8","6","12","-5.3","60.5","28.6","88.3","19.7","10.7","69.5","24.8","83.9","22.9","34","35.9","18.4"
"2024","Danny Jansen","- - -","324","0.69014085","0.91020408","0.25988287","0.46440678","0.77007299","0.43191801","0.11400651","0.4","0.22474378","0.00877193","0","0.08345534","0.205035971","Danny Jansen","16535","643376","Jansen, Danny","643376","2024","18.8","12.3","0.205","0.349","0.309","0.658","0.294","0.293","0.298","0.297","69","6.8","10.2","8.5","34.4","28.6","6.9","23","13.3","-6.8","65.9","28.9","86.6","21.7","6.4","61.8","20.3","85.3","20.9","29.5","34.1","24.1"
"2025","Danny Jansen","- - -","337","0.7287234","0.89416058","0.27913883","0.4644714","0.74253731","0.42835932","0.12456747","0.25","0.21455085","0.02857143","0","0.077951","0.215277777","Danny Jansen","16535","643376","Jansen, Danny","643376","2025","25.5","12.5","0.215","0.399","0.321","0.72","0.318","0.299","0.367","0.336","69.5","5.9","11.4","9","32.8","26.1","6.9","24","14.9","-5.1","62.7","29.9","87.6","24","8.8","65.4","20","82.1","24","28.3","32.2","22"
"2026","Danny Jansen","TEX","142","0.7133758","0.875","0.2754386","0.51515152","0.7394958","0.40526316","0.15037594","0.5","0.23333333","0.08163265","0","0.08596491","0.170731707","Danny Jansen","16535","643376","Jansen, Danny","643376","2026","28.2","9.2","0.171","0.309","0.277","0.586","0.268","0.254","0.302","0.278","70.5","7.7","9.2","7.2","31.2","24.4","7.1","10","16","-7.9","58.8","30.3","87.7","22.3","6","65.3","23.8","83","25.5","39.3","28.6","15.5"
"2024","Danny Mendick","CHW","141","0.69871795","0.81651376","0.28888889","0.53508772","0.7295082","0.42222222","0.21551724","0.44","0.21481481","0.05","0.5","0.07407407","0.196969696","Danny Mendick","18889","664901","Mendick, Danny","664901","2024","24.8","4.3","0.197","0.318","0.243","0.561","0.247","0.261","0.299","0.319","66.9","0.9","6.1","4.5","34.4","25.2","7","4","12.8","3.7","63.3","29.6","83.8","13.9","6.1","67.3","28","73.2","28.7","40.8","29.6","19.4"
"2023","Dansby Swanson","CHC","638","0.75631501","0.8172888","0.26309617","0.55933763","0.70559211","0.42494136","0.15166667","0.41758242","0.23455825","0.01010101","0","0.07740422","0.244247787","Dansby Swanson","18314","621020","Swanson, Dansby","621020","2023","24.1","10.3","0.244","0.416","0.328","0.744","0.325","0.344","0.381","0.412","71.4","8.8","11.7","8.6","30.9","22.6","7.3","7","14.4","-1.6","60","35.8","89.3","13","10.9","71.4","23.6","76.4","28.7","44.1","25.2","24.2"
"2024","Dansby Swanson","CHC","593","0.81049563","0.83093525","0.29129512","0.50386847","0.67946257","0.43906582","0.14346895","0.32835821","0.19830149","0.02380952","0","0.07133758","0.241573033","Dansby Swanson","18314","621020","Swanson, Dansby","621020","2024","24.3","9.1","0.242","0.39","0.312","0.702","0.307","0.324","0.366","0.392","71.7","12.7","15.2","11.1","33.5","24.5","7.4","22","14.8","0.3","55.7","35.1","89.4","10.4","9.2","71.1","24.1","77.4","28.7","49.9","23.2","21.6"
"2025","Dansby Swanson","CHC","645","0.81081081","0.82807018","0.27896825","0.55380334","0.67336683","0.42777778","0.17105263","0.30769231","0.21111111","0.03381643","0","0.08214286","0.244067796","Dansby Swanson","18314","621020","Swanson, Dansby","621020","2025","26","7.3","0.244","0.417","0.3","0.717","0.31","0.345","0.388","0.442","70.9","5.6","17.4","12.5","35.9","25.9","7.4","29","15.6","-1.5","59.6","34.6","90.5","13.3","11.7","73.8","25.2","77.5","30.5","42.3","27.3","24.5"
"2026","Dansby Swanson","CHC","400","0.79310345","0.85618729","0.24512354","0.53689168","0.69005848","0.41417425","0.2183908","0.30263158","0.22626788","0.04545455","0","0.11443433","0.217514124","Dansby Swanson","18314","621020","Swanson, Dansby","621020","2026","23","10","0.218","0.407","0.296","0.703","0.307","0.304","0.353","0.349","71.5","9.6","14.4","10.2","37.3","26.6","7.6","17","15.5","-4.1","55.2","34.6","89.5","16.3","7.5","70.4","26.7","79.7","30.5","41.2","31.5","20.2"
"2024","Darell Hernaiz","OAK","135","0.734375","0.87234043","0.25098039","0.53456221","0.78448276","0.4254902","0.19834711","0.54166667","0.2372549","0.06818182","0","0.08627451","0.191666666","Darell Hernaiz","26224","687231","Hernaiz, Darell","687231","2024","20","8.1","0.192","0.242","0.261","0.503","0.23","0.276","0.238","0.301","68.5","4.1","13.1","10.3","36.6","28.7","7.1","6","4.8","-0.2","46.9","29","87.1","10.8","1","65.2","25.9","82.8","24.9","51","18.8","21.9"
"2025","Darell Hernaiz","ATH","197","0.76470588","0.92307692","0.28651685","0.52173913","0.79761905","0.45224719","0.25352113","0.66666667","0.1994382","0.02272727","1","0.06179775","0.231213872","Darell Hernaiz","26224","687231","Hernaiz, Darell","687231","2025","12.2","8.6","0.231","0.306","0.292","0.598","0.266","0.305","0.261","0.309","68.2","2.3","9.2","7.5","34.3","27.9","7.1","5","6","0.7","46.3","32.5","85","6.3","3.2","70","30.9","85.8","19.3","49.4","19.9","25.6"
"2026","Darell Hernaiz","ATH","134","0.76984127","0.91752577","0.24324324","0.53777778","0.81818182","0.43436293","0.3220339","0.52631579","0.22779923","0.10204082","0.2","0.09459459","0.237288135","Darell Hernaiz","26224","687231","Hernaiz, Darell","687231","2026","17.2","9.7","0.237","0.288","0.318","0.606","0.28","0.263","0.286","0.262","69.1","8.4","7.1","5.7","28.4","22.9","7.1","9","6.4","-1.5","39.7","33.3","84.4","14","1","68.5","35.7","84.7","22.8","42.3","23.7","24.7"
"2023","Daulton Varsho","TOR","581","0.76525822","0.88548057","0.27626459","0.54333009","0.7688172","0.44401211","0.19868996","0.3956044","0.19801124","0.02645503","0","0.08171206","0.220113851","Daulton Varsho","19918","662139","Varsho, Daulton","662139","2023","23.2","7.7","0.22","0.389","0.285","0.674","0.293","0.303","0.342","0.358","74.6","47","11.6","8.9","25","19.1","7.8","4","10.4","-4","55.7","29.3","87.8","20.5","7.4","70.6","28.1","82.9","24.7","35.9","31.1","21.5"
"2024","Daulton Varsho","TOR","513","0.7592955","0.86340206","0.2504902","0.54010695","0.74059406","0.45833333","0.15540541","0.39130435","0.21764706","0.04","0.16666667","0.07352941","0.213507625","Daulton Varsho","19918","662139","Varsho, Daulton","662139","2024","26.7","9.4","0.214","0.407","0.293","0.7","0.304","0.265","0.372","0.31","73.6","34.3","11","8.2","24","17.8","7.6","6","12.7","-3.4","54","32.6","86.1","24.4","6.2","70.4","25.9","79.9","27","33","30.6","18.2"
"2025","Daulton Varsho","TOR","271","0.82795699","0.80519481","0.28296146","0.58536585","0.70833333","0.45740365","0.19689119","0.34210526","0.19574037","0.07936508","0","0.06389452","0.237903225","Daulton Varsho","19918","662139","Varsho, Daulton","662139","2025","28.4","6.3","0.238","0.548","0.284","0.832","0.345","0.327","0.462","0.434","75.6","56.2","15","10.6","28.8","20.4","7.9","5","12.8","-3.4","62.2","29.9","89.9","23.5","15.9","77.4","30.8","75.6","29.8","29.5","37.5","20.5"
"2026","Daulton Varsho","TOR","354","0.77531646","0.91428571","0.24085366","0.62454212","0.84457478","0.41615854","0.34210526","0.57692308","0.23170732","0.05479452","0.375","0.11128049","0.24691358","Daulton Varsho","19918","662139","Varsho, Daulton","662139","2026","18.9","7.6","0.247","0.383","0.308","0.691","0.303","0.294","0.34","0.327","72.9","28.1","10.5","8.4","24.9","20","7.7","3","9.4","-1","53.9","27.4","86.2","14.5","6.6","74.1","36.5","86.8","20.2","39.1","25.6","26"
"2023","David Fry","CLE","113","0.78294574","0.84158416","0.29930394","0.63855422","0.75471698","0.38515081","0.34693878","0.5","0.22737819","0.07894737","0","0.08816705","0.237623762","David Fry","24934","681807","Fry, David","681807","2023","26.5","7.1","0.238","0.416","0.319","0.735","0.321","0.327","0.392","0.402","70.8","8.3","11.7","9.2","28.7","22.5","7.8","2","13.8","-6.4","61.2","32.7","89.5","16.5","12.7","74.3","38.5","76.5","27.9","36.6","29.6","26.8"
"2024","David Fry","CLE","392","0.76130653","0.85478548","0.26270627","0.55399061","0.78248588","0.42178218","0.23822715","0.47674419","0.23828383","0.02564103","0","0.07722772","0.262686567","David Fry","24934","681807","Fry, David","681807","2024","21.4","10.7","0.263","0.448","0.356","0.804","0.347","0.33","0.397","0.371","70.5","9.3","12.6","9.9","29.3","23","7.8","17","13.6","-2.8","61.8","32.2","88.3","19.6","7.5","70.9","28.1","83.8","24.8","34.1","32.9","24.3"
"2025","David Fry","CLE","157","0.72067039","0.80620155","0.28917609","0.6","0.67878788","0.44426494","0.24193548","0.4","0.2003231","0.04878049","0","0.06623586","0.171232876","David Fry","24934","681807","Fry, David","681807","2025","36.9","5.7","0.171","0.363","0.229","0.592","0.258","0.202","0.372","0.274","70.4","7.2","9.3","6.5","28.9","20.3","7.9","7","15.2","-5.4","64.8","31.1","88.7","23","9.1","69","34.2","74","32.6","36.4","28.4","18.2"
"2026","David Fry","CLE","164","0.64117647","0.81651376","0.23255814","0.50464396","0.73619632","0.44186047","0.20779221","0.40625","0.21067031","0.11904762","0.1","0.11491108","0.184397163","David Fry","24934","681807","Fry, David","681807","2026","30.5","14","0.184","0.34","0.299","0.639","0.288","0.255","0.346","0.289","70.9","12.4","7.4","5.5","22.8","16.8","8.1","15","15.4","-6","58","31.4","85.4","17.8","6.6","61.3","27.6","76.5","30.9","37.4","33","16.5"
"2024","David Hamilton","BOS","317","0.6996997","0.9055794","0.27983193","0.50100604","0.72289157","0.41764706","0.18390805","0.4375","0.21932773","0.04040404","0","0.08319328","0.248299319","David Hamilton","27531","666152","Hamilton, David","666152","2024","25.2","6.9","0.248","0.395","0.303","0.698","0.305","0.285","0.377","0.348","68.9","3","11.9","9.2","36.1","27.7","7.2","18","8.9","-5.2","48.2","32","87","15.8","5.6","66.4","24.1","83.8","25.6","37.4","29.4","28"
"2025","David Hamilton","BOS","194","0.66820276","0.91724138","0.29245283","0.41945289","0.75362319","0.44339623","0.24817518","0.32352941","0.18463612","0.03389831","0","0.07951482","0.197740112","David Hamilton","27531","666152","Hamilton, David","666152","2025","24.2","6.7","0.198","0.333","0.257","0.59","0.26","0.26","0.308","0.308","70.5","10.3","11.1","8.9","32.4","26","7.2","14","6.7","-4.5","44.5","30","86.6","14.3","6","61","26","85.4","22.7","44.4","26.3","21.8"
"2026","David Hamilton","MIL","251","0.65909091","0.89655172","0.26639758","0.47368421","0.80952381","0.40262361","0.26086957","0.53333333","0.2320888","0.07142857","0.14285714","0.09889001","0.241860465","David Hamilton","27531","666152","Hamilton, David","666152","2026","22.7","9.2","0.242","0.335","0.318","0.653","0.295","0.266","0.34","0.296","69.8","6.6","8.5","6.8","30.2","24.2","7.2","16","6","-2.1","37.3","33.3","86.9","11.7","3.6","61.7","29.7","85.8","22.6","52.7","26","16.6"
"2023","David Peralta","LAD","422","0.77372263","0.88993711","0.26862745","0.60646109","0.79418886","0.44509804","0.31683168","0.52083333","0.19803922","0.05185185","0","0.08823529","0.258883248","David Peralta","2136","444482","Peralta, David","444482","2023","17.1","4.7","0.259","0.381","0.294","0.675","0.29","0.312","0.328","0.356","72.1","24.3","12.6","9.8","29.5","22.8","7.3","4","5","-1.5","41.2","31.9","89.3","8.2","4.9","74.6","34.1","84.9","22.5","49.1","21.6","25.3"
"2024","David Peralta","SDP","260","0.77559055","0.88324873","0.25","0.55696203","0.76515152","0.46653543","0.25","0.23636364","0.21653543","0.01470588","0","0.06692913","0.266949152","David Peralta","2136","444482","Peralta, David","444482","2024","20.8","8.5","0.267","0.415","0.335","0.75","0.329","0.318","0.379","0.363","71.4","19.2","13","9.6","33","24.3","7.2","17","5.9","-1.6","41.7","31","88.1","8.9","5.5","70.8","32.6","83.1","28.1","47.3","18.1","29.1"
"2023","David Villar","SFG","140","0.68","0.79411765","0.27573529","0.47577093","0.58333333","0.41727941","0.18548387","0.30434783","0.22794118","0.02325581","0","0.07904412","0.14516129","David Villar","24782","681584","Villar, David","681584","2023","32.1","7.9","0.145","0.315","0.236","0.551","0.244","0.305","0.296","0.402","69.5","4.2","9.1","4.2","18.2","8.3","7.4","0","18.4","3.7","54.2","36.8","87.7","19","13.8","59.9","26.1","73.6","38.5","33.8","35","22.5"
"2023","Davis Schneider","TOR","141","0.7114094","0.76415094","0.25601375","0.44680851","0.55238095","0.40378007","0.11363636","0.6","0.22680412","0.03030303","0","0.11340206","0.275862068","Davis Schneider","23565","676914","Schneider, Davis","676914","2023","30.5","14.9","0.276","0.603","0.404","1.007","0.424","0.355","0.579","0.446","69.3","2.5","14.4","9.5","38.6","25.5","6.9","7","17.1","-1.5","44.9","34.3","89.5","26","17.8","65","15.7","67.8","37.3","20.5","38.4","30.1"
"2024","Davis Schneider","TOR","454","0.70750988","0.83519553","0.25776872","0.48564295","0.67095116","0.4080489","0.18200837","0.4137931","0.24350484","0.00561798","1","0.09067753","0.191435768","Davis Schneider","23565","676914","Schneider, Davis","676914","2024","31.7","10.4","0.191","0.343","0.282","0.625","0.277","0.293","0.349","0.377","69.8","6.1","10.4","7.6","30.1","22","6.9","25","16.9","-0.7","52.6","33.1","88.6","21.4","12","64","23","77.5","30.6","29.8","39.9","22.1"
"2025","Davis Schneider","TOR","227","0.76208178","0.90243902","0.26581028","0.47461929","0.62566845","0.38932806","0.15537849","0.33333333","0.24802372","0.01020408","0","0.09683794","0.234042553","Davis Schneider","23565","676914","Schneider, Davis","676914","2025","26.4","15.9","0.234","0.436","0.361","0.797","0.351","0.323","0.414","0.364","71.5","16.6","12.4","9.2","30.3","22.6","7.1","10","20.6","-6.1","41.7","33.7","90.8","24.2","14","68.4","20.8","82.1","28.5","30.2","38.8","16.3"
"2026","Davis Schneider","TOR","129","0.67407407","0.82417582","0.24456522","0.41422594","0.68686869","0.43297101","0.17741935","0.5","0.22463768","0.01851852","0","0.09782609","0.14953271","Davis Schneider","23565","676914","Schneider, Davis","676914","2026","32.6","15.5","0.15","0.29","0.281","0.571","0.265","0.271","0.301","0.315","71.1","12.8","14.7","10.1","34.1","23.4","7","4","16.6","-2.7","50.3","32.6","88.2","28.2","10.6","57.5","20.8","75.9","31.8","31.3","41.8","14.9"
"2025","Daylen Lile","WSN","351","0.81627297","0.92604502","0.29195402","0.55123675","0.81730769","0.43371648","0.2","0.47169811","0.20306513","0.04301075","0","0.07126437","0.29906542","Daylen Lile","29995","695734","Lile, Daylen","695734","2025","16","6","0.299","0.498","0.347","0.845","0.36","0.348","0.404","0.388","69.1","3.2","11.7","9.6","34.7","28.5","7.1","8","9.2","-0.9","50.7","37.9","88.9","15","5.2","75.3","26.7","87.4","18.9","36.4","24.5","32.3"
"2026","Daylen Lile","WSN","448","0.80964467","0.91222571","0.25","0.64208909","0.79425837","0.41307107","0.3038961","0.52991453","0.24428934","0.15068493","0.18181818","0.09263959","0.245145631","Daylen Lile","29995","695734","Lile, Daylen","695734","2026","18.5","6","0.245","0.403","0.297","0.7","0.304","0.313","0.343","0.355","70.8","8.4","12","9.4","33.3","26","7.5","10","12","-1.3","54.2","39.4","88","17.6","7.8","75.9","37.8","85.9","23.3","35.7","35.1","23.1"
"2024","Daz Cameron","OAK","186","0.73777778","0.89156627","0.31468531","0.51013514","0.64900662","0.41398601","0.20143885","0.25","0.19440559","0.01818182","0","0.07692308","0.2","Daz Cameron","18353","663662","Cameron, Daz","663662","2024","27.4","7","0.2","0.329","0.258","0.587","0.258","0.284","0.317","0.357","72.9","30.2","17.4","12.3","35.6","25.3","6.8","7","1.7","-6.1","30.2","33.3","91.6","8.6","8.3","68.3","26","81.9","28.3","47.9","28.1","21.5"
"2025","Denzel Clarke","ATH","159","0.66666667","0.90566038","0.25198098","0.4964539","0.67857143","0.44690967","0.30882353","0.26190476","0.2155309","0.03703704","0","0.08557845","0.229729729","Denzel Clarke","29858","672016","Clarke, Denzel","672016","2025","38.4","3.8","0.23","0.372","0.274","0.646","0.281","0.25","0.435","0.379","74.3","43.1","14.5","10","28.5","19.6","7.7","7","4.2","2.2","44.7","31.1","90","4.1","6.7","65.3","30.2","79.8","32.7","55.1","23.6","19.1"
"2026","Denzer Guzman","LAA","146","0.75886525","0.89719626","0.26959847","0.64351852","0.76258993","0.41300191","0.30357143","0.41176471","0.21414914","0.01851852","0","0.10325048","0.235294117","Denzer Guzman","28816","694203","Guzman, Denzer","694203","2026","26","5.5","0.235","0.353","0.283","0.636","0.282","0.275","0.352","0.343","73.9","38","10.9","8.6","24.8","19.6","8","0","5.4","-6.1","43","31.8","87","9.6","5.1","72.9","34.6","86.2","23.9","46.9","22.4","25.5"
"2024","Derek Hill","- - -","172","0.74157303","0.86363636","0.29228243","0.58736059","0.62025316","0.44170772","0.28099174","0.23529412","0.19868637","0.12195122","0","0.06732348","0.24074074","Derek Hill","16947","656537","Hill, Derek","656537","2024","32.6","2.9","0.241","0.42","0.271","0.691","0.296","0.297","0.425","0.427","70.3","9.9","12.8","8.5","34.8","23","7.3","10","15.4","3","44.2","36.3","88.3","9.8","11","71.2","35.5","77.5","35.2","48.6","25.7","22.9"
"2025","Derek Hill","- - -","149","0.71779141","0.88888889","0.28151986","0.5982906","0.65","0.40414508","0.32394366","0.30434783","0.24525043","0.05","0","0.06908463","0.21641791","Derek Hill","16947","656537","Hill, Derek","656537","2025","32.2","6","0.216","0.328","0.281","0.609","0.272","0.309","0.364","0.427","72.6","23.3","15.1","10.4","29","20","7.3","9","14.4","0.6","46","35.1","91.2","6.8","11.2","69.3","39.1","81.3","33.5","49.4","16.9","31.5"
"2026","Derek Hill","- - -","159","0.70481928","0.81196581","0.25816485","0.53731343","0.68055556","0.41679627","0.29655172","0.34883721","0.22550544","0.125","0","0.09953344","0.243055555","Derek Hill","16947","656537","Hill, Derek","656537","2026","36.5","6.9","0.243","0.431","0.301","0.732","0.32","0.296","0.482","0.44","71.6","17","12.6","8.1","29.1","18.8","7.1","5","15.7","5.3","45.6","37.4","89.3","14.9","11.4","69.8","33.6","75","34.6","47.2","24.7","22.5"
"2025","Dillon Dingler","DET","469","0.68113208","0.93628809","0.29559398","0.54342105","0.71428571","0.42387061","0.23237598","0.40449438","0.21360848","0.05833333","0.14285714","0.06692694","0.278160919","Dillon Dingler","27464","693307","Dingler, Dillon","693307","2025","23.5","4.9","0.278","0.425","0.327","0.752","0.326","0.351","0.402","0.438","71.7","14.5","17.6","13.6","34.6","26.7","7.7","14","10.8","-0.3","49.7","39.7","90","15.8","9.2","64.3","30.2","85.5","24.8","36.2","26.4","30.4"
"2026","Dillon Dingler","DET","416","0.69191919","0.94160584","0.24657534","0.51237263","0.82102273","0.42777086","0.29581152","0.50442478","0.23785803","0.12056738","0.11764706","0.08779577","0.268096514","Dillon Dingler","27464","693307","Dingler, Dillon","693307","2026","21.9","6.3","0.268","0.515","0.333","0.848","0.364","0.372","0.434","0.446","71.8","16.6","16.2","12.9","32.8","26.3","7.6","9","13.5","-3.5","56","40.3","89.4","17.4","10.9","63.4","33.6","88.6","21.5","36.5","29.5","25.6"
"2023","DJ LeMahieu","NYY","562","0.58146965","0.9010989","0.27772848","0.41650099","0.8353222","0.44631766","0.20607375","0.51578947","0.20452529","0.0310559","0","0.07142857","0.243460764","DJ LeMahieu","9874","518934","LeMahieu, DJ","518934","2023","22.2","10.7","0.243","0.39","0.327","0.717","0.315","0.323","0.357","0.37","68","3.9","15.1","12.7","35.8","30.2","7.3","6","7.2","7.2","53.4","29.5","89.6","3.8","5.9","54.4","23.2","87.1","19.7","55.6","17.4","22.5"
"2024","DJ LeMahieu","NYY","228","0.63921569","0.96319018","0.30177515","0.48033708","0.83040936","0.42130178","0.2247191","0.5","0.21065089","0.01785714","0","0.06627219","0.203980099","DJ LeMahieu","9874","518934","LeMahieu, DJ","518934","2024","15.4","8.3","0.204","0.259","0.269","0.528","0.239","0.305","0.235","0.322","67.3","5.2","11.2","9.5","38.8","32.8","7.1","9","6.4","9","52.1","27.6","88.5","1.9","5.8","59.6","29","91.8","17.5","57.8","18.5","20.8"
"2025","DJ LeMahieu","NYY","142","0.67307692","0.96190476","0.28942486","0.40772532","0.74736842","0.432282","0.22413793","0.34615385","0.21521336","0","null","0.06307978","0.265625","DJ LeMahieu","9874","518934","LeMahieu, DJ","518934","2025","24.6","9.9","0.266","0.336","0.338","0.674","0.304","0.295","0.359","0.347","67.6","3.6","16.7","13.5","41","33.3","7.2","10","5.5","12.5","47.3","28.3","91.7","4.1","4.3","59.9","23.8","85.4","22","60.2","15.1","22.6"
"2023","DJ Stewart","NYM","185","0.82887701","0.81290323","0.25","0.59133127","0.61256545","0.43181818","0.1734104","0.3","0.23128342","0.04615385","0","0.0868984","0.24375","DJ Stewart","17766","621466","Stewart, DJ","621466","2023","30.3","8.1","0.244","0.506","0.333","0.839","0.358","0.34","0.476","0.444","71","13","13.4","8.9","29.7","19.6","7.3","6","12.2","-4.5","60","25.2","89.9","16.5","12.3","77.8","25.8","71.8","35.8","40.6","26.4","21.7"
"2024","DJ Stewart","NYM","194","0.74766355","0.85625","0.27973856","0.40540541","0.62222222","0.43529412","0.10625","0.17647059","0.20915033","0","null","0.07581699","0.177215189","DJ Stewart","17766","621466","Stewart, DJ","621466","2024","24.7","16","0.177","0.297","0.325","0.622","0.29","0.33","0.288","0.359","71.5","19","15.8","11.2","34.4","24.4","7.1","2","9.8","-2.3","61.8","25.4","89.7","19.1","8.2","66.7","14.1","76.5","30","32.4","36","20.7"
"2023","Dominic Canzone","- - -","182","0.70731707","0.80172414","0.27107438","0.58914729","0.82236842","0.42644628","0.3986014","0.54385965","0.23636364","0.1","0","0.0661157","0.219653179","Dominic Canzone","26438","686527","Canzone, Dominic","686527","2023","17.6","4.4","0.22","0.399","0.258","0.657","0.282","0.332","0.319","0.384","70.8","12.4","21","16","43","32.6","7.2","3","17.7","-2","48.1","35.1","89.7","16.3","12.1","67.1","41.8","83.2","25.5","42.6","31.2","20.6"
"2024","Dominic Canzone","SEA","188","0.69189189","0.8125","0.2658046","0.61397059","0.7005988","0.3908046","0.37142857","0.4","0.25143678","0.046875","0","0.09195402","0.196428571","Dominic Canzone","26438","686527","Canzone, Dominic","686527","2024","28.2","9.6","0.196","0.381","0.271","0.652","0.28","0.31","0.351","0.398","72.3","26.5","17.8","12.4","34.6","24.2","7.6","5","16","-3.6","48.5","34.5","89.9","9.1","11.1","68.8","37.2","76.2","34.4","44.4","33.3","18.8"
"2025","Dominic Canzone","SEA","268","0.70289855","0.86597938","0.26848249","0.57665904","0.76190476","0.42509728","0.33624454","0.50649351","0.22276265","0.08139535","0.14285714","0.08365759","0.300411522","Dominic Canzone","26438","686527","Canzone, Dominic","686527","2025","21.9","7.4","0.3","0.481","0.358","0.839","0.361","0.376","0.434","0.456","73.1","36.6","18.3","13.9","35.2","26.6","7.3","11","12.1","-2.4","55.5","32.1","92.3","10.5","14.5","68.2","36.8","82.7","26.4","43.9","23.5","29.4"
"2026","Dominic Canzone","SEA","301","0.69454545","0.84816754","0.24841915","0.52452026","0.7804878","0.42366757","0.30737705","0.41333333","0.22041554","0.12605042","0.26666667","0.10749774","0.26394052","Dominic Canzone","26438","686527","Canzone, Dominic","686527","2026","20.3","8.6","0.264","0.532","0.336","0.868","0.369","0.377","0.431","0.441","74.8","48","22.8","16.7","38.6","28.2","7.4","10","13.5","-2.9","54.8","31.8","92.3","9.5","14.8","64","33.9","81","28.1","44.8","28.6","23.3"
"2023","Dominic Fletcher","ARI","102","0.69827586","0.88888889","0.30526316","0.58219178","0.85882353","0.38421053","0.22352941","0.47368421","0.22368421","0.09090909","0","0.08684211","0.301075268","Dominic Fletcher","26149","666150","Fletcher, Dominic","666150","2023","21.6","6.9","0.301","0.441","0.35","0.791","0.34","0.267","0.415","0.314","null","null","null","null","null","null","null","null","null","null","null","null","89.7","8.5","4.1","64.9","33.1","87","21.1","52.1","24.7","20.5"
"2024","Dominic Fletcher","CHW","241","0.64166667","0.8961039","0.26666667","0.51477833","0.82296651","0.45111111","0.30167598","0.61111111","0.19888889","0.06666667","0","0.08333333","0.206278026","Dominic Fletcher","26149","666150","Fletcher, Dominic","666150","2024","24.1","4.6","0.206","0.256","0.252","0.508","0.227","0.25","0.269","0.303","66.7","0.3","8.5","6.8","33.3","26.6","6.5","2","2","4.3","34.8","27.2","84.4","12.1","1.8","61.8","32.2","84.8","21.2","45.2","19.6","25.6"
"2023","Dominic Smith","WSN","586","0.72212693","0.89311164","0.2638009","0.57096774","0.81355932","0.42081448","0.25051335","0.60655738","0.22036199","0.04285714","0.22222222","0.09502262","0.254269449","Dominic Smith","15653","642086","Smith, Dominic","642086","2023","15.5","8","0.254","0.366","0.326","0.692","0.306","0.321","0.32","0.34","68.5","5.8","12.6","10.4","36.8","30.3","7","5","11.7","-3.3","57.1","34.3","86.3","12.8","6.6","68.7","30.3","86.2","19.9","42.7","25.8","26.3"
"2024","Dominic Smith","- - -","307","0.71061093","0.88687783","0.25681255","0.49817518","0.75824176","0.45251858","0.2007874","0.43137255","0.20974401","0.04081633","0","0.08092486","0.232727272","Dominic Smith","15653","642086","Smith, Dominic","642086","2024","24.8","9.1","0.233","0.378","0.313","0.691","0.306","0.308","0.36","0.364","68.8","2.5","10.7","8.2","38.2","29.4","7","13","15.1","-1.5","56.2","35.1","89.3","13","10.6","65.1","27","80.8","25.3","40.2","32.2","23.6"
"2025","Dominic Smith","SFG","225","0.69642857","0.91025641","0.26415094","0.58241758","0.79716981","0.42924528","0.26344086","0.42857143","0.21933962","0.02702703","1","0.08726415","0.284313725","Dominic Smith","15653","642086","Smith, Dominic","642086","2025","18.7","6.7","0.284","0.417","0.333","0.75","0.325","0.306","0.37","0.343","67.8","4.1","12.7","10.1","37.8","30","6.9","10","12.4","-4.1","52.4","35.2","87.7","15.1","4.2","66.4","32.9","87.4","22.2","42.2","27.7","25.3"
"2026","Dominic Smith","ATL","256","0.76061776","0.92893401","0.26509724","0.56708861","0.79910714","0.40429887","0.24279835","0.59322034","0.24872057","0.0375","0","0.08188332","0.266375545","Dominic Smith","15653","642086","Smith, Dominic","642086","2026","13.7","7.4","0.266","0.393","0.322","0.715","0.312","0.308","0.328","0.323","68.7","5.6","11.2","9.3","36.8","30.6","6.9","13","8.3","-4.4","48.8","31.2","87.9","12.9","5.6","69.2","31.8","88.5","19.6","41","28.5","25"
"2023","Donovan Solano","MIN","450","0.68787276","0.89306358","0.27851606","0.54437086","0.77858881","0.41805094","0.22834646","0.37931034","0.21096346","0.07185629","0.08333333","0.09246955","0.281725888","Donovan Solano","8623","456781","Solano, Donovan","456781","2023","22.2","8.9","0.282","0.391","0.369","0.76","0.338","0.351","0.385","0.405","68","6.1","14.6","10.5","34.5","24.8","7","2","8.3","-0.2","34.7","36.9","90.2","13.1","6.1","65","29.9","83.8","25.4","41","23.1","31.9"
"2024","Donovan Solano","SDP","309","0.66754617","0.92490119","0.29772192","0.53371869","0.7400722","0.40769835","0.23134328","0.51612903","0.21052632","0.08411215","0.22222222","0.08405342","0.286219081","Donovan Solano","8623","456781","Solano, Donovan","456781","2024","21","7.1","0.286","0.417","0.343","0.76","0.333","0.313","0.391","0.362","67.1","1.4","8.6","6.7","31.9","24.7","7","11","8.4","-1.2","44.9","34.8","87.3","13.7","3.7","63.8","29.8","86.3","23.5","43.4","25.6","26"
"2025","Donovan Solano","- - -","179","0.7037037","0.88721805","0.26846591","0.57632399","0.76756757","0.45596591","0.28965517","0.30952381","0.20596591","0.08163265","0.25","0.06960227","0.246987951","Donovan Solano","8623","456781","Solano, Donovan","456781","2025","22.3","4.5","0.247","0.337","0.291","0.628","0.277","0.259","0.327","0.302","66","1.3","8.8","6.5","35","25.6","6.9","6","8.3","-1.4","37","34.1","87.4","12.7","3.9","65.9","36.5","83.3","26.4","46.1","20.3","26.6"
"2026","Donovan Walton","- - -","125","0.8372093","0.86111111","0.27446809","0.53645833","0.82524272","0.40851064","0.21359223","0.22727273","0.21914894","0.04347826","0","0.09787234","0.293577981","Donovan Walton","19314","622268","Walton, Donovan","622268","2026","18.4","10.4","0.294","0.477","0.374","0.851","0.372","0.322","0.418","0.347","67.3","0","10.9","8.3","42.3","32","6.9","3","13.2","-4.4","53.6","33.6","87.7","11.8","4.5","71.6","27.7","85.1","23.9","42","22.7","30.7"
"2025","Drake Baldwin","ATL","446","0.76626016","0.90185676","0.28114286","0.53044655","0.82908163","0.42228571","0.23469388","0.57608696","0.224","0.04724409","0.33333333","0.07257143","0.274074074","Drake Baldwin","31539","686948","Baldwin, Drake","686948","2025","15.2","8.5","0.274","0.469","0.341","0.81","0.351","0.353","0.38","0.383","75.3","56.3","18.9","15.5","31.3","25.6","7.2","9","9.3","3.2","48.1","31.7","91.7","6.5","11","70.2","28.8","86","19.5","48.7","24.9","23.1"
"2026","Drake Baldwin","ATL","379","0.73716012","0.86885246","0.23114525","0.57660626","0.83142857","0.42388268","0.27138643","0.4673913","0.23673184","0.12258065","0.15789474","0.10824022","0.281818181","Drake Baldwin","31539","686948","Baldwin, Drake","686948","2026","21.1","10.8","0.282","0.485","0.372","0.857","0.373","0.386","0.432","0.451","74.9","51.9","19","14.8","32","24.9","7.3","14","12","4.4","45.9","34.1","91.5","10.6","14.7","68.7","33.2","85.3","24.2","45.4","23.9","25.5"
"2025","Drew Gilbert","SFG","109","0.671875","0.89534884","0.30769231","0.49704142","0.76190476","0.40625","0.22619048","0.15789474","0.20192308","0","null","0.08413462","0.19","Drew Gilbert","31545","687551","Gilbert, Drew","687551","2025","18.3","6.4","0.19","0.35","0.248","0.598","0.26","0.266","0.281","0.29","72.2","18.6","12.8","10.2","30.1","24","7.6","5","5.1","-10.9","44.6","24.4","86.6","11.3","4.9","66.2","21.5","84.6","25.8","45.7","18.5","25.9"
"2026","Drew Gilbert","SFG","250","0.63157895","0.93589744","0.26248672","0.49507389","0.80099502","0.4314559","0.16256158","0.3030303","0.21572795","0.02352941","0","0.09032944","0.237442922","Drew Gilbert","31545","687551","Gilbert, Drew","687551","2026","16.4","8.8","0.237","0.356","0.323","0.679","0.302","0.305","0.313","0.317","69.8","6.4","11.6","9.6","36.3","29.9","7.5","11","2.8","-2.3","38.6","27.9","86","14.4","2.8","59.2","24.8","88.8","21.5","45.9","18.8","24.3"
"2026","Drew Millas","WSN","152","0.59310345","0.94186047","0.24786325","0.56470588","0.77083333","0.43589744","0.20454545","0.44444444","0.22564103","0.03773585","0","0.09059829","0.184615384","Drew Millas","25643","686452","Millas, Drew","686452","2026","24.3","9.2","0.185","0.262","0.277","0.539","0.251","0.266","0.267","0.291","68.1","3.6","4.8","3.6","31","23.4","7.1","1","7.9","-4.2","41.6","32.1","83.6","12.8","3.2","61.8","28.8","85.7","23.3","44.8","19.8","29.2"
"2026","Drew Romo","CHW","143","0.72881356","0.87209302","0.23001949","0.58937198","0.72131148","0.40350877","0.32061069","0.35714286","0.25536062","0.01754386","0","0.11111111","0.134920634","Drew Romo","27763","691011","Romo, Drew","691011","2026","25.9","9.1","0.135","0.294","0.225","0.519","0.234","0.245","0.252","0.269","70","5.3","8.8","6.2","27.5","19.4","7.5","7","13.9","-11.2","52.2","33.6","83.5","19.1","6.6","69.2","33.6","82.7","31","37.4","35.2","16.5"
"2023","Drew Waters","KCR","337","0.78443114","0.88167939","0.25360668","0.55882353","0.63467492","0.43887623","0.27","0.45679012","0.22779043","0.07619048","0","0.07972665","0.228476821","Drew Waters","20505","671221","Waters, Drew","671221","2023","31.8","8","0.228","0.377","0.3","0.677","0.296","0.313","0.39","0.42","72.8","31.5","10.2","7.1","24.1","16.8","6.9","10","14.7","-0.7","43.8","42.3","87.4","17.2","10.1","73","31.9","76.9","32.5","34.3","34.8","26.3"
"2025","Drew Waters","KCR","219","0.83549784","0.86528497","0.29056604","0.62695925","0.655","0.40125786","0.26203209","0.36734694","0.23522013","0.06896552","0","0.07295597","0.242718446","Drew Waters","20505","671221","Waters, Drew","671221","2025","27.4","5","0.243","0.316","0.288","0.604","0.268","0.265","0.34","0.337","71.5","17.6","9.9","7.1","27.3","19.4","6.6","15","8.6","5","47.8","41.7","86","9.1","4.1","77.3","33.9","79.1","30.3","47.3","25.3","24"
"2025","Dylan Beavers","BAL","137","0.65454545","0.91666667","0.26829268","0.41525424","0.75510204","0.38373984","0.12820513","0.35","0.25365854","0.03448276","0","0.09430894","0.227272727","Dylan Beavers","31695","687637","Beavers, Dylan","687637","2025","26.3","19","0.227","0.4","0.375","0.775","0.347","0.344","0.395","0.389","72.2","21.4","12.8","10.2","28.8","23","7.4","4","7.9","-4.5","50.5","39.2","88.8","21.2","9.3","57.2","18.9","83.8","23.7","29.3","40","25.3"
"2026","Dylan Beavers","BAL","189","0.71945701","0.88679245","0.27798742","0.44135802","0.77622378","0.40754717","0.1875","0.45454545","0.22138365","0.05405405","0.25","0.09308176","0.240963855","Dylan Beavers","31695","687637","Beavers, Dylan","687637","2026","22.8","10.1","0.241","0.343","0.324","0.667","0.301","0.312","0.338","0.355","72.2","19.1","14","10.9","31.5","24.3","7.4","2","8.3","-3","45.4","38.5","88.6","17.9","5.6","64.1","22.6","85","23.5","40.8","26.4","24"
"2023","Dylan Carlson","STL","255","0.74531835","0.89447236","0.25501433","0.52287582","0.77916667","0.43839542","0.17117117","0.5","0.21203438","0.04040404","0","0.09455587","0.219178082","Dylan Carlson","20126","666185","Carlson, Dylan","666185","2023","19.2","10.2","0.219","0.333","0.318","0.651","0.293","0.317","0.298","0.333","69.8","9.5","12.6","10.5","34.5","28.6","7","1","11.4","-1.9","54.2","38.1","89.3","15","5.8","68","24.9","82.5","22.6","43.9","26.6","22"
"2024","Dylan Carlson","- - -","265","0.76408451","0.77880184","0.25585586","0.53359684","0.6962963","0.45585586","0.1755102","0.46511628","0.22072072","0.02666667","0","0.06756757","0.208510638","Dylan Carlson","20126","666185","Carlson, Dylan","666185","2024","28.3","8.3","0.209","0.277","0.287","0.564","0.257","0.258","0.303","0.305","68.4","2.4","9","6.3","29.3","20.5","7.1","15","11.8","-2.4","52.5","36.9","86.8","15.8","2.5","70.8","24.8","74","31","41.7","30.7","22.7"
"2025","Dylan Carlson","BAL","241","0.74247492","0.85135135","0.29285015","0.4787472","0.79439252","0.43780607","0.11","0.36363636","0.19588639","0.01333333","0","0.07345739","0.202764976","Dylan Carlson","20126","666185","Carlson, Dylan","666185","2025","22.4","8.7","0.203","0.336","0.278","0.614","0.273","0.285","0.304","0.321","68.7","4.5","9.6","7.5","34.4","26.9","6.9","8","10.7","0.9","55.4","36.2","88.4","16.7","6.7","68.7","19.4","79.6","22.9","37.8","32.3","23.8"
"2024","Dylan Crews","WSN","132","0.67883212","0.89247312","0.26346154","0.51818182","0.77192982","0.42307692","0.18965517","0.40909091","0.22307692","0.06382979","0","0.09038462","0.218487394","Dylan Crews","33541","686611","Crews, Dylan","686611","2024","19.7","8.3","0.218","0.353","0.288","0.641","0.283","0.327","0.309","0.372","72.3","16.2","18.3","14.3","39","30.5","7.4","3","9.7","-2.9","51.9","27","89","8.8","6.5","63.9","26.5","86.3","22.8","56.4","21.3","13.8"
"2025","Dylan Crews","WSN","322","0.715625","0.88646288","0.27826087","0.51287129","0.69111969","0.43913043","0.2278481","0.24074074","0.20608696","0.11363636","0","0.07652174","0.208191126","Dylan Crews","33541","686611","Crews, Dylan","686611","2025","23.6","7.5","0.208","0.352","0.28","0.632","0.279","0.307","0.321","0.362","73.2","33.8","16.2","11.5","32.5","23.1","7.2","17","6.4","-0.9","47.2","26.6","89.7","8.5","9.8","66.3","29.5","82.3","30.7","50.2","24.9","18.9"
"2026","Dylan Crews","WSN","235","0.73170732","0.88666667","0.24089307","0.62601626","0.7012987","0.43360752","0.29444444","0.39622642","0.21151586","0.05154639","0","0.11398355","0.228571428","Dylan Crews","33541","686611","Crews, Dylan","686611","2026","22.6","7.7","0.229","0.395","0.311","0.706","0.314","0.331","0.357","0.383","73.8","35.3","16.6","11.9","32.2","23.1","7.6","12","8.2","-4.3","44.1","27.8","90.9","12.8","10.3","73.2","32.1","80.3","30.1","40.1","32.5","21.7"
"2023","Dylan Moore","SEA","165","0.69587629","0.80740741","0.28445748","0.49491525","0.62328767","0.43255132","0.23571429","0.39393939","0.20527859","0","null","0.07771261","0.206896551","Dylan Moore","18042","664238","Moore, Dylan","664238","2023","33.9","9.7","0.207","0.428","0.303","0.731","0.317","0.315","0.43","0.426","72.2","24","16.9","11.8","32.5","22.6","7.3","9","11.8","-9","51.3","34.3","89","21.4","16.9","63.6","28.4","76.5","33.4","29.2","30.3","25.8"
"2024","Dylan Moore","SEA","441","0.74751491","0.8856383","0.27882483","0.43554443","0.69827586","0.44290466","0.10714286","0.51282051","0.20177384","0","null","0.07649667","0.201086956","Dylan Moore","18042","664238","Moore, Dylan","664238","2024","27.9","12","0.201","0.367","0.32","0.687","0.306","0.298","0.353","0.34","73","27.5","10.7","8.3","26.7","20.6","7.1","16","9.5","-8.5","61.8","31.4","88.4","22.6","8.8","65.3","17.7","80.7","24.8","29.9","33.5","25.5"
"2025","Dylan Moore","- - -","243","0.77884615","0.77366255","0.30891089","0.4744186","0.67156863","0.42574257","0.20187793","0.37209302","0.21089109","0","null","0.05445545","0.200913242","Dylan Moore","18042","664238","Moore, Dylan","664238","2025","33.7","8.2","0.201","0.374","0.267","0.641","0.28","0.262","0.381","0.352","71.7","15","10.5","7.2","25.7","17.6","7.1","16","7.8","-2.1","53.7","31.1","84.8","21.3","8.6","69.6","24.9","70.9","33.3","35","32.1","20"
"2023","Eddie Rosario","ATL","516","0.77052632","0.80054645","0.24895178","0.64660691","0.75445545","0.40932914","0.40212766","0.57671958","0.24633124","0.16483516","0.16666667","0.09538784","0.255230125","Eddie Rosario","12155","592696","Rosario, Eddie","592696","2023","23.6","6.6","0.255","0.45","0.305","0.755","0.322","0.317","0.397","0.389","70.3","11.3","11.8","8.4","33.7","23.8","7.1","2","12","-0.2","58.5","31.4","88.6","14.5","9.5","73.7","43.5","77.2","29.8","39.8","28.4","25.6"
"2024","Eddie Rosario","- - -","319","0.72964169","0.83482143","0.25863521","0.59036145","0.76870748","0.41954507","0.33935018","0.4787234","0.23336142","0.05714286","0","0.0884583","0.175084175","Eddie Rosario","12155","592696","Rosario, Eddie","592696","2024","24.1","5","0.175","0.316","0.215","0.531","0.23","0.264","0.277","0.324","70.2","7.2","12.9","9.6","39.1","28.9","7.2","4","12.2","-1.1","60","31.8","91","14.3","5.3","71.9","35.2","79.9","27.5","40.3","32.3","23.5"
"2025","Edgar Quero","CHW","403","0.72916667","0.88857143","0.30322173","0.49343066","0.78994083","0.43272268","0.14649682","0.5","0.19835755","0","null","0.06569804","0.26849315","Edgar Quero","28022","700337","Quero, Edgar","700337","2025","17.6","7.9","0.268","0.356","0.333","0.689","0.307","0.29","0.333","0.31","67.5","1.4","15.9","12.7","44.1","35.2","6.7","5","5.9","9.6","51.4","31.6","90.4","6.8","3.7","68.5","19.1","83.3","21","49.3","20.6","26.4"
"2026","Edgar Quero","CHW","186","0.77348066","0.92857143","0.25857143","0.58219178","0.77058824","0.41714286","0.21290323","0.48484848","0.22142857","0.01388889","0","0.10285714","0.184049079","Edgar Quero","28022","700337","Quero, Edgar","700337","2026","22","7","0.184","0.227","0.25","0.477","0.221","0.265","0.231","0.296","68.9","3.6","12.7","9.9","39.2","30.6","6.9","0","4.7","5.6","50.5","28.5","90.8","10.3","2.4","74.6","26.4","83.3","23.1","51.2","27.1","17.8"
"2023","Edmundo Sosa","PHI","300","0.79245283","0.8015873","0.28241563","0.64256198","0.78135048","0.42984014","0.39814815","0.58139535","0.19182948","0.14814815","0.0625","0.09591474","0.250896057","Edmundo Sosa","17022","624641","Sosa, Edmundo","624641","2023","24.7","2.7","0.251","0.427","0.293","0.72","0.309","0.29","0.387","0.359","72.9","30","12.1","8.6","24.2","17.1","8","1","10.6","-2.1","58.3","36.2","86.8","13.8","6.8","75.7","43.2","78.5","28.7","42.8","23.6","24.5"
"2024","Edmundo Sosa","PHI","274","0.77692308","0.82673267","0.25072324","0.65301205","0.74907749","0.40019286","0.37254902","0.42105263","0.24590164","0.20560748","0.09090909","0.10318226","0.257028112","Edmundo Sosa","17022","624641","Sosa, Edmundo","624641","2024","24.1","4.7","0.257","0.422","0.313","0.735","0.318","0.307","0.389","0.373","73","33.9","13.1","9.2","26.6","18.5","8.3","3","11.1","-3.3","50.9","34.7","89.2","12.8","8.6","75.2","40.5","80.3","31.4","45.7","25.8","20.4"
"2025","Edmundo Sosa","PHI","261","0.72897196","0.8974359","0.22717622","0.64746544","0.75800712","0.46072187","0.40092166","0.59770115","0.23036093","0.18181818","0.14285714","0.08174098","0.275720164","Edmundo Sosa","17022","624641","Sosa, Edmundo","624641","2025","21.5","3.8","0.276","0.469","0.307","0.776","0.332","0.29","0.407","0.351","72.3","26.1","14.3","10.7","30.9","23.2","8.1","2","10.1","-2.1","56.1","33.9","87.7","9.4","6.3","69.8","45.5","83.8","25.7","45.3","25","25.5"
"2026","Edmundo Sosa","PHI","188","0.74074074","0.89166667","0.23546512","0.68363636","0.80851064","0.3997093","0.54696133","0.61616162","0.2630814","0.22857143","0.25","0.10174419","0.208092485","Edmundo Sosa","17022","624641","Sosa, Edmundo","624641","2026","20.7","2.7","0.208","0.335","0.243","0.578","0.253","0.325","0.294","0.393","72.3","25","13.4","10.2","27.6","20.8","8.2","0","11.4","-3.1","60.7","34","87.6","9.9","6.5","70.9","54.2","86","25.9","48.6","17.4","25.4"
"2023","Edouard Julien","MIN","408","0.71047228","0.83815029","0.28199189","0.39111748","0.64102564","0.40416908","0.07692308","0.37931034","0.21829763","0.00606061","0","0.0955414","0.263313609","Edouard Julien","27534","666397","Julien, Edouard","666397","2023","31.4","15.7","0.263","0.459","0.381","0.84","0.366","0.343","0.483","0.44","71","11.6","15.7","12.2","32.6","25.3","6.8","11","12.7","11.3","45.3","44.5","89.5","8","13.1","61.4","14.2","77.8","29.1","50","22.4","26.6"
"2024","Edouard Julien","MIN","301","0.68902439","0.80973451","0.26558704","0.45321101","0.68825911","0.44129555","0.09469697","0.2","0.21376518","0.02040816","0","0.07935223","0.19924812","Edouard Julien","27534","666397","Julien, Edouard","666397","2024","33.9","11","0.199","0.323","0.292","0.615","0.278","0.288","0.362","0.38","71.7","16.7","13.1","9.3","28.3","20","7.1","10","16.5","9.1","44.6","44.2","87.8","11.9","9.8","63.1","17.8","78.1","30.9","45.1","31.7","23.2"
"2025","Edouard Julien","MIN","208","0.67322835","0.90643275","0.28995434","0.43428571","0.65789474","0.39954338","0.13488372","0.37931034","0.24543379","0.01754386","0","0.06506849","0.219780219","Edouard Julien","27534","666397","Julien, Edouard","666397","2025","29.3","10.6","0.22","0.324","0.309","0.633","0.286","0.329","0.348","0.422","70.2","6.4","16.1","12.1","35.6","26.8","7","9","13.8","5.7","45.7","41.6","89.2","6.1","12.2","60.9","20","82.6","26.1","50.4","17.9","31.7"
"2026","Edouard Julien","COL","266","0.75337838","0.89686099","0.271809","0.39224138","0.75824176","0.42607897","0.14977974","0.38235294","0.20844812","0.04901961","0","0.09366391","0.213043478","Edouard Julien","27534","666397","Julien, Edouard","666397","2026","25.9","13.2","0.213","0.3","0.32","0.62","0.287","0.335","0.317","0.398","71.4","14.5","14.7","11.7","35.9","28.4","7","7","11.4","7.4","38.8","42.7","90.8","8.2","6.8","62.5","19.1","85.5","22.9","49.7","20.5","27.3"
"2023","Eduardo Escobar","- - -","309","0.70220588","0.80104712","0.22149837","0.58379374","0.77287066","0.44218241","0.34680135","0.55339806","0.24185668","0.0862069","0.1","0.09446254","0.225694444","Eduardo Escobar","6153","500871","Escobar, Eduardo","500871","2023","25.2","5.8","0.226","0.344","0.269","0.613","0.267","0.246","0.329","0.299","68.3","2.4","5.8","4","32.6","22.1","6.8","3","11.7","-2.7","44.8","31.3","86.3","14.4","3.8","68.3","35.9","77.5","28.3","43.7","27.2","21.6"
"2023","Edward Olivares","KCR","385","0.77835052","0.90728477","0.27323944","0.55882353","0.78018576","0.40704225","0.27899687","0.48314607","0.22464789","0.04444444","0","0.09507042","0.262711864","Edward Olivares","19698","658668","Olivares, Edward","658668","2023","16.6","5.7","0.263","0.452","0.317","0.769","0.329","0.335","0.365","0.373","71","16.5","12.5","9.7","33.7","26.2","7.2","6","10.1","-2.7","61.7","28.2","87.3","12.2","7.9","70.8","31","86.5","22.9","42.8","24.7","22.9"
"2024","Edward Olivares","PIT","196","0.77722772","0.91719745","0.26302083","0.54415954","0.76439791","0.45703125","0.24358974","0.42105263","0.203125","0.06779661","0","0.07682292","0.224137931","Edward Olivares","19698","658668","Olivares, Edward","658668","2024","18.9","8.2","0.224","0.333","0.291","0.624","0.276","0.333","0.296","0.375","71.8","23.4","14.2","10.9","28.8","22","7.3","4","8.4","-2.2","58.7","27.5","86.8","9.2","6.4","68.7","33.1","85","24.2","49.6","21.3","19.9"
"2026","Edwin Arroyo","CIN","142","0.79527559","0.91089109","0.26131687","0.71649485","0.76978417","0.39917695","0.38613861","0.56410256","0.20781893","0.03125","0","0.13168724","0.244274809","Edwin Arroyo","29957","695490","Arroyo, Edwin","695490","2026","21.8","3.5","0.244","0.282","0.286","0.568","0.257","0.307","0.3","0.372","69.1","5.1","6.3","4.7","33.9","25.3","7.3","3","14","-4.5","45.5","35.8","87.6","17.7","2","78.9","39.5","83.5","25.4","40.8","18.4","33"
"2023","Elehuris Montero","COL","307","0.67399267","0.89130435","0.23433476","0.62255965","0.63414634","0.39570815","0.42857143","0.30952381","0.25236052","0.15328467","0.04761905","0.11759657","0.242957746","Elehuris Montero","20543","660707","Montero, Elehuris","660707","2023","36.2","4.9","0.243","0.426","0.29","0.716","0.306","0.254","0.455","0.363","75.2","50.4","16.1","10.3","27.2","17.4","7.7","3","9","-13.7","35.5","35.5","88.3","9.9","6.8","65.6","43.3","79.9","39.3","44.9","23.3","25"
"2024","Elehuris Montero","COL","247","0.7264574","0.91358025","0.24160347","0.64010989","0.75536481","0.3943662","0.38738739","0.3255814","0.24052004","0.15789474","0.05555556","0.12351029","0.205357142","Elehuris Montero","20543","660707","Montero, Elehuris","660707","2024","22.7","8.1","0.205","0.304","0.267","0.571","0.254","0.279","0.286","0.322","75","52.4","15.1","10.6","28.8","20.2","7.6","10","7.6","-15.3","39.1","34.4","89.5","17","7.6","72.7","39.2","85.9","30.3","38","29.2","22.2"
"2025","Eli White","ATL","271","0.79139073","0.88284519","0.3016983","0.55504587","0.72727273","0.43556444","0.1959799","0.23076923","0.1988012","0.09375","0.16666667","0.06393606","0.234375","Eli White","19346","642201","White, Eli","642201","2025","25.8","4.1","0.234","0.406","0.27","0.676","0.29","0.31","0.372","0.403","72.2","21.1","14.8","11.3","27.9","21.3","7.2","15","8.9","2.7","46.2","34.4","87.7","11.3","9.1","72.1","29.6","81.1","26.2","46.3","24.5","23.9"
"2026","Eli White","ATL","143","0.70588235","0.8452381","0.21996303","0.616","0.75974026","0.46210721","0.24786325","0.4137931","0.21626617","0.07272727","0","0.10166359","0.234848484","Eli White","19346","642201","White, Eli","642201","2026","21.7","6.3","0.235","0.409","0.287","0.696","0.302","0.271","0.355","0.312","72.9","29","12","8.9","27.9","20.6","7.2","6","8.9","0.5","51.2","34.6","86.4","6.4","5.9","72.8","29.8","82.1","27.7","55.9","25.5","16.7"
"2023","Elias Díaz","COL","526","0.81695568","0.89622642","0.26159274","0.64496314","0.70857143","0.41028226","0.27548807","0.40944882","0.23235887","0.05789474","0.18181818","0.09576613","0.267489711","Elias Diaz","11680","553869","Díaz, Elias","553869","2023","22.4","6.5","0.267","0.409","0.316","0.725","0.314","0.296","0.377","0.351","73.4","32.7","13.2","9.4","26.7","19.1","7","7","5.8","-3.5","40.7","31","88.1","12.7","6.2","76.5","36.2","81","28.4","46.5","19.9","25.3"
"2024","Elias Díaz","- - -","351","0.80635838","0.89964158","0.26152683","0.60815603","0.71137026","0.42630385","0.29411765","0.3375","0.20559335","0.07092199","0.1","0.10657596","0.264615384","Elias Diaz","11680","553869","Díaz, Elias","553869","2024","19.7","5.7","0.265","0.382","0.313","0.695","0.303","0.281","0.35","0.321","73.9","41.4","13.9","10.4","26.2","19.6","7","11","4.8","-2.5","44.7","28.6","87.1","7.6","4.7","76.1","33.2","81.6","27.8","51.2","17.1","25.6"
"2025","Elias Díaz","SDP","283","0.76408451","0.88018433","0.2697056","0.60262009","0.57971014","0.43494777","0.17592593","0.31578947","0.20512821","0.11578947","0","0.09021842","0.203921568","Elias Diaz","11680","553869","Díaz, Elias","553869","2025","25.9","7.4","0.205","0.339","0.271","0.61","0.27","0.268","0.325","0.323","72.8","29.3","15.8","10.7","30.7","20.7","6.9","17","6.2","-4.2","49.3","29.1","88.4","17.7","7.6","73","30.1","76.3","34.1","37.6","28.5","21"
"2026","Elias Díaz","- - -","121","0.82242991","0.86363636","0.24883721","0.60204082","0.74576271","0.45581395","0.30588235","0.53846154","0.19767442","0.26190476","0.09090909","0.09767442","0.25","Elias Diaz","11680","553869","Díaz, Elias","553869","2026","20.7","1.7","0.25","0.422","0.267","0.689","0.296","0.277","0.362","0.338","74.9","47.7","14.2","10.6","24.7","18.5","7.1","9","8.3","-5.8","60.3","28.8","86","15","5.4","73.2","39.8","79.7","27.8","35.5","28","25.8"
"2023","Elly De La Cruz","CIN","427","0.66193853","0.85357143","0.24102564","0.50329381","0.7408377","0.43247863","0.27560976","0.45132743","0.23361823","0.11042945","0.22222222","0.09287749","0.234536082","Elly De La Cruz","26668","682829","De La Cruz, Elly","682829","2023","33.7","8.2","0.235","0.41","0.3","0.71","0.305","0.305","0.429","0.43","76.6","64.9","16.3","11.8","25","18.1","7.5","6","6.3","1.6","41.8","36.4","91.2","3.6","8.6","60.5","33","80.7","29.7","55.3","18.3","24"
"2024","Elly De La Cruz","CIN","696","0.65921788","0.84533898","0.26026899","0.47308032","0.65298507","0.41185024","0.23695976","0.32075472","0.2439113","0.05627706","0.07692308","0.08396947","0.258899676","Elly De La Cruz","26668","682829","De La Cruz, Elly","682829","2024","31.3","9.9","0.259","0.471","0.339","0.81","0.349","0.33","0.476","0.444","75","53","19","13.1","31.8","22","7.3","31","9.3","0.8","51.8","35.2","91.8","9.7","12.7","61.7","26.9","76.8","33.4","47.1","24.8","24.8"
"2025","Elly De La Cruz","CIN","699","0.685633","0.85477178","0.26270553","0.51978417","0.67647059","0.41554559","0.23667712","0.37086093","0.23841555","0.04484305","0.2","0.08333333","0.263910969","Elly De La Cruz","26668","682829","De La Cruz, Elly","682829","2025","25.9","9.6","0.264","0.44","0.336","0.776","0.333","0.322","0.419","0.403","74.4","44.6","20.8","14.4","34.9","24.2","7.2","32","8.1","-0.1","49.1","33.7","91","7.6","10.3","64.2","28.5","78.6","31.7","51.2","20.9","22.7"
"2026","Elly De La Cruz","CIN","395","0.62086514","0.86065574","0.25","0.48615385","0.72468354","0.41348601","0.22020725","0.43529412","0.24554707","0.03496503","0","0.09096692","0.273504273","Elly De La Cruz","26668","682829","De La Cruz, Elly","682829","2026","27.6","10.1","0.274","0.493","0.349","0.842","0.364","0.366","0.469","0.475","75.5","55.3","22.7","16.6","34.3","25.1","7.1","10","8.4","1.4","50.5","34.5","94.3","10","15.1","58.3","25.9","80.8","28.2","47.1","27.9","23.8"
"2023","Eloy Jiménez","CHW","489","0.74567901","0.87417219","0.23587653","0.62895928","0.75059952","0.38613861","0.35242291","0.4125","0.26441468","0.06666667","0.07692308","0.11357018","0.271929824","Eloy Jimenez","17484","650391","Jiménez, Eloy","650391","2023","19","6.1","0.272","0.441","0.317","0.758","0.325","0.314","0.378","0.363","75.3","52.2","19.9","15.1","35.4","26.9","7.3","6","5.9","-4.3","47.6","24.8","90.9","5.7","9.3","71.5","36.7","82","29.7","53.2","19.7","20"
"2024","Eloy Jiménez","- - -","349","0.71884984","0.92","0.26061615","0.5951417","0.78571429","0.4113239","0.27205882","0.35135135","0.22647794","0.09016393","0.09090909","0.10158201","0.23765432","Eloy Jimenez","17484","650391","Jiménez, Eloy","650391","2024","20.1","6.3","0.238","0.336","0.289","0.625","0.276","0.302","0.314","0.349","73.9","40","22.9","17.4","39.3","29.9","7.2","15","5.5","-2.8","48.3","25","92","4.3","7.8","70.1","33.1","84.7","26.2","56.9","15.7","20.8"
"2023","Elvis Andrus","CHW","406","0.67410714","0.93046358","0.28140704","0.47826087","0.78996865","0.41896985","0.24860335","0.57303371","0.22487437","0.03361345","0","0.07474874","0.251336898","Elvis Andrus","8709","462101","Andrus, Elvis","462101","2023","17.5","6.2","0.251","0.358","0.304","0.662","0.29","0.27","0.32","0.293","68.3","7.3","13.2","11","37.3","31.1","7.7","4","7","0.3","58.2","29.9","87.5","5.5","2.6","61.5","28","88.1","20.1","55.9","19.9","19.9"
"2023","Emmanuel Rivera","ARI","283","0.71617162","0.88940092","0.26766784","0.55","0.75098814","0.40636042","0.19413919","0.37735849","0.24116608","0.0625","0","0.08480565","0.260700389","Emmanuel Rivera","19890","656896","Rivera, Emmanuel","656896","2023","19.8","7.8","0.261","0.358","0.314","0.672","0.295","0.315","0.333","0.36","69.3","5.9","11.8","8.3","41.2","29","7","4","8.2","0.3","49.7","34.1","90.7","11.2","5.9","68.9","27","83.7","26.7","43.4","24.9","28.3"
"2024","Emmanuel Rivera","- - -","302","0.76369863","0.88789238","0.25369244","0.54375","0.69348659","0.41702867","0.24363636","0.41791045","0.23892268","0.06730769","0.28571429","0.09035621","0.237735849","Emmanuel Rivera","19890","656896","Rivera, Emmanuel","656896","2024","22.8","8.6","0.238","0.343","0.312","0.655","0.291","0.322","0.329","0.375","69.6","9.9","16.6","12","38","27.4","6.9","5","6.8","-0.1","49.4","33.9","89.7","8.7","7.9","71.1","28.8","82","28.3","52","22.8","20.3"
"2025","Emmanuel Rivera","BAL","127","0.80327869","0.86734694","0.25630252","0.55760369","0.66942149","0.45588235","0.3030303","0.56666667","0.20798319","0.05263158","0","0.07983193","0.25","Emmanuel Rivera","19890","656896","Rivera, Emmanuel","656896","2025","18.9","4.7","0.25","0.283","0.291","0.574","0.258","0.267","0.291","0.302","68.3","3.2","8.2","5.9","38.4","27.5","6.9","6","6.3","0.2","52.9","32.4","86.7","11.6","1","72.4","35.1","82.2","28.7","41.7","24","31.3"
"2023","Endy Rodríguez","PIT","204","0.73366834","0.91780822","0.2564433","0.51212121","0.81065089","0.42525773","0.19886364","0.45714286","0.22680412","0.11267606","0","0.09149485","0.220430107","Endy Rodriguez","25332","682848","Rodríguez, Endy","682848","2023","24","8.3","0.22","0.328","0.284","0.612","0.271","0.296","0.315","0.351","69.8","8.5","10.2","8.2","36.9","29.5","7.2","5","10.3","-5.4","52.6","33","89.1","16.5","5.1","68.1","26.4","87.3","21.4","32.6","33.3","28.3"
"2026","Endy Rodríguez","PIT","130","0.69172932","0.93478261","0.26814516","0.48947368","0.77419355","0.38306452","0.22058824","0.36666667","0.27419355","0.08108108","0","0.07459677","0.259259259","Endy Rodriguez","25332","682848","Rodríguez, Endy","682848","2026","24.6","16.2","0.259","0.454","0.38","0.834","0.368","0.353","0.433","0.406","72.6","25.3","15.9","11.9","35.9","26.8","7.3","2","10.1","-6.2","46.9","35.3","92.1","19.4","11.8","64.3","25.1","85.8","26","32.9","32.9","27.6"
"2023","Enmanuel Valdez","BOS","149","0.65909091","0.89655172","0.21818182","0.48239437","0.76642336","0.46942149","0.27407407","0.51351351","0.2231405","0.01851852","0","0.0892562","0.26618705","Enmanuel Valdez","21716","665839","Valdez, Enmanuel","665839","2023","24.8","5.4","0.266","0.453","0.311","0.764","0.328","0.304","0.414","0.38","70.3","10.4","16.7","13","33.3","26","7.6","0","12.8","-7.6","64.6","27.6","87.5","10.2","10.9","59.6","28.9","82.5","24.3","46.1","26.5","23.5"
"2024","Enmanuel Valdez","BOS","223","0.64315353","0.89677419","0.26224157","0.50391645","0.80829016","0.41675734","0.24637681","0.47058824","0.22524483","0.03409091","0.33333333","0.09575626","0.213930348","Enmanuel Valdez","21716","665839","Valdez, Enmanuel","665839","2024","23.8","7.6","0.214","0.363","0.27","0.633","0.275","0.308","0.325","0.373","70.4","10.5","11.3","8.9","32.8","25.8","7.5","2","10.9","-5.2","64.4","28.8","89.4","19.3","9.3","60.4","28.7","84.9","22.1","34.6","32.7","20.9"
"2025","Enmanuel Valdez","PIT","102","0.5982906","0.94285714","0.29770992","0.51829268","0.77647059","0.4173028","0.2125","0.47058824","0.20356234","0","null","0.08142494","0.208791208","Enmanuel Valdez","21716","665839","Valdez, Enmanuel","665839","2025","15.7","10.8","0.209","0.363","0.294","0.657","0.29","0.327","0.293","0.344","70.4","6.8","18.6","15.1","39.8","32.2","7.4","0","8.9","-5.5","58.1","27.4","89.8","15.7","8","57.9","26.6","86.4","21.5","34.7","25.3","28"
"2023","Enrique Hernández","- - -","508","0.74081238","0.88772846","0.26323829","0.51003542","0.78009259","0.43126273","0.22384428","0.42391304","0.2092668","0.05820106","0","0.09623218","0.236559139","Enrique Hernandez","10472","571771","Hernández, Enrique","571771","2023","19.1","6.7","0.237","0.357","0.289","0.646","0.282","0.273","0.315","0.303","72.4","23.7","12","9.9","33.2","27.3","7.5","11","6.6","-3.8","43.5","28.2","87.8","17","4.5","66","28","84.1","23.6","37.4","28.1","24.3"
"2024","Enrique Hernández","LAD","393","0.77102804","0.85151515","0.28194993","0.51376147","0.79166667","0.43083004","0.21824104","0.44776119","0.20223979","0.05426357","0.14285714","0.08498024","0.229281767","Enrique Hernandez","10472","571771","Hernández, Enrique","571771","2024","19.6","6.9","0.229","0.373","0.281","0.654","0.285","0.289","0.323","0.329","71.6","19.4","11.5","9","33.8","26.4","7.4","6","7.5","-1.7","48.5","28.4","89.6","17.1","4.8","69","26.5","82.8","22.9","35.6","29.4","25.6"
"2025","Enrique Hernández","LAD","256","0.76691729","0.85294118","0.25750242","0.5620915","0.76356589","0.44433688","0.26106195","0.3559322","0.21878025","0.07317073","0.16666667","0.07938045","0.202586206","Enrique Hernandez","10472","571771","Hernández, Enrique","571771","2025","26.6","7","0.203","0.366","0.255","0.621","0.268","0.287","0.331","0.36","71.1","14.1","12.4","9.1","31.5","23","7.5","9","10.3","-3.9","53.5","30","90.3","16.3","9.5","70.6","32","82","29","38.8","32.4","21.8"
"2023","Eric Haase","- - -","293","0.73897059","0.86069652","0.24329159","0.62749004","0.6952381","0.4490161","0.3203125","0.32926829","0.22898032","0.06818182","0.33333333","0.07871199","0.200729927","Eric Haase","14111","606992","Haase, Eric","606992","2023","27.6","5.8","0.201","0.281","0.247","0.528","0.233","0.254","0.292","0.323","72.5","20.9","7.7","5.2","24.4","16.5","7.3","1","9.2","-5.2","50.9","28.6","87.1","13.4","4.6","72.2","36.3","77.4","32.6","43.1","22.6","24.6"
"2023","Eric Hosmer","CHC","100","0.76851852","0.8313253","0.26535627","0.52432432","0.81443299","0.45454545","0.35714286","0.73333333","0.20638821","0.06666667","0","0.07371007","0.234042553","Eric Hosmer","3516","543333","Hosmer, Eric","543333","2023","25","6","0.234","0.33","0.28","0.61","0.269","0.248","0.33","0.298","null","null","null","null","null","null","null","null","null","null","null","null","85.1","3.4","5.8","65.7","38.4","79.1","23.6","58","17.4","15.9"
"2025","Eric Wagaman","MIA","514","0.70240296","0.89210526","0.27672634","0.48721072","0.7675","0.41994885","0.22477064","0.43877551","0.2230179","0.03821656","0","0.08030691","0.25","Eric Wagaman","23395","676572","Wagaman, Eric","676572","2025","19.5","6.2","0.25","0.378","0.296","0.674","0.293","0.315","0.336","0.366","73.4","36.6","19.7","15.4","37.7","29.5","7.1","26","6.7","-2.7","48.6","27.9","91","10.6","6.8","64.7","25.7","85","24.2","44.1","24.4","25.7"
"2024","Ernie Clement","TOR","452","0.72606383","0.94871795","0.2594893","0.63969466","0.87828162","0.45203589","0.38194444","0.75454545","0.19875776","0.14615385","0.42105263","0.08971705","0.262672811","Ernie Clement","20352","676391","Clement, Ernie","676391","2024","9.1","2.4","0.263","0.408","0.284","0.692","0.297","0.285","0.315","0.301","66.7","1","7.2","6.4","41.8","36.8","6.8","13","10.4","-3.1","56.7","33.4","85.5","16.3","3.8","70","43.4","90.7","14.4","38.8","27.2","24.4"
"2025","Ernie Clement","TOR","588","0.7495069","0.96052632","0.27097809","0.59508409","0.86304348","0.41314805","0.34180139","0.68243243","0.23142704","0.08227848","0.15384615","0.08444682","0.27706422","Ernie Clement","20352","676391","Clement, Ernie","676391","2025","10.4","4.6","0.277","0.398","0.313","0.711","0.308","0.289","0.323","0.301","67.6","2.4","9.9","8.8","42.4","37.6","7","30","11.6","-3.1","59.6","32.2","86.6","17.9","2.4","72","36.4","93","14.5","34.7","28.6","27.6"
"2026","Ernie Clement","TOR","430","0.76851852","0.93574297","0.24508321","0.62206148","0.88081395","0.4183056","0.47508306","0.72727273","0.22768533","0.20833333","0.33333333","0.10892587","0.294403892","Ernie Clement","20352","676391","Clement, Ernie","676391","2026","9.5","3.3","0.294","0.423","0.319","0.742","0.323","0.271","0.342","0.283","67.4","2.8","5.7","4.9","39.6","34.1","7.1","24","12","-5.3","63.1","29.7","85.1","16.1","2.4","72.1","45.2","90.8","16.4","37.8","28.4","24.7"
"2026","Esmerlyn Valdez","PIT","155","0.72435897","0.76106195","0.24111283","0.49469965","0.64285714","0.4374034","0.18","0.25925926","0.23183926","0.05172414","0","0.08964451","0.278195488","Esmerlyn Valdez","29005","699013","Valdez, Esmerlyn","699013","2026","36.1","12.9","0.278","0.669","0.374","1.043","0.435","0.37","0.675","0.547","74.7","49","23.4","14.4","33.5","20.6","7.9","3","14.3","3.3","51.7","33.5","92.9","21","26.9","67.6","23.2","65.3","40","32.1","42.3","17.9"
"2023","Esteury Ruiz","OAK","497","0.74565217","0.88338192","0.2624073","0.5468114","0.76923077","0.42042213","0.31481481","0.45378151","0.21563035","0.07865169","0.21428571","0.10154022","0.25389755","Esteury Ruiz","21780","665923","Ruiz, Esteury","665923","2023","19.9","4","0.254","0.345","0.309","0.654","0.29","0.275","0.329","0.31","70","12.6","7.4","5.5","29.5","22.1","7.4","4","10.7","-1.6","49","35.1","82.7","9.9","2.5","70","34.5","82.8","25.3","50.7","20.3","21.4"
"2026","Esteury Ruiz","MIA","142","0.68382353","0.87096774","0.24817518","0.56302521","0.69402985","0.43430657","0.23076923","0.44444444","0.21350365","0.14035088","0","0.1040146","0.254237288","Esteury Ruiz","21780","665923","Ruiz, Esteury","665923","2026","30.3","10.6","0.254","0.475","0.364","0.839","0.366","0.314","0.48","0.383","71.7","18.2","7.5","5.1","25.8","17.4","7.8","3","18.6","-10","37.7","37.1","86.5","27.6","9.1","68.9","33.1","78","31.7","24.7","29.9","29.9"
"2024","Estevan Florial","CLE","111","0.82758621","0.6875","0.25777778","0.58201058","0.57272727","0.42","0.18918919","0.19047619","0.24666667","0","null","0.07555556","0.173469387","Estevan Florial","19151","664314","Florial, Estevan","664314","2024","36.9","9.9","0.173","0.367","0.264","0.631","0.277","0.254","0.389","0.344","72.9","29.8","13.4","8","26.8","16","7.1","0","12.4","-3","44","34.5","88.7","12.8","10.3","78.6","24.8","63","42.2","44.8","20.7","27.6"
"2023","Eugenio Suárez","SEA","694","0.73780488","0.82644628","0.28246641","0.46519525","0.67335766","0.40578712","0.1953125","0.304","0.22046159","0.05660377","0.13333333","0.09128488","0.232441471","Eugenio Suarez","12552","553993","Suárez, Eugenio","553993","2023","30.8","10.1","0.232","0.391","0.323","0.714","0.313","0.323","0.4","0.417","72.3","22.2","12.8","8.7","30.4","20.6","7.8","14","17.9","-0.7","51.9","38.2","90.3","18.9","13.2","65.9","23.5","75.4","32.8","34.2","34.4","25.1"
"2024","Eugenio Suárez","ARI","640","0.73371925","0.88560158","0.2726914","0.51308411","0.6867031","0.4222573","0.23035714","0.34108527","0.22099448","0.05164319","0","0.08405683","0.255691768","Eugenio Suarez","12552","553993","Suárez, Eugenio","553993","2024","27.5","7.7","0.256","0.469","0.319","0.788","0.337","0.335","0.433","0.43","72.2","21.3","14.9","10.8","30.6","22.1","7.8","34","17.4","-3.7","49.9","38.6","89.1","19.5","11.4","66.8","27.2","81.2","29.1","32.5","33.3","26.4"
"2025","Eugenio Suárez","- - -","657","0.76034237","0.86491557","0.26899463","0.54513585","0.66237942","0.43783576","0.25183824","0.25547445","0.20874904","0.1","0.04545455","0.08442057","0.227891156","Eugenio Suarez","12552","553993","Suárez, Eugenio","553993","2025","29.8","7","0.228","0.526","0.298","0.824","0.347","0.32","0.464","0.42","72.3","26.5","15.6","10.9","31.8","22.2","7.8","57","18.5","-5.5","44.2","38.7","90.2","21.9","14.3","69.4","31.3","78.8","33.3","32.1","40.9","18.5"
"2026","Eugenio Suárez","CIN","308","0.70512821","0.88181818","0.25304136","0.53585657","0.64684015","0.40713706","0.23986486","0.32394366","0.24006488","0.15447154","0.05263158","0.09975669","0.204301075","Eugenio Suarez","12552","553993","Suárez, Eugenio","553993","2026","36.7","8.4","0.204","0.394","0.276","0.67","0.292","0.262","0.424","0.371","71.6","18.6","10.9","7.3","26.9","18","7.7","27","17.9","-4.7","47.6","39","88.5","20.7","10.5","64.2","31.1","78.5","35.2","35.9","30.5","24"
"2024","Evan Carter","TEX","162","0.64248705","0.91129032","0.29783951","0.36111111","0.71153846","0.44444444","0.14876033","0.33333333","0.1867284","0.02173913","0","0.07098765","0.1875","Evan Carter","27790","694497","Carter, Evan","694497","2024","26.5","9.3","0.188","0.361","0.272","0.633","0.278","0.282","0.326","0.333","70.9","15.4","13.3","10.4","30.8","24.2","7.1","2","5.8","-6.5","45.5","28.7","86","13.9","5.9","56.2","18.5","84.3","23.4","40.2","29.4","20.6"
"2025","Evan Carter","TEX","220","0.70781893","0.90116279","0.29562044","0.46388889","0.67664671","0.4379562","0.14723926","0.41666667","0.19829684","0.01785714","0","0.06812652","0.24742268","Evan Carter","27790","694497","Carter, Evan","694497","2025","18.6","8.6","0.247","0.392","0.336","0.728","0.321","0.308","0.345","0.327","69.9","8.2","13.7","10.4","37.3","28.5","7.2","8","8.6","-8.1","45.5","32.7","86.7","13.7","5.9","65.7","20.2","82.2","25.5","38.6","23.5","28.1"
"2026","Evan Carter","TEX","300","0.6969697","0.89130435","0.26612903","0.42248062","0.72477064","0.41612903","0.15172414","0.13636364","0.23387097","0.02884615","0","0.08387097","0.20318725","Evan Carter","27790","694497","Carter, Evan","694497","2026","23.7","13","0.203","0.351","0.319","0.67","0.303","0.3","0.328","0.322","71.5","21.7","12.5","8.9","29.6","20.9","7.1","11","7.8","-5.4","43.3","31.8","88","16.6","5.9","61.3","19.6","82.8","28.5","40.9","30.6","18.8"
"2023","Evan Longoria","ARI","237","0.64435146","0.86363636","0.25782093","0.47607053","0.74074074","0.42826321","0.22169811","0.40425532","0.22869471","0.08860759","0","0.08522114","0.222748815","Evan Longoria","9368","446334","Longoria, Evan","446334","2023","30.8","9.7","0.223","0.422","0.295","0.717","0.308","0.324","0.405","0.432","72","20","13.3","10","41","30.9","7.8","1","15.1","-4.8","53","37.7","92.2","15.6","10.6","58","29.2","79.1","29","38.3","33.3","24.1"
"2023","Everson Pereira","NYY","103","0.82","0.84146341","0.25773196","0.62195122","0.49019608","0.42268041","0.20253165","0.1875","0.20360825","0.08888889","0","0.11597938","0.150537634","Everson Pereira","23695","677592","Pereira, Everson","677592","2023","38.8","7.8","0.151","0.194","0.233","0.427","0.202","0.274","0.26","0.401","73.4","35","18.7","11.1","33.6","20","7.7","10","13.6","-0.5","59.8","30.1","91.9","10","7.5","78.1","26.6","66.7","43.1","47.2","22.6","26.4"
"2023","Ezequiel Duran","TEX","439","0.72768879","0.86477987","0.26372963","0.62979351","0.74941452","0.4091732","0.32493703","0.47286822","0.23958962","0.11724138","0.11764706","0.08750754","0.275862068","Ezequiel Duran","23733","677649","Duran, Ezequiel","677649","2023","27.3","5.2","0.276","0.443","0.324","0.767","0.33","0.32","0.43","0.415","73.4","37.8","11.7","8.5","25.1","18.2","7.4","8","8","1.1","47.2","27.4","90.1","14","8.7","72.4","37.7","80.1","28.5","39.8","23.2","29.4"
"2024","Ezequiel Duran","TEX","285","0.76377953","0.8814433","0.25148515","0.62703963","0.80669145","0.42475248","0.36595745","0.47674419","0.23267327","0.11956522","0","0.09108911","0.246268656","Ezequiel Duran","23733","677649","Duran, Ezequiel","677649","2024","22.1","4.9","0.246","0.321","0.288","0.609","0.27","0.258","0.319","0.303","72.5","25.1","12.3","9.6","29","22.5","7.2","10","6.3","1.2","45.3","25.7","87.1","8.9","3.4","74.2","39.5","86","24.7","47.6","24.3","21.4"
"2025","Ezequiel Duran","TEX","219","0.72522523","0.9068323","0.27509294","0.60670732","0.7638191","0.40644362","0.33701657","0.49180328","0.22428748","0.05263158","0.25","0.09417596","0.224390243","Ezequiel Duran","23733","677649","Duran, Ezequiel","677649","2025","25.1","3.7","0.224","0.293","0.266","0.559","0.249","0.247","0.303","0.3","71.5","17.1","11.9","9.1","28.8","21.9","7.2","4","6","-0.6","41.1","28.4","85.3","15.2","2.6","70.6","37.6","84.7","24.4","40.8","17.8","25"
"2026","Ezequiel Duran","TEX","373","0.70933333","0.89849624","0.26041667","0.58536585","0.75892857","0.39861111","0.35649547","0.53389831","0.22986111","0.10625","0.23529412","0.11111111","0.27138643","Ezequiel Duran","23733","677649","Duran, Ezequiel","677649","2026","22.8","7","0.271","0.451","0.323","0.774","0.334","0.309","0.404","0.368","72.7","26.9","12.4","9.4","28.3","21.4","7.1","12","6.3","2.9","42.9","28.4","88.6","11.6","6.6","68.5","37.3","84.1","26.2","46.2","21.9","25.4"
"2023","Ezequiel Tovar","COL","615","0.83669725","0.89473684","0.23799127","0.68214654","0.70045386","0.4231441","0.39962825","0.40465116","0.2349345","0.11344538","0.03703704","0.10393013","0.253012048","Ezequiel Tovar","24064","678662","Tovar, Ezequiel","678662","2023","27","4.1","0.253","0.408","0.287","0.695","0.298","0.29","0.389","0.377","71.9","21.2","12.6","8.6","29","19.8","7.4","8","9.2","-2.6","39.1","37.5","88","12.6","8.1","79.9","42.1","80.9","31.3","43.1","26.4","26.2"
"2024","Ezequiel Tovar","COL","695","0.86771654","0.84392015","0.25238474","0.71622935","0.69335142","0.40898251","0.41267123","0.40248963","0.23211447","0.11567164","0.09677419","0.10651828","0.26870229","Ezequiel Tovar","24064","678662","Tovar, Ezequiel","678662","2024","28.8","3.3","0.269","0.469","0.295","0.764","0.324","0.291","0.444","0.395","71.2","18.7","11.7","8","30.4","20.7","7.5","17","10.4","-2","47.4","36","88.8","18.9","9","82.1","44.1","78.1","33.5","34.5","33.6","24.6"
"2025","Ezequiel Tovar","COL","390","0.82245431","0.85079365","0.26072158","0.72123177","0.71685393","0.42001361","0.36075949","0.35964912","0.21511232","0.08496732","0.23076923","0.10415248","0.252777777","Ezequiel Tovar","24064","678662","Tovar, Ezequiel","678662","2025","25.1","5.4","0.253","0.4","0.294","0.694","0.301","0.319","0.379","0.407","71.6","19","13.1","9.1","26.7","18.6","7.5","7","10.8","0.7","52.3","36.2","89.4","16.4","9.3","82.7","41","79.5","31.4","35.6","27.4","31.5"
"2026","Ezequiel Tovar","COL","369","0.84345048","0.86742424","0.23358209","0.7201426","0.77970297","0.41865672","0.43217666","0.49635036","0.23656716","0.14765101","0","0.11119403","0.197640117","Ezequiel Tovar","24064","678662","Tovar, Ezequiel","678662","2026","25.7","5.7","0.198","0.322","0.245","0.567","0.249","0.27","0.302","0.333","72.1","21.4","9.4","6.6","25.3","17.7","7.6","13","10.7","-2.2","47.9","35.2","87.3","17","6.4","81.9","45","78.8","29.6","38.2","30.7","23.1"
"2023","Fernando Tatis Jr.","SDP","635","0.87912088","0.82916667","0.23383298","0.6097561","0.712","0.43897216","0.25457875","0.38129496","0.23383298","0.08256881","0.11111111","0.09336188","0.257391304","Fernando Tatis Jr.","19709","665487","Tatis Jr., Fernando","665487","2023","22.2","8.3","0.257","0.449","0.322","0.771","0.332","0.364","0.392","0.439","72.9","29.9","18.6","13.2","35.6","25.2","7.4","24","11.8","-0.7","63.7","30.5","91.9","11","11","78.8","32.3","77.4","30.5","47.7","25.1","21.2"
"2024","Fernando Tatis Jr.","SDP","438","0.80835381","0.86018237","0.26241135","0.54661017","0.74935401","0.45647969","0.22829582","0.22535211","0.2005158","0.048","0.16666667","0.08059317","0.276381909","Fernando Tatis Jr.","19709","665487","Tatis Jr., Fernando","665487","2024","21.9","7.3","0.276","0.492","0.34","0.832","0.359","0.39","0.429","0.475","74.7","47.7","22.5","17","37.4","28.1","7.3","29","10.4","1.6","57.9","31.4","93.5","10","14.6","74.5","28.3","80.5","28.1","46.2","26.1","24.1"
"2025","Fernando Tatis Jr.","SDP","691","0.80774963","0.84317343","0.25455235","0.48157895","0.75045537","0.43247344","0.16295026","0.29473684","0.22116844","0.04958678","0","0.09180577","0.267676767","Fernando Tatis Jr.","19709","665487","Tatis Jr., Fernando","665487","2025","18.7","12.9","0.268","0.446","0.368","0.814","0.353","0.37","0.387","0.412","73.9","42.3","22.3","16.7","37.4","28","7.3","32","8.2","1.3","55.9","29.8","93.3","9.4","11","70.3","24.5","82.3","27","49","25.3","19.9"
"2026","Fernando Tatis Jr.","SDP","473","0.75903614","0.93015873","0.24556213","0.52521008","0.696","0.42248521","0.21782178","0.34090909","0.23905325","0.06369427","0.1","0.09289941","0.285714285","Fernando Tatis Jr.","19709","665487","Tatis Jr., Fernando","665487","2026","20.1","8.9","0.286","0.402","0.354","0.756","0.333","0.356","0.379","0.413","76.1","63.6","24","17.8","36.9","27.4","7.3","22","6.8","2.8","55.1","29.2","92.2","4.4","10.6","68.8","27.2","84.6","28.5","52","19.3","25.1"
"2023","Francisco Alvarez","NYM","423","0.75193798","0.8556701","0.23859433","0.5036075","0.68767908","0.42725031","0.21243523","0.34146341","0.23797781","0.04487179","0","0.09617756","0.209424083","Francisco Alvarez","26121","682626","Alvarez, Francisco","682626","2023","26","8","0.209","0.437","0.284","0.721","0.31","0.306","0.377","0.371","74.5","47.8","19.2","13.4","36.1","25.1","7.4","2","8.3","-1.8","54.6","29","90.1","12.5","12.8","65.8","26.2","77","31.8","44","31.9","15.8"
"2024","Francisco Alvarez","NYM","342","0.72011662","0.87044534","0.25770098","0.49740035","0.69686411","0.43350864","0.24584718","0.44594595","0.22614576","0.05454545","0.16666667","0.08264463","0.237012987","Francisco Alvarez","26121","682626","Alvarez, Francisco","682626","2024","25.1","8.8","0.237","0.403","0.307","0.71","0.31","0.297","0.374","0.355","73.5","37.2","16.4","12","31.2","22.8","7.2","8","3.8","-2.8","40.8","26.1","88.8","6.9","6.7","64.2","29.1","79.8","29.6","50.9","20.5","22.8"
"2025","Francisco Alvarez","NYM","277","0.72727273","0.80769231","0.25467498","0.49894292","0.69491525","0.42119323","0.22813688","0.33333333","0.23419412","0.0990099","0.2","0.08993767","0.25609756","Francisco Alvarez","26121","682626","Alvarez, Francisco","682626","2025","26.4","9.7","0.256","0.447","0.339","0.786","0.343","0.326","0.424","0.398","73.9","40.5","22.5","15.3","38.1","25.9","7.2","11","7.7","3.1","49.6","29.9","93.1","9.6","12.1","66.3","27.8","73.5","34.6","49.7","23.7","21.4"
"2026","Francisco Alvarez","NYM","267","0.65354331","0.85542169","0.2416746","0.55454545","0.70491803","0.41864891","0.276","0.44927536","0.2378687","0.10280374","0.09090909","0.1018078","0.258474576","Francisco Alvarez","26121","682626","Alvarez, Francisco","682626","2026","26.6","9.4","0.258","0.445","0.336","0.781","0.341","0.341","0.428","0.428","74.3","44.6","19.9","13.9","31.2","21.9","7.2","9","10.2","-0.6","59.3","29.2","90.3","10.4","16.3","63.5","32.7","78.9","32.9","46.4","25.3","21.7"
"2023","Francisco Lindor","NYM","687","0.76363636","0.88644689","0.2608537","0.53101105","0.7776","0.42940533","0.21626016","0.53383459","0.22437067","0.05128205","0.08333333","0.0853703","0.254152823","Francisco Lindor","12916","596019","Lindor, Francisco","596019","2023","19.9","9.6","0.254","0.47","0.336","0.806","0.346","0.346","0.388","0.388","70.9","14.6","15","12","35.6","28.4","7.5","2","10.8","-4.8","58.6","32.3","91.2","19.2","10.4","70.6","27.2","83.9","22.8","34.1","31.4","24.2"
"2024","Francisco Lindor","NYM","689","0.73966942","0.86964618","0.26760044","0.5372036","0.76864536","0.45079248","0.19894366","0.52212389","0.20936233","0.04081633","0.375","0.07224475","0.273462783","Francisco Lindor","12916","596019","Lindor, Francisco","596019","2024","18.4","8.1","0.273","0.5","0.344","0.844","0.363","0.381","0.411","0.436","72.4","23.5","18.1","13.9","37.2","28.5","7.6","13","13","-1.3","56.1","34.2","90.9","17","13.6","69.9","26.3","82.5","23.7","34.8","31.4","26.1"
"2025","Francisco Lindor","NYM","732","0.7012987","0.88552189","0.28809524","0.53322785","0.78931751","0.42993197","0.18945634","0.57391304","0.20646259","0.04054054","0.22222222","0.0755102","0.267080745","Francisco Lindor","12916","596019","Lindor, Francisco","596019","2025","17.9","8.9","0.267","0.466","0.346","0.812","0.35","0.345","0.386","0.379","70.9","16.3","14.3","11.5","34","27.2","7.5","14","11","-1.3","50.8","33.9","90.5","15.1","8.9","67.4","26.6","84.7","20.8","39","27.5","25"
"2026","Francisco Lindor","NYM","225","0.69458128","0.87943262","0.21504237","0.55012225","0.79555556","0.43326271","0.26808511","0.49206349","0.24894068","0.02061856","1","0.10275424","0.226130653","Francisco Lindor","12916","596019","Lindor, Francisco","596019","2026","16.9","10.7","0.226","0.412","0.316","0.728","0.32","0.354","0.335","0.382","72.6","25.3","14.1","10.9","34","26.3","7.6","9","13.8","-3.1","55.7","34.3","91.6","16.3","9.9","67.7","27.3","84.8","24","37.3","31.1","26.1"
"2023","Francisco Mejía","TBR","160","0.74100719","0.85436893","0.24090121","0.69230769","0.84795322","0.42807626","0.47286822","0.67213115","0.22357019","0.12903226","0.125","0.10745234","0.226666666","Francisco Mejia","16403","642336","Mejía, Francisco","642336","2023","23.8","3.8","0.227","0.4","0.258","0.658","0.28","0.242","0.347","0.294","67.8","0","15.8","12.5","31.6","25","7","0","10.5","-7.9","54.2","31.2","87.5","18.9","4.3","71.2","48.8","83.3","22.1","37.4","27","24.3"
"2023","Freddie Freeman","LAD","730","0.86231884","0.88067227","0.25063567","0.57216495","0.81681682","0.42281148","0.20962733","0.54814815","0.23392663","0.03137255","0.125","0.09262623","0.331240188","Freddie Freeman","5361","518692","Freeman, Freddie","518692","2023","16.6","9.9","0.331","0.567","0.41","0.977","0.411","0.406","0.463","0.457","70.4","11.2","14.3","11.9","30.6","25.6","6.7","7","7.4","2.5","40.7","43.6","90","15.2","11.2","76.2","26.8","85.7","20.4","35.9","29.6","30.9"
"2024","Freddie Freeman","LAD","638","0.79714739","0.87077535","0.2502975","0.57393715","0.81642512","0.42919476","0.19557823","0.66086957","0.23324078","0.02272727","0","0.08726696","0.282287822","Freddie Freeman","5361","518692","Freeman, Freddie","518692","2024","15.7","12.2","0.282","0.476","0.378","0.854","0.365","0.369","0.389","0.394","69.7","10","12.6","10.3","33.5","27.3","6.8","10","7.7","1.5","40.2","42.5","89.4","14.3","9.1","73.9","26.6","83.4","20.2","38.7","31.1","27.6"
"2025","Freddie Freeman","LAD","627","0.82018927","0.83076923","0.26616289","0.58894472","0.74744027","0.4177162","0.2176259","0.38016529","0.2334173","0.04568528","0","0.08270361","0.294964028","Freddie Freeman","5361","518692","Freeman, Freddie","518692","2025","20.4","9.6","0.295","0.502","0.367","0.869","0.37","0.35","0.435","0.407","69.8","8.4","15.6","11.8","35.4","26.7","6.9","13","10.5","1.1","46.3","43.1","90.9","14.3","10.4","76.2","28.4","78.6","27.3","41.6","29.1","25.4"
"2026","Freddie Freeman","LAD","455","0.81956522","0.87267905","0.24651661","0.58687259","0.81359649","0.41639871","0.23162584","0.57692308","0.24062165","0.03333333","0","0.09646302","0.301507537","Freddie Freeman","5361","518692","Freeman, Freddie","518692","2026","16.3","11","0.302","0.487","0.38","0.867","0.377","0.382","0.411","0.418","70.4","8.7","14.5","11.6","32.9","26.5","6.7","13","7.5","2.3","42.4","42.6","90.1","12.8","9.8","76.2","28.3","83.1","21.5","41.2","27.7","27.1"
"2023","Freddy Fermin","KCR","235","0.86752137","0.91625616","0.25407166","0.60340633","0.75403226","0.44625407","0.22","0.36363636","0.21715527","0.06578947","0","0.082519","0.28110599","Freddy Fermin","21840","666023","Fermin, Freddy","666023","2023","21.3","5.5","0.281","0.461","0.321","0.782","0.333","0.331","0.401","0.398","68.7","6.7","13.9","11.7","36.3","30.4","7.3","8","10.9","2.1","51","38.7","89.9","11.7","9.9","80.8","30","83.7","24.3","47.4","21.1","25.7"
"2024","Freddy Fermin","KCR","368","0.76839237","0.90425532","0.25592748","0.61888702","0.78474114","0.41352859","0.22807018","0.44871795","0.23849372","0.02272727","0","0.09205021","0.27138643","Freddy Fermin","21840","666023","Fermin, Freddy","666023","2024","17.9","6.3","0.271","0.366","0.319","0.685","0.3","0.281","0.338","0.313","70.7","9.8","11","8.8","32.7","26.1","7.5","21","10.4","-5.7","53","34.8","88.2","11.1","3.2","72.5","30.7","87.1","23","50.9","21.3","20.6"
"2025","Freddy Fermin","- - -","347","0.78337531","0.90675241","0.28893741","0.57885906","0.74202899","0.43377001","0.22382671","0.38709677","0.20160116","0.03846154","0","0.07569141","0.250783699","Freddy Fermin","21840","666023","Fermin, Freddy","666023","2025","19","5.5","0.25","0.338","0.296","0.634","0.28","0.27","0.32","0.307","69.5","5.3","10.9","8.6","33.2","26.3","7.3","21","9","-0.7","49.4","34.5","89.1","14.2","4.2","73.1","31.4","85","23.6","48.3","24.5","19.9"
"2026","Freddy Fermin","SDP","180","0.76923077","0.93076923","0.24074074","0.5686901","0.76966292","0.44586895","0.20512821","0.28125","0.22222222","0.078125","0.2","0.09116809","0.167741935","Freddy Fermin","21840","666023","Fermin, Freddy","666023","2026","19.4","9.4","0.168","0.277","0.26","0.537","0.246","0.261","0.242","0.263","69.9","6.4","7.7","6.1","29.6","23.4","7.6","9","13.1","-4","53.3","33.5","86.7","15.9","2.4","71.3","32.5","86.8","23.8","40.8","30.4","20.8"
"2023","Gabriel Arias","CLE","345","0.80628272","0.77597403","0.28401487","0.6405959","0.60465116","0.39925651","0.27741935","0.37209302","0.23048327","0.02586207","0.33333333","0.08624535","0.209523809","Gabriel Arias","22563","672356","Arias, Gabriel","672356","2023","32.8","8.1","0.21","0.352","0.275","0.627","0.276","0.305","0.369","0.418","74.9","47.3","18.7","11.7","30","18.8","7.5","10","7.1","3.8","46.3","29.2","91.1","3.7","9.9","76.8","33.4","71","37.7","52.7","20.7","22.7"
"2024","Gabriel Arias","CLE","161","0.85185185","0.80434783","0.28027682","0.67953668","0.5625","0.44809689","0.26271186","0.38709677","0.20415225","0.07692308","0","0.06747405","0.222222222","Gabriel Arias","22563","672356","Arias, Gabriel","672356","2024","32.9","3.7","0.222","0.353","0.255","0.608","0.263","0.279","0.372","0.397","74.4","46.8","15.1","9.4","25.9","16.1","7.6","8","8.2","0.9","44.4","28.4","89.7","5.6","7.9","80.1","40.1","71","38.4","51.5","15.8","26.7"
"2025","Gabriel Arias","CLE","471","0.82628062","0.75202156","0.25055804","0.65143603","0.59519038","0.42745536","0.32054176","0.42253521","0.24720982","0.09701493","0.30769231","0.07477679","0.219907407","Gabriel Arias","22563","672356","Arias, Gabriel","672356","2025","34.4","5.7","0.22","0.363","0.274","0.637","0.278","0.286","0.391","0.406","75.1","52.6","16.3","10","27.6","16.9","7.6","22","9.6","1.4","53.2","29.1","90.2","6.1","11.3","77.1","38.9","68.4","40.5","49.8","21.5","23.6"
"2026","Gabriel Arias","CLE","126","0.75206612","0.79120879","0.26133909","0.53658537","0.48181818","0.44276458","0.31632653","0.22580645","0.21166307","0.12820513","0","0.08423326","0.260504201","Gabriel Arias","22563","672356","Arias, Gabriel","672356","2026","41.3","5.6","0.261","0.412","0.302","0.714","0.309","0.284","0.514","0.47","74.4","44.7","20.3","11.4","31.7","17.8","7.4","7","9.9","3.8","48.2","31.9","91.3","4.6","10.4","68","37.6","68.9","46","55.2","17.9","22.4"
"2023","Gabriel Moreno","ARI","380","0.63028953","0.93286219","0.29080311","0.43909774","0.78767123","0.43069948","0.2133758","0.55223881","0.20336788","0.10344828","0.16666667","0.07512953","0.284457478","Gabriel Moreno","22664","672515","Moreno, Gabriel","672515","2023","19.7","7.6","0.284","0.408","0.339","0.747","0.325","0.316","0.37","0.358","70.2","13.4","16.5","14.3","35.4","30.7","7.1","3","7.4","8","40.4","35.2","89.8","4.2","4.8","57.4","26.3","88","19.7","55.3","16.5","26"
"2024","Gabriel Moreno","ARI","351","0.6323185","0.8962963","0.27890268","0.44035346","0.80936455","0.44350098","0.1863354","0.7","0.21032005","0.01941748","0","0.06727629","0.26557377","Gabriel Moreno","22664","672515","Moreno, Gabriel","672515","2024","14.8","11.7","0.266","0.38","0.353","0.733","0.325","0.329","0.331","0.337","70.5","12.8","14.8","12","35.6","28.9","7","7","6.7","7","43.6","34","90","8.8","6.6","59.2","21.6","85","18.5","49.6","21.1","23.8"
"2025","Gabriel Moreno","ARI","309","0.61832061","0.90534979","0.29908676","0.48233216","0.84615385","0.43074581","0.21268657","0.57894737","0.20395738","0.04597701","0","0.06621005","0.285198555","Gabriel Moreno","22664","672515","Moreno, Gabriel","672515","2025","17.2","9.4","0.285","0.433","0.353","0.786","0.34","0.346","0.377","0.385","70.9","15.8","13.5","11.4","36.8","31.1","6.9","9","8.2","4.4","50.8","33.8","90.4","14.4","7.1","60.7","25.9","87.4","18","39.4","26.1","28.8"
"2026","Gabriel Moreno","ARI","336","0.55621302","0.93617021","0.23358673","0.50167224","0.87333333","0.41326883","0.27548209","0.74","0.25086386","0.09459459","0.35714286","0.10228058","0.307692307","Gabriel Moreno","22664","672515","Moreno, Gabriel","672515","2026","14.9","11.9","0.308","0.455","0.39","0.845","0.37","0.378","0.387","0.399","71.5","21.7","14.3","12.2","34.1","29.2","7","10","8.3","3","42.6","34.2","89.6","11.4","7.9","54.1","30.6","90.3","15.9","44","24.7","26.3"
"2023","Garrett Cooper","- - -","457","0.69584245","0.85220126","0.25137514","0.59658344","0.74669604","0.41859186","0.34945055","0.44025157","0.25027503","0.14482759","0.14285714","0.07975798","0.251184834","Garrett Cooper","15279","643265","Cooper, Garrett","643265","2023","28.9","6.8","0.251","0.419","0.304","0.723","0.313","0.317","0.41","0.418","73.8","37.9","13.7","9.9","21.6","15.5","7.7","8","9.9","-0.2","46.3","40.6","89","13.3","10.3","67.1","39.5","79.8","30.7","42.8","25.3","28.1"
"2024","Garrett Cooper","- - -","116","0.65765766","0.84931507","0.24666667","0.4729064","0.73958333","0.45111111","0.35238095","0.54054054","0.23333333","0.12903226","0","0.06888889","0.205607476","Garrett Cooper","15279","643265","Cooper, Garrett","643265","2024","30.2","6","0.206","0.299","0.267","0.566","0.253","0.327","0.321","0.439","72.8","26.4","10.1","7.3","28.7","20.8","7.7","3","10","1.3","49.7","42","85.9","12.7","9.7","57.7","36.7","80.5","29.5","38.9","30.6","26.4"
"2023","Garrett Hampson","MIA","252","0.62007168","0.86127168","0.28615385","0.47115385","0.72959184","0.42666667","0.18137255","0.45945946","0.20923077","0.05263158","0","0.07794872","0.276018099","Garrett Hampson","19262","641658","Hampson, Garrett","641658","2023","26.6","9.1","0.276","0.38","0.349","0.729","0.323","0.292","0.399","0.35","67.4","0.6","11.6","8.9","39.7","30.4","6.8","5","9.9","0.9","48.4","31.5","86.6","11.8","3.2","59.4","25.6","83.2","26.3","45.3","22.6","27"
"2024","Garrett Hampson","KCR","231","0.69433962","0.88043478","0.30011325","0.47727273","0.76719577","0.44847112","0.20625","0.42424242","0.18120045","0.03225806","0","0.07021518","0.230046948","Garrett Hampson","19262","641658","Hampson, Garrett","641658","2024","25.5","6.1","0.23","0.3","0.275","0.575","0.255","0.252","0.313","0.308","69","2.6","10","7.8","31","24.2","7","4","10.5","-2.5","55.5","31.6","86","16.1","4.4","66","26.5","84.2","22.9","38.6","29.7","22.8"
"2024","Garrett Mitchell","MIL","224","0.77922078","0.81111111","0.25925926","0.46365915","0.62162162","0.44781145","0.11764706","0.09090909","0.20987654","0.01351351","0","0.08305275","0.25510204","Garrett Mitchell","27555","669003","Mitchell, Garrett","669003","2024","31.7","11.2","0.255","0.469","0.342","0.811","0.351","0.311","0.48","0.409","75.7","58.3","17.2","11.1","27.1","17.5","7.4","9","10.6","4.3","58.3","33.6","88.8","2.8","8.7","68.8","17.5","73","34.8","56.7","16.5","24.4"
"2026","Garrett Mitchell","MIL","354","0.696","0.84291188","0.26352776","0.48557692","0.60066007","0.43851019","0.16504854","0.15686275","0.21714687","0.05217391","0","0.08081518","0.266233766","Garrett Mitchell","27555","669003","Mitchell, Garrett","669003","2026","31.9","11.6","0.266","0.435","0.357","0.792","0.348","0.351","0.471","0.476","77.4","78.2","21.1","13.9","31","20.4","7.2","17","9.7","6.9","60.8","30.8","92.5","2.9","13.7","66.4","22.8","75","36.8","54.8","17.8","24.9"
"2023","Garrett Stubbs","PHI","125","0.67153285","0.88043478","0.27620968","0.4952381","0.81730769","0.4233871","0.2173913","0.32","0.23185484","0.05882353","0","0.06854839","0.203539823","Garrett Stubbs","18067","596117","Stubbs, Garrett","596117","2023","23.2","7.2","0.204","0.283","0.274","0.557","0.252","0.207","0.28","0.213","67.5","2","5.7","4.9","33.3","28.4","7","2","10.6","-7.9","59.2","27.4","83.4","22.4","0","63.2","31.1","85.6","22.8","42.4","21.2","15.3"
"2024","Garrett Stubbs","PHI","187","0.68348624","0.89932886","0.2922252","0.5451505","0.7607362","0.40080429","0.24712644","0.39534884","0.23324397","0.03636364","0.5","0.07372654","0.207317073","Garrett Stubbs","18067","596117","Stubbs, Garrett","596117","2024","26.7","9.1","0.207","0.262","0.296","0.558","0.258","0.249","0.29","0.276","66.6","1.6","1.7","1.3","23.4","18","7.1","6","11.1","-8.5","54.2","28.3","79.7","19.4","0","67","32.7","84.1","24.9","33.9","26.1","29.6"
"2023","Gary Sánchez","- - -","267","0.62046205","0.89361702","0.27772686","0.47356828","0.69767442","0.41613199","0.19004525","0.45238095","0.20256645","0.09734513","0","0.1035747","0.216666666","Gary Sanchez","11442","596142","Sánchez, Gary","596142","2023","25.1","7.9","0.217","0.492","0.288","0.78","0.329","0.342","0.403","0.422","73.2","33.5","18.6","14.4","33.8","26.1","7.4","4","11.7","-5.2","61.8","30.2","90.1","16.5","15.4","58","26.3","83.5","27.6","41.1","33.1","15.4"
"2024","Gary Sánchez","MIL","280","0.63602941","0.84971098","0.23488774","0.4442344","0.71489362","0.45682211","0.22053232","0.39655172","0.22711572","0.05319149","0.4","0.08117444","0.220408163","Gary Sanchez","11442","596142","Sánchez, Gary","596142","2024","27.1","9.6","0.22","0.392","0.307","0.699","0.307","0.315","0.371","0.383","73","31.6","15.7","11.4","35.2","25.4","7.4","13","11.6","-7","60.6","30","90","16.2","10.5","55.3","26.8","79.1","30.4","40.1","31.4","21.5"
"2025","Gary Sánchez","BAL","101","0.62393162","0.8630137","0.28467153","0.48022599","0.8","0.43065693","0.17721519","0.14285714","0.19221411","0.05263158","0","0.09245742","0.23076923","Gary Sanchez","11442","596142","Sánchez, Gary","596142","2025","26.7","4","0.231","0.418","0.297","0.715","0.311","0.315","0.385","0.393","72.9","33.1","21.1","15.5","36.7","27","7.6","3","13.1","-7.5","62.7","29.4","93.3","18.4","10.9","59.8","24.3","84","26.7","41.5","30.8","15.4"
"2026","Gary Sánchez","MIL","193","0.57560976","0.87288136","0.25721455","0.37910448","0.78740157","0.42032622","0.15846995","0.34482759","0.22961104","0.02702703","0","0.09284818","0.214285714","Gary Sanchez","11442","596142","Sánchez, Gary","596142","2026","18.1","18.7","0.214","0.422","0.368","0.79","0.353","0.36","0.346","0.358","71.7","24.3","18.5","13.8","38.6","28.7","7.3","7","11.1","-4.6","60.2","29.2","88.5","16.2","8.3","52.8","19.5","82.9","25.1","38.3","28.3","20.8"
"2024","Gavin Lux","LAD","487","0.74108818","0.88860759","0.27488396","0.48383085","0.77634961","0.41464673","0.18779343","0.475","0.21970088","0.05113636","0.11111111","0.09076844","0.250569476","Gavin Lux","19955","666158","Lux, Gavin","666158","2024","22.6","9","0.251","0.383","0.32","0.703","0.31","0.319","0.36","0.373","71.2","15.5","13.8","10.9","32.6","25.6","7.3","18","10.1","3.8","47.4","33.2","88.3","9.1","6.1","67","23.1","82.6","23.3","48.6","19.3","26.6"
"2025","Gavin Lux","CIN","503","0.69373942","0.9195122","0.2880117","0.48284024","0.76470588","0.41179337","0.11688312","0.38888889","0.2251462","0.01298701","0","0.07504873","0.269058295","Gavin Lux","19955","666158","Lux, Gavin","666158","2025","22.7","11.1","0.269","0.374","0.35","0.724","0.322","0.299","0.371","0.335","69.5","5.1","12","9.7","34.4","27.9","7.4","32","11.4","2.3","45.2","33.3","88.3","9.6","3.6","65.1","19.4","86.2","21.6","47.1","22.5","27.6"
"2023","Gavin Sheets","CHW","344","0.73607038","0.89641434","0.23997185","0.54377104","0.81114551","0.41801548","0.26608187","0.59340659","0.24067558","0.0625","0.22222222","0.10133709","0.202572347","Gavin Sheets","19901","657757","Sheets, Gavin","657757","2023","19.2","8.1","0.203","0.331","0.267","0.598","0.261","0.27","0.283","0.295","72.7","21.6","8.8","7.2","27.5","22.5","7.7","2","8.5","-9.2","53.1","30","88.1","16.9","5.2","67.9","30","85.8","21.7","37.8","26.1","23.7"
"2024","Gavin Sheets","CHW","501","0.66798419","0.88461538","0.24245328","0.51208791","0.80472103","0.43603258","0.29645094","0.6056338","0.22951605","0.08854167","0.11764706","0.09199808","0.232815964","Gavin Sheets","19901","657757","Sheets, Gavin","657757","2024","21.2","8.6","0.233","0.357","0.303","0.66","0.291","0.313","0.327","0.359","72.6","29.5","12.6","10.1","28","22.4","7.6","27","6.9","-6.1","44.2","29.5","87.8","13.5","5.8","62.5","32.3","83.8","23","37.1","23","31.6"
"2025","Gavin Sheets","SDP","545","0.62705667","0.87755102","0.24001755","0.52324431","0.79206049","0.44361562","0.25142857","0.54545455","0.23036419","0.06122449","0.25","0.08600263","0.25203252","Gavin Sheets","19901","657757","Sheets, Gavin","657757","2025","19.6","8.1","0.252","0.429","0.317","0.746","0.323","0.34","0.366","0.39","74.8","51.8","17.7","14.2","31.4","25.1","7.7","20","8.4","-7.4","53.9","27.5","89.9","14","9.6","59.5","31.4","85.2","23","37.3","24.4","29"
"2026","Gavin Sheets","SDP","360","0.5753012","0.89005236","0.21899736","0.49848485","0.87234043","0.4353562","0.30585106","0.6","0.24802111","0.07432432","0.27272727","0.09762533","0.214743589","Gavin Sheets","19901","657757","Sheets, Gavin","657757","2026","20.8","11.7","0.215","0.397","0.314","0.711","0.315","0.315","0.34","0.34","74.4","46.5","11.3","9.4","25.2","20.9","7.7","18","7.9","-5.7","50","28.5","87.8","13","6.7","57","30.9","89","20.1","44.8","23.4","21.8"
"2023","George Springer","TOR","683","0.81372549","0.89845095","0.28243671","0.52866242","0.75215146","0.43473101","0.15414258","0.45","0.20530063","0.02040816","0.25","0.07753165","0.257748776","George Springer","12856","543807","Springer, George","543807","2023","18.3","8.8","0.258","0.405","0.327","0.732","0.32","0.33","0.352","0.367","72.6","24.4","11.6","9.1","27.3","21.5","7.5","7","9.9","-0.9","52.9","31.7","88.3","12","7.8","73.4","23","84.2","22.3","44.8","25.9","22.4"
"2024","George Springer","TOR","614","0.83094099","0.86756238","0.27320261","0.52361809","0.74088292","0.4335512","0.15768463","0.36708861","0.21830065","0.04069767","0.14285714","0.07494553","0.220183486","George Springer","12856","543807","Springer, George","543807","2024","18.7","9.8","0.22","0.371","0.303","0.674","0.298","0.325","0.318","0.356","71.9","22.2","15.2","11.6","33.1","25.4","7.4","24","10.7","1.1","52.2","33.9","87.5","9.4","9.3","73.1","23.6","81.5","25.3","49.8","22.2","22.2"
"2025","George Springer","TOR","586","0.79012346","0.86914063","0.28088427","0.48490946","0.70746888","0.43086259","0.13457557","0.44615385","0.20936281","0.03846154","0","0.07889033","0.309236947","George Springer","12856","543807","Springer, George","543807","2025","18.9","11.8","0.309","0.56","0.399","0.959","0.408","0.404","0.469","0.464","73.8","40.2","18.4","13.8","32.7","24.5","7.5","13","13.1","-0.2","58.1","35.2","90","17.2","16.2","71.1","20.5","79.6","26.1","37.9","28.4","25.6"
"2026","George Springer","TOR","344","0.78236915","0.94366197","0.26535088","0.56529517","0.75","0.40862573","0.14836795","0.36","0.24634503","0.05504587","0.16666667","0.07967836","0.234323432","George Springer","12856","543807","Springer, George","543807","2026","18.6","9.9","0.234","0.403","0.317","0.72","0.318","0.312","0.344","0.336","73","32.4","13.4","10.7","29.4","23.4","7.5","18","9.5","-0.1","55.9","33.9","88.6","13.2","7.9","73.2","24.1","86.4","22.7","44.2","26.3","21.3"
"2023","Geraldo Perdomo","ARI","495","0.61962134","0.94444444","0.28149225","0.41860465","0.82010582","0.4375","0.0993228","0.59090909","0.21463178","0.02189781","0","0.06637597","0.245700245","Geraldo Perdomo","22799","672695","Perdomo, Geraldo","672695","2023","17.4","12.9","0.246","0.359","0.353","0.712","0.319","0.277","0.323","0.261","65.6","2.5","4.1","3.5","42","36","6.7","12","9.7","-1.6","47.8","35.8","85.7","16.4","0.9","59.5","17.2","89.4","15.1","41.3","27.1","23.3"
"2024","Geraldo Perdomo","ARI","388","0.65258216","0.95683453","0.27307692","0.40735695","0.87959866","0.47051282","0.10963455","0.60606061","0.19294872","0.02020202","0.5","0.06346154","0.272997032","Geraldo Perdomo","22799","672695","Perdomo, Geraldo","672695","2024","14.9","9.3","0.273","0.374","0.344","0.718","0.317","0.287","0.331","0.291","66.8","2.2","7.6","6.6","38.3","33.5","6.8","11","8.6","-1.3","49.9","35.1","87","16.9","3.1","59.1","19.3","92.2","12.2","44","25.1","21.6"
"2025","Geraldo Perdomo","ARI","720","0.62798265","0.9447323","0.30661789","0.4015748","0.88235294","0.42234786","0.13548387","0.66666667","0.20618557","0.02564103","0.2","0.06484869","0.289782244","Geraldo Perdomo","22799","672695","Perdomo, Geraldo","672695","2025","11.5","13.1","0.29","0.462","0.389","0.851","0.37","0.356","0.365","0.346","68.2","4.6","10.4","9.3","36.3","32.5","6.9","21","7.3","-1.6","49.9","35.4","87.6","15.5","6.2","57.1","19.1","92.1","12","39.8","26.5","25.5"
"2026","Geraldo Perdomo","ARI","454","0.6","0.93069307","0.26578947","0.43053817","0.89534884","0.42052632","0.16058394","0.68181818","0.21631579","0.02702703","0.4","0.09736842","0.228494623","Geraldo Perdomo","22799","672695","Perdomo, Geraldo","672695","2026","12.3","15","0.228","0.352","0.35","0.702","0.319","0.325","0.289","0.297","67","1.1","7.4","6.5","38.8","34.2","7","13","9.1","-1.7","54.6","37.7","87.1","14.8","3.1","56.5","21.1","91.2","12.4","42.9","27.3","25.2"
"2023","Giancarlo Stanton","NYY","415","0.68719212","0.77060932","0.23618383","0.47090663","0.71551724","0.42990111","0.22029703","0.33707865","0.23502036","0.08823529","0","0.09889471","0.191374663","Giancarlo Stanton","4949","519317","Stanton, Giancarlo","519317","2023","29.9","9.9","0.191","0.42","0.275","0.695","0.297","0.326","0.38","0.429","81","96.6","21.5","14.5","24.2","16.4","8.5","8","8.4","-0.3","56.5","27.8","93.3","12.5","15.8","60.3","27.2","76","34.1","42.7","26.2","22.2"
"2024","Giancarlo Stanton","NYY","459","0.66219239","0.7972973","0.24439584","0.55470738","0.71330275","0.42974303","0.26213592","0.33333333","0.2252597","0.08152174","0","0.10060142","0.232613908","Giancarlo Stanton","4949","519317","Stanton, Giancarlo","519317","2024","31.2","8.3","0.233","0.475","0.298","0.773","0.33","0.354","0.451","0.492","81.2","98.6","27.4","18.6","29.7","20.1","8.6","13","8.7","-2.6","60.7","26.1","94.6","14.7","20.9","63.7","31","74.9","34.4","38.8","25.4","24.3"
"2025","Giancarlo Stanton","NYY","281","0.61858974","0.77720207","0.25700165","0.46332046","0.6625","0.42668863","0.22535211","0.296875","0.2339374","0.06","0","0.08237232","0.273092369","Giancarlo Stanton","4949","519317","Stanton, Giancarlo","519317","2025","34.2","10.3","0.273","0.594","0.35","0.944","0.395","0.354","0.589","0.516","80.6","97.1","26.1","16.5","29.9","18.9","8.8","4","10.4","-3.9","62.1","27.9","94.4","17.5","22.1","58.1","25.5","72.2","37.4","35.1","31.2","22.7"
"2023","Gio Urshela","LAA","228","0.76923077","0.91111111","0.26560726","0.61081081","0.87610619","0.4199773","0.35164835","0.5625","0.20658343","0.13684211","0.15384615","0.10783201","0.29906542","Gio Urshela","10681","570482","Urshela, Gio","570482","2023","15.8","4.4","0.299","0.374","0.329","0.703","0.307","0.292","0.344","0.325","null","null","null","null","null","null","null","null","null","null","null","null","87.5","8.6","3.9","74.1","36.8","88.6","18.8","48.6","24.3","25.4"
"2024","Gio Urshela","- - -","461","0.76972281","0.86980609","0.2778436","0.59914408","0.85238095","0.41528436","0.33421751","0.65079365","0.22334123","0.08510638","0.08333333","0.08353081","0.25","Gio Urshela","10681","570482","Urshela, Gio","570482","2024","15.6","5","0.25","0.361","0.286","0.647","0.281","0.307","0.311","0.344","68.2","4.1","9.1","7.4","35.6","28.8","7.1","10","9.3","5","49.5","35","86.4","10.5","5","72.7","36.4","84.2","20.3","46.6","19.7","29"
"2025","Gio Urshela","ATH","197","0.76041667","0.82876712","0.26815642","0.6137931","0.7752809","0.40502793","0.36571429","0.421875","0.24441341","0.16949153","0.3","0.08240223","0.23756906","Gio Urshela","10681","570482","Urshela, Gio","570482","2025","20.3","6.6","0.238","0.326","0.287","0.613","0.271","0.286","0.309","0.33","68.6","5.4","10.8","7.6","36.4","25.7","7.2","11","10.9","3.6","58.8","36.1","86.9","10.6","2.1","73.2","39.6","78.1","30.1","47.9","18.1","28.5"
"2023","Gleyber Torres","NYY","672","0.73177843","0.89243028","0.25916131","0.54328622","0.76747967","0.42765395","0.19101124","0.6302521","0.23536079","0.00970874","0.5","0.07782395","0.273489932","Gleyber Torres","16997","650402","Torres, Gleyber","650402","2023","14.6","10","0.273","0.453","0.347","0.8","0.346","0.363","0.364","0.387","71.5","22.3","18.1","14.5","37.7","30.3","7.3","13","10.9","1.9","56.8","34.4","89.7","15.1","8","69.1","25.9","83.7","21.8","38.9","30.6","24.8"
"2024","Gleyber Torres","NYY","665","0.75162549","0.8633218","0.27337362","0.51051304","0.76771005","0.42268041","0.15448505","0.59139785","0.2140064","0.01976285","0","0.08993957","0.257240204","Gleyber Torres","16997","650402","Torres, Gleyber","650402","2024","20.5","9.8","0.257","0.378","0.33","0.708","0.313","0.314","0.349","0.351","70.1","8.9","10","7.9","32.6","25.8","7.2","21","8.4","5.3","51.9","34.5","88.6","15","6.3","69.3","21.4","81.3","22.9","36.9","29.9","26.9"
"2025","Gleyber Torres","DET","628","0.74248927","0.91714836","0.26357466","0.43496985","0.78613861","0.43778281","0.09769094","0.47272727","0.21229261","0.00873362","0","0.08634992","0.255639097","Gleyber Torres","16997","650402","Torres, Gleyber","650402","2025","16.1","13.5","0.256","0.387","0.358","0.745","0.332","0.363","0.335","0.38","70.1","11.7","14.7","12","36.1","29.4","7.2","17","9.4","4.1","56.4","34.1","90","14.3","8.2","64.9","17.1","85.1","19.5","38.4","30.6","26"
"2026","Gleyber Torres","DET","227","0.75217391","0.89595376","0.24134313","0.43779904","0.74863388","0.4386149","0.11261261","0.48","0.23294858","0.02409639","0.5","0.08709339","0.269841269","Gleyber Torres","16997","650402","Torres, Gleyber","650402","2026","19.8","15","0.27","0.392","0.383","0.775","0.348","0.333","0.37","0.348","67.9","2.6","6.9","5.4","36.9","28.9","7","5","7.9","8.3","52.4","34.8","85.8","9","7.5","63.8","17.8","82.5","23.1","43.8","27.4","26"
"2025","Graham Pauley","MIA","184","0.71666667","0.85271318","0.26431718","0.51815182","0.79617834","0.44493392","0.22222222","0.29411765","0.2246696","0.06666667","0","0.0660793","0.223602484","Graham Pauley","31363","688363","Pauley, Graham","688363","2025","19.6","11.4","0.224","0.366","0.311","0.677","0.3","0.299","0.321","0.319","69.6","6","11.4","8.5","34.6","25.7","7.1","13","8.8","-4.8","55.2","28.7","86.6","17.3","5.5","67.1","27.8","80.9","26.9","38.6","26","23.6"
"2026","Graham Pauley","MIA","103","0.67961165","0.91428571","0.23897912","0.5","0.86956522","0.42691415","0.26605505","0.31034483","0.25290023","0.05714286","0","0.0812065","0.175257731","Graham Pauley","31363","688363","Pauley, Graham","688363","2026","24.3","4.9","0.175","0.289","0.216","0.505","0.223","0.21","0.267","0.249","71.7","17.3","7.3","5.8","26.3","20.8","7.4","4","14.5","-7.9","53.2","29.3","84.1","22.5","4.1","64.7","26.8","87.1","22.8","34.2","32.9","19.2"
"2024","Grant McCray","SFG","130","0.81428571","0.78070175","0.26974952","0.5619469","0.56692913","0.43545279","0.25862069","0.06666667","0.22350674","0.08108108","0","0.07129094","0.201612903","Grant McCray","25690","687529","McCray, Grant","687529","2024","43.1","4.6","0.202","0.379","0.238","0.617","0.266","0.254","0.447","0.425","72.6","25.4","12.3","6.9","24.6","13.8","7.2","6","7.8","0.6","37.9","35.2","90.2","5.4","11.8","73.1","32.2","67.4","43.6","50","26.5","20.6"
"2026","Griffin Conine","MIA","127","0.76724138","0.84269663","0.23966942","0.60103627","0.65517241","0.39876033","0.3495935","0.18604651","0.25413223","0","null","0.10743802","0.276785714","Griffin Conine","21626","665052","Conine, Griffin","665052","2026","29.1","10.2","0.277","0.563","0.362","0.925","0.396","0.386","0.53","0.513","74","42.6","22.1","14.3","31.7","20.6","7.5","6","14.2","-1.4","45.5","28.1","90.9","5.3","16","71.3","34.2","78","36.1","50.7","22.7","24"
"2023","Gunnar Henderson","BAL","622","0.75198728","0.85623679","0.26153846","0.51140684","0.7472119","0.43742204","0.20190476","0.40566038","0.21829522","0.04020101","0","0.08274428","0.255357142","Gunnar Henderson","26289","683002","Henderson, Gunnar","683002","2023","25.6","9","0.255","0.489","0.325","0.814","0.346","0.347","0.431","0.433","75.4","57.1","20.3","16.1","32.5","25.7","7.3","4","10.1","2.8","48.8","33","92","11.4","11.4","66.7","26.6","79.7","26.4","45.8","26.5","23.3"
"2024","Gunnar Henderson","BAL","719","0.74626866","0.88363636","0.25448895","0.4797136","0.75621891","0.43404696","0.17725258","0.44166667","0.23377072","0.03555556","0","0.07769337","0.28095238","Gunnar Henderson","26289","683002","Henderson, Gunnar","683002","2024","22.1","10.8","0.281","0.529","0.364","0.893","0.381","0.375","0.454","0.444","76.2","63.8","22.7","17.8","32.1","25.1","7.2","20","8.1","3.3","46.9","30.5","92.8","9.2","11.2","66.7","23.2","82.5","24.4","47.4","23.6","24.6"
"2025","Gunnar Henderson","BAL","651","0.72781065","0.89430894","0.27007591","0.51981567","0.7464539","0.43347982","0.20315236","0.40517241","0.22812625","0.0877193","0.26666667","0.06831802","0.273830155","Gunnar Henderson","26289","683002","Henderson, Gunnar","683002","2025","21","9.5","0.274","0.438","0.349","0.787","0.339","0.341","0.394","0.396","75.3","53.4","20.3","15.7","32.4","25.1","7.3","21","8.5","0.9","51","29","92.1","9.5","8.6","67.6","27.7","83.5","25.1","48.5","18.9","25.8"
"2026","Gunnar Henderson","BAL","496","0.718107","0.88825215","0.25259875","0.58655044","0.80679406","0.41735967","0.26558891","0.4173913","0.22505198","0.04455446","0.11111111","0.1049896","0.21875","Gunnar Henderson","26289","683002","Henderson, Gunnar","683002","2026","23.4","7.7","0.219","0.395","0.29","0.685","0.3","0.303","0.35","0.355","74.4","44.3","14.6","11.3","29.1","22.5","7.3","16","10.3","-0.2","48.7","31.7","89.4","11.8","7.2","67.1","31.8","85.6","24.1","45.8","26.3","20.7"
"2026","Hao-Yu Lee","DET","196","0.75531915","0.8943662","0.27851852","0.54609929","0.68181818","0.41777778","0.23076923","0.33333333","0.23111111","0.04081633","0","0.07259259","0.27173913","Hao-Yu Lee","30080","701678","Lee, Hao-Yu","701678","2026","25","4.6","0.272","0.435","0.303","0.738","0.318","0.289","0.407","0.366","71","19","15","11.2","39.1","29.2","7","7","8.2","4.1","56.9","24.5","89.1","14.4","9.4","67.3","32.3","82.7","28.9","36.2","28.3","28.3"
"2023","Harold Castro","COL","270","0.74261603","0.89772727","0.23843058","0.6119403","0.7456446","0.47183099","0.37387387","0.44578313","0.22334004","0.18181818","0","0.06639839","0.251937984","Harold Castro","14691","605612","Castro, Harold","605612","2023","24.4","3.3","0.252","0.314","0.275","0.589","0.258","0.264","0.326","0.334","66.4","1.3","4.5","3.2","30.6","22.1","6.5","1","11.2","2.1","50.3","43.8","86.2","10","3.1","71.1","43.1","82","28.6","46.7","24.1","27.7"
"2023","Harold Ramírez","TBR","434","0.73170732","0.86296296","0.2359335","0.67665615","0.75524476","0.40537084","0.4155496","0.52258065","0.23849105","0.15957447","0.33333333","0.1202046","0.3125","Harold Ramirez","14387","623912","Ramírez, Harold","623912","2023","18.2","5.1","0.313","0.46","0.353","0.813","0.349","0.318","0.404","0.363","72.3","30.3","15.8","12.1","31.5","24.1","7.3","4","1.5","0.8","32.4","34.8","89.1","6.1","4.6","72","43.7","82.4","28.1","55.4","19.3","20.8"
"2024","Harold Ramírez","- - -","246","0.69194313","0.84246575","0.24031891","0.66295265","0.73109244","0.40888383","0.43612335","0.49494949","0.25854214","0.12345679","0.3","0.09225513","0.260504201","Harold Ramirez","14387","623912","Ramírez, Harold","623912","2024","20.3","2","0.261","0.324","0.28","0.604","0.265","0.256","0.319","0.309","71.7","28.2","11.6","8.1","36.1","25.4","7.3","5","0.6","1.5","24.3","35.3","87","-0.2","3.2","68.7","45.3","79.9","31.4","60.8","13.2","22.8"
"2023","Harrison Bader","- - -","344","0.7125","0.90350877","0.25848142","0.51527495","0.75889328","0.39660743","0.33333333","0.56880734","0.2641357","0.1","0.1","0.08077544","0.231974921","Harrison Bader","18030","664056","Bader, Harrison","664056","2023","17.2","4.9","0.232","0.348","0.274","0.622","0.271","0.288","0.299","0.321","70.5","14.4","10.4","8","36.1","27.8","7.1","10","10.8","-8.8","52.1","24.3","85.9","17.8","5.3","63.4","35.6","86.6","24.6","37","30.9","21.5"
"2024","Harrison Bader","NYM","437","0.65011287","0.91319444","0.26897389","0.50436047","0.74351585","0.4177292","0.32954545","0.59482759","0.21372192","0.09756098","0.1875","0.09957498","0.236318407","Harrison Bader","18030","664056","Bader, Harrison","664056","2024","21.7","4.8","0.236","0.373","0.284","0.657","0.285","0.299","0.335","0.354","71.1","19.7","12.9","10","33.5","25.9","7","16","11.1","-4.9","53.6","25.1","87.2","11.9","6.4","60","33.5","85.8","24.5","43.5","23.6","24.3"
"2025","Harrison Bader","- - -","501","0.67474747","0.83532934","0.25502318","0.54523227","0.76008969","0.42143225","0.30580357","0.45255474","0.23080886","0.06666667","0.25","0.0927357","0.276785714","Harrison Bader","18030","664056","Bader, Harrison","664056","2025","27.1","7.8","0.277","0.449","0.347","0.796","0.346","0.297","0.44","0.361","73.5","37.1","15.2","11","28.3","20.5","7.2","18","12","-5.3","50.2","25.4","87.2","12.7","10.2","65","32.6","79","29","45.7","22.9","22.5"
"2026","Harrison Bader","SFG","111","0.70588235","0.83333333","0.24228029","0.61581921","0.73394495","0.42042755","0.37234043","0.42857143","0.22327791","0.16666667","0.25","0.11401425","0.16981132","Harrison Bader","18030","664056","Bader, Harrison","664056","2026","30.6","3.6","0.17","0.358","0.198","0.556","0.238","0.272","0.323","0.375","72.9","37.9","12","8.4","32.4","22.7","7.2","6","12.4","-6.4","50","24.7","89.2","12.3","8.2","69.1","38.7","78.7","32","47.9","21.9","21.9"
"2023","Ha-Seong Kim","SDP","626","0.6155811","0.90456432","0.28733945","0.38861789","0.80334728","0.45137615","0.15482696","0.71764706","0.20146789","0.04294479","0.42857143","0.05981651","0.260223048","Ha-Seong Kim","27506","673490","Kim, Ha-Seong","673490","2023","19.8","12","0.26","0.398","0.351","0.749","0.33","0.313","0.36","0.335","67.6","3.6","7.1","6.1","34.7","29.9","6.9","7","6.1","-1.8","54.2","25.2","86.2","13.6","4.3","55.1","20.5","85.2","17.8","41.3","25.2","24.3"
"2024","Ha-Seong Kim","SDP","470","0.63261649","0.90368272","0.2815338","0.37907762","0.82195846","0.44853683","0.15037594","0.78333333","0.20131181","0","null","0.06861756","0.23325062","Ha-Seong Kim","27506","673490","Kim, Ha-Seong","673490","2024","16.4","12.3","0.233","0.37","0.33","0.7","0.308","0.319","0.316","0.33","68.9","7.6","13","10.9","36.3","30.6","6.8","7","4.4","-1","42.3","25.2","87.9","15.1","4.8","55.3","18.7","86.7","16.1","41.1","24.3","24"
"2025","Ha-Seong Kim","- - -","191","0.57261411","0.92753623","0.30506329","0.40659341","0.81081081","0.46075949","0.16438356","0.79166667","0.18481013","0.1025641","0.25","0.04936709","0.233918128","Ha-Seong Kim","27506","673490","Kim, Ha-Seong","673490","2025","20.4","8.4","0.234","0.345","0.304","0.649","0.288","0.297","0.318","0.33","70.4","9.4","14.4","12.3","36.9","31.4","7","0","5.6","-2","51.8","23.4","89.7","15.7","5.2","54.2","21.2","88.9","15.5","37.3","24.6","27.6"
"2024","Heliot Ramos","SFG","518","0.78333333","0.87706856","0.26959561","0.57534247","0.71212121","0.40089865","0.25106383","0.28813559","0.23464803","0.02631579","0","0.09485771","0.269473684","Heliot Ramos","22515","671218","Ramos, Heliot","671218","2024","26.1","7.1","0.269","0.469","0.322","0.791","0.339","0.337","0.434","0.432","75.2","54.7","18.3","13.7","29.8","22.4","6.9","28","8.2","3.9","46","32.9","91.5","10.4","14.7","72.3","29.9","81.7","28.7","43.3","27","24.4"
"2025","Heliot Ramos","SFG","695","0.69198895","0.90419162","0.27289861","0.56724611","0.76612903","0.41198643","0.23156089","0.45925926","0.21975123","0.04347826","0","0.09536374","0.256451612","Heliot Ramos","22515","671218","Ramos, Heliot","671218","2025","22.7","7.5","0.256","0.4","0.328","0.728","0.319","0.32","0.372","0.375","73.9","44.3","18.5","14.1","33.1","25.2","6.8","24","5.9","1.6","46.8","31.5","91.8","11.5","8.8","66.2","29.9","84.5","25.3","44.4","25.4","24.4"
"2026","Heliot Ramos","SFG","289","0.72435897","0.90707965","0.28493151","0.66512702","0.75347222","0.39543379","0.288","0.31944444","0.2283105","0.07","0","0.0913242","0.267399267","Heliot Ramos","22515","671218","Ramos, Heliot","671218","2026","26.3","4.8","0.267","0.436","0.304","0.74","0.319","0.333","0.415","0.436","72.3","23.6","17.4","12.9","33.8","25.1","6.9","8","8","4.7","50.4","33.6","92.3","6","14.4","72.3","37.4","85.3","27.9","53.5","21.7","22.2"
"2026","Henry Bolte","ATH","238","0.80092593","0.87283237","0.25714286","0.5483871","0.70053476","0.40595238","0.28365385","0.15254237","0.24761905","0.02666667","0","0.08928571","0.245192307","Henry Bolte","31448","703607","Bolte, Henry","703607","2026","27.7","7.6","0.245","0.322","0.326","0.648","0.296","0.291","0.357","0.35","77","74","21.3","14.4","29.6","20.1","7.7","9","7.4","3.6","44.1","33.2","90.1","1.1","6.2","73.8","29.5","78.3","33.6","64.1","17.9","15.2"
"2023","Henry Davis","PIT","255","0.68634686","0.88709677","0.2628516","0.51184834","0.72222222","0.40931135","0.21487603","0.38461538","0.23472357","0.05208333","0","0.09311348","0.213333333","Henry Davis","29617","680779","Davis, Henry","680779","2023","27.1","9.8","0.213","0.351","0.302","0.653","0.287","0.29","0.343","0.347","73","31.7","17.2","12.7","30.8","22.8","7.2","11","10.3","-12.9","58.7","26.9","88.6","12.5","7","62.8","29.2","85.1","27","43.9","21","26.1"
"2024","Henry Davis","PIT","122","0.75757576","0.79","0.25335893","0.52422907","0.67226891","0.43570058","0.19834711","0.25","0.23224568","0.04878049","0","0.07869482","0.144230769","Henry Davis","29617","680779","Davis, Henry","680779","2024","36.9","10.7","0.144","0.212","0.242","0.454","0.213","0.225","0.26","0.283","72.5","25.7","6","3.9","22.4","14.5","7.4","5","11.3","-7.9","61.7","25.8","85.3","17.2","4.8","71.3","24.4","70.9","36.3","40.3","21","19.4"
"2025","Henry Davis","PIT","283","0.78911565","0.87068966","0.27502339","0.63146067","0.72597865","0.41627689","0.26293103","0.40983607","0.21702526","0.12244898","0.16666667","0.09167446","0.166666666","Henry Davis","29617","680779","Davis, Henry","680779","2025","26.9","6.4","0.167","0.278","0.234","0.512","0.229","0.293","0.267","0.366","73.9","39.2","14.2","10.3","26.5","19.2","7.3","8","8.6","-7.5","55.1","26.3","88.6","23.3","11.5","75.8","34.6","79.9","28.9","33.5","30.2","21.4"
"2026","Henry Davis","PIT","214","0.79906542","0.90643275","0.27295918","0.60338983","0.75280899","0.37627551","0.28795812","0.47272727","0.24362245","0.04761905","0","0.10714286","0.171122994","Henry Davis","29617","680779","Davis, Henry","680779","2026","21.5","8.9","0.171","0.326","0.268","0.594","0.268","0.289","0.278","0.309","74.4","45.1","14.6","11.4","27.8","21.7","7.3","9","10.8","-6.3","63.4","27.8","89.9","19.6","9.8","76.5","32.1","85.5","24.6","37.8","25.9","18.9"
"2025","Heriberto Hernández","MIA","294","0.77210884","0.84581498","0.2585752","0.46542056","0.57028112","0.4705365","0.16450216","0.39473684","0.20316623","0","null","0.06772208","0.265625","Heriberto Hernandez","24878","681715","Hernández, Heriberto","681715","2025","26.2","10.5","0.266","0.438","0.347","0.785","0.341","0.334","0.419","0.408","73.3","37.2","18.4","12.4","35.3","23.7","7.7","15","15.6","-0.8","55.6","30","90.2","14.2","11","68.6","21.5","71","35.2","42.1","29.5","21.9"
"2026","Heriberto Hernández","MIA","279","0.75912409","0.83653846","0.26045627","0.53546911","0.62393162","0.41539924","0.15611814","0.24324324","0.22528517","0.05769231","0.16666667","0.09885932","0.241106719","Heriberto Hernandez","24878","681715","Hernández, Heriberto","681715","2026","26.2","8.6","0.241","0.486","0.308","0.794","0.34","0.353","0.43","0.449","74.7","50.2","20.9","14.7","39.2","27.6","7.8","15","14","-2.9","61.8","27.2","92.2","13.5","13.3","69.7","26.1","78.4","33.3","40.3","32","21"
"2024","Heston Kjerstad","BAL","114","0.80530973","0.89010989","0.26713948","0.63333333","0.71052632","0.42553191","0.26086957","0.29166667","0.21749409","0.15789474","0.16666667","0.08983452","0.252525252","Heston Kjerstad","31166","677008","Kjerstad, Heston","677008","2024","28.9","8.8","0.253","0.394","0.351","0.745","0.327","0.299","0.416","0.369","70.8","15.7","11","7.8","28.3","20.1","7","4","12.1","1.4","48.6","37.6","90.2","10.3","6.1","78.5","35","82.2","31.1","45.5","28.8","21.2"
"2025","Heston Kjerstad","BAL","167","0.81325301","0.82222222","0.26688103","0.62825279","0.78698225","0.43247588","0.33076923","0.39534884","0.20900322","0.0877193","0.2","0.09163987","0.192307692","Heston Kjerstad","31166","677008","Kjerstad, Heston","677008","2025","26.9","3.6","0.192","0.327","0.24","0.567","0.248","0.29","0.307","0.369","69.4","6.1","13.5","9.7","33.3","23.9","7","2","12.6","2.4","47.9","38","88.8","12.7","8","76.6","38.1","83","28.4","41.1","25","25.9"
"2025","Hunter Feduccia","- - -","105","0.71631206","0.84158416","0.29559748","0.4744898","0.70967742","0.41090147","0.17142857","0.22222222","0.22012579","0","null","0.07337526","0.147727272","Hunter Feduccia","23372","676439","Feduccia, Hunter","676439","2025","27.6","14.3","0.148","0.205","0.267","0.472","0.226","0.275","0.218","0.303","69.8","10.6","9","6.7","25.4","18.9","7.1","6","10.4","-1.1","49.2","35","87.6","16.3","8.2","64.8","23.2","79.1","28.3","45.9","18","24.6"
"2026","Hunter Feduccia","TBR","154","0.71333333","0.88785047","0.23771791","0.49818182","0.7810219","0.43581616","0.19871795","0.48387097","0.24722662","0.08","0","0.0792393","0.229629629","Hunter Feduccia","23372","676439","Feduccia, Hunter","676439","2026","27.3","9.1","0.23","0.333","0.305","0.638","0.287","0.301","0.349","0.371","70.9","11.4","12","9.4","34","26.5","7","6","11.8","-3.7","54.4","33.4","90.2","16.8","8.2","66.3","26.5","84.5","23.9","38.1","30.9","25.8"
"2024","Hunter Goodman","COL","224","0.83251232","0.84023669","0.24877451","0.65102639","0.74774775","0.41789216","0.36979167","0.33802817","0.23529412","0.125","0.1","0.09803922","0.189573459","Hunter Goodman","29715","696100","Goodman, Hunter","696100","2024","28.6","3.6","0.19","0.417","0.228","0.645","0.274","0.28","0.361","0.369","74.8","49.9","10.7","7.5","22.4","15.8","7.3","7","10","-8.6","68.3","24.1","88.2","16.5","12.8","78.3","39.8","80.4","31.5","38.9","33.6","20.8"
"2025","Hunter Goodman","COL","579","0.78976234","0.85648148","0.25453699","0.63157895","0.70921986","0.41554211","0.32938856","0.33532934","0.23592369","0.08910891","0.05555556","0.09399721","0.277777777","Hunter Goodman","29715","696100","Goodman, Hunter","696100","2025","26.3","5.7","0.278","0.52","0.323","0.843","0.359","0.322","0.467","0.412","74.3","42.3","16.7","11.8","31.5","22.2","7.3","27","13.4","-7","61","25.2","90.8","17.3","12.9","75.3","36.7","80.1","32","38.5","28.7","22.6"
"2026","Hunter Goodman","COL","417","0.7679558","0.81294964","0.23249839","0.61601307","0.71618037","0.39306358","0.41878173","0.36363636","0.25305074","0.08994709","0","0.12138728","0.254010695","Hunter Goodman","29715","696100","Goodman, Hunter","696100","2026","33.3","8.9","0.254","0.545","0.326","0.871","0.369","0.332","0.532","0.469","75.4","54.2","16.3","10.7","26.3","17.2","7.4","13","14.3","-6.4","63.7","24.5","90.7","18.4","17","72.2","39.9","76.3","36.1","32.9","33.8","24.9"
"2023","Hunter Renfroe","- - -","548","0.76516634","0.88235294","0.24426386","0.59080717","0.76280835","0.42638623","0.26680672","0.44094488","0.22753346","0.09859155","0.04761905","0.10181644","0.232931726","Hunter Renfroe","15464","592669","Renfroe, Hunter","592669","2023","22.8","8","0.233","0.416","0.297","0.713","0.308","0.289","0.362","0.334","74.6","48.1","9.2","6.9","24.1","18.1","7.9","2","8.9","-9.4","57.8","26.9","88.3","15","6.2","70.7","33.5","81.9","26.4","42.8","25.3","21.8"
"2024","Hunter Renfroe","KCR","424","0.67346939","0.87542088","0.26694915","0.48997135","0.80409357","0.42251816","0.23287671","0.44705882","0.22094431","0.06756757","0.1","0.08958838","0.228571428","Hunter Renfroe","15464","592669","Renfroe, Hunter","592669","2024","19.8","8.5","0.229","0.392","0.297","0.689","0.302","0.294","0.337","0.326","75.2","52.6","15.7","12.3","29.8","23.4","7.6","8","9","-9.8","66","25.7","88.5","16.7","6.6","62.7","26.4","84.6","23.4","39.7","27.2","20.5"
"2025","Hunter Renfroe","KCR","108","0.68807339","0.92","0.27877238","0.48447205","0.75641026","0.41176471","0.2","0.36842105","0.24296675","0","null","0.06649616","0.181818181","Hunter Renfroe","15464","592669","Renfroe, Hunter","592669","2025","19.4","7.4","0.182","0.242","0.241","0.483","0.219","0.257","0.229","0.281","74.4","43.1","14.9","11.8","31.4","24.8","7.6","3","9","-6.2","63.5","25.5","88.5","17","6.3","62.7","25.8","86","23.3","43","25.3","13.9"
"2025","Hyeseong Kim","LAD","170","0.6779661","0.83333333","0.26818182","0.55629139","0.70238095","0.45757576","0.27659574","0.43589744","0.21363636","0.1","0.25","0.06060606","0.279503105","Hyeseong Kim","35322","808975","Kim, Hyeseong","808975","2025","30.6","4.1","0.28","0.385","0.314","0.699","0.306","0.251","0.423","0.338","67.2","2.4","5.7","4.1","34.9","24.7","7.1","8","10.1","0.1","37.7","41.6","86","7","2.7","65.9","35.3","78","31.4","52.7","18.2","26.4"
"2026","Hyeseong Kim","LAD","131","0.70469799","0.91428571","0.28932039","0.50454545","0.71171171","0.42718447","0.21238938","0.29166667","0.21941748","0.06060606","0","0.06407767","0.258620689","Hyeseong Kim","35322","808975","Kim, Hyeseong","808975","2026","23.7","9.2","0.259","0.328","0.323","0.651","0.292","0.304","0.341","0.358","66.7","0","7.2","5.6","34.9","27","7.2","5","8.1","1.6","39.2","39.9","85.8","9.1","3.4","64.5","29.2","87.1","27","47.1","19.5","29.9"
"2023","Ian Happ","CHC","691","0.73889637","0.87249545","0.25960867","0.48238058","0.73863636","0.44619147","0.15645161","0.42268041","0.21663173","0.03153153","0.14285714","0.07756813","0.248275862","Ian Happ","17919","664023","Happ, Ian","664023","2023","22.1","14.3","0.248","0.431","0.36","0.791","0.345","0.349","0.383","0.389","71.7","19.5","14.3","11.1","35.6","27.7","6.9","7","9.6","-1","46.7","31.7","89.9","13","9","67","23","81.6","25.3","41.8","25.6","25.6"
"2024","Ian Happ","CHC","657","0.75626741","0.85267035","0.26387358","0.49184339","0.71475954","0.45056964","0.16197183","0.36956522","0.20874678","0.0430622","0","0.07681","0.242530755","Ian Happ","17919","664023","Happ, Ian","664023","2024","25.6","12.2","0.243","0.441","0.341","0.782","0.341","0.347","0.409","0.419","72.3","23.6","15.2","11.1","31.8","23.3","7","18","9.7","-3.9","44.3","32.7","90.8","15.1","11.7","67.9","23.2","78.6","27.9","39.2","30.3","22.8"
"2025","Ian Happ","CHC","663","0.72588832","0.8951049","0.29013255","0.43848059","0.71939736","0.44587629","0.13059034","0.36986301","0.20581738","0.01265823","0","0.05817378","0.242530755","Ian Happ","17919","664023","Happ, Ian","664023","2025","22.8","13.1","0.243","0.42","0.342","0.762","0.333","0.354","0.379","0.411","71.6","17.1","16.3","12.4","32.9","25.1","6.9","15","10.2","-5.5","46.8","32.8","90","16.1","10.4","63.6","20.8","82.5","24.6","36.6","29.1","26"
"2026","Ian Happ","CHC","450","0.7195122","0.8559322","0.26031746","0.50397878","0.67105263","0.3989418","0.21670429","0.38541667","0.23439153","0.02487562","0","0.10634921","0.21875","Ian Happ","17919","664023","Happ, Ian","664023","2026","31.3","13.1","0.219","0.422","0.331","0.753","0.33","0.317","0.427","0.402","72.1","20.1","14.2","9.9","28.1","19.6","6.9","7","11.3","-5.5","47.1","33.5","89.4","15.2","12.3","65.5","24.5","77.3","31.4","37.7","35.7","20.5"
"2023","Ildemaro Vargas","WSN","286","0.68794326","0.96391753","0.27539063","0.47544643","0.87323944","0.4375","0.24888889","0.71428571","0.21972656","0.04347826","0.66666667","0.06738281","0.251908396","Ildemaro Vargas","13324","545121","Vargas, Ildemaro","545121","2023","7","6.6","0.252","0.363","0.304","0.667","0.292","0.305","0.283","0.298","69.3","7.1","9.8","8.6","37.6","32.8","7.3","1","5.7","0.7","50","24.4","87.1","4.1","2.4","60.6","29.2","92.7","12.6","57.3","16.7","20.3"
"2024","Ildemaro Vargas","WSN","303","0.68085106","0.96875","0.26654064","0.49678801","0.875","0.44139887","0.23333333","0.66071429","0.2268431","0.01449275","0","0.06521739","0.246323529","Ildemaro Vargas","13324","545121","Vargas, Ildemaro","545121","2024","10.2","6.3","0.246","0.316","0.295","0.611","0.271","0.286","0.269","0.287","69.5","8.3","8.6","7.6","39.6","35","7.2","3","3.9","-1.5","44.7","24.1","87","4","1.2","62.8","30.1","93.4","12.6","55","16.7","24.3"
"2025","Ildemaro Vargas","ARI","121","0.65100671","0.90721649","0.34731935","0.5625","0.8","0.37296037","0.31818182","0.53571429","0.20512821","0.03125","0","0.07459207","0.269565217","Ildemaro Vargas","13324","545121","Vargas, Ildemaro","545121","2025","12.4","1.7","0.27","0.383","0.292","0.675","0.292","0.287","0.319","0.314","70.5","11.6","15.1","12.6","42.8","35.8","7.4","8","5.7","-6.6","46.2","23.6","89.2","3.3","3.9","62.8","37.4","87.1","19.4","58.8","23.5","14.7"
"2026","Ildemaro Vargas","ARI","338","0.61324042","0.96022727","0.24488055","0.55776892","0.87857143","0.42832765","0.34099617","0.78651685","0.22269625","0.17213115","0.42857143","0.10409556","0.274760383","Ildemaro Vargas","13324","545121","Vargas, Ildemaro","545121","2026","8.9","5.9","0.275","0.409","0.321","0.73","0.318","0.318","0.325","0.324","70.8","16","14.2","12.3","38.4","33.5","7.4","8","5.5","-5.2","52.3","22.7","87.5","9.4","3.2","60.4","38.4","91.7","14.4","44.9","17.2","28.4"
"2025","Isaac Collins","MIL","441","0.7605364","0.88664987","0.29129464","0.41392405","0.74006116","0.44084821","0.10833333","0.30769231","0.20089286","0.03333333","0","0.06696429","0.26344086","Isaac Collins","25477","686555","Collins, Isaac","686555","2025","21.1","12.9","0.263","0.411","0.368","0.779","0.344","0.322","0.38","0.345","72.7","22.5","14.2","11.2","30.7","24.4","6.7","19","4","-2.2","37.1","28.8","88.8","12.2","4.9","64.8","18.4","84","22.5","43.9","23.5","25.6"
"2026","Isaac Collins","KCR","359","0.65147453","0.93004115","0.27048586","0.42060811","0.75100402","0.42929659","0.1638796","0.36734694","0.21682379","0.02608696","0","0.08339376","0.237785016","Isaac Collins","25477","686555","Collins, Isaac","686555","2026","23.1","11.7","0.238","0.362","0.339","0.701","0.316","0.303","0.35","0.33","73.5","33.5","14.8","11.9","32.2","25.8","6.8","21","4.2","-5.9","36.1","28.6","88.3","16.9","5.7","58.7","20.9","87.4","22.1","38.2","28.9","24.1"
"2023","Isaac Paredes","TBR","571","0.71186441","0.93809524","0.24947146","0.52091633","0.81453155","0.42452431","0.23917137","0.57480315","0.22452431","0.04166667","0.1","0.10147992","0.25","Isaac Paredes","20036","670623","Paredes, Isaac","670623","2023","18.2","10.2","0.25","0.488","0.352","0.84","0.362","0.316","0.391","0.323","68","4.4","7.2","6","31.9","26.6","8.1","5","15.7","-17.3","56","32.9","86.9","22.2","5.9","65.9","28.4","89.2","18.2","31.6","28.5","24.9"
"2024","Isaac Paredes","- - -","641","0.70588235","0.92829457","0.25622152","0.51857969","0.83757962","0.42446547","0.2028754","0.49606299","0.21941816","0.01754386","0","0.09989485","0.23800738","Isaac Paredes","20036","670623","Paredes, Isaac","670623","2024","16.4","11.9","0.238","0.393","0.346","0.739","0.327","0.309","0.329","0.304","68.2","4.7","6.4","5.4","29.1","24.4","8","13","14.2","-16.7","53.2","32.4","85","22.4","4.5","64.7","26.5","89.1","17.2","30.9","29.3","25.5"
"2025","Isaac Paredes","HOU","438","0.62941176","0.93146417","0.26261586","0.490887","0.8490099","0.42378991","0.15402299","0.55223881","0.22399588","0.01724138","0.33333333","0.08959835","0.253968253","Isaac Paredes","20036","670623","Paredes, Isaac","670623","2025","17.4","11.4","0.254","0.458","0.352","0.81","0.353","0.32","0.375","0.328","69","9.6","9.6","8.1","31.6","26.6","8","8","15.5","-15.4","55.7","32.5","87.4","23","6.3","60.5","21.4","88.8","16.4","30.6","32.2","25.7"
"2026","Isaac Paredes","HOU","438","0.68025751","0.91798107","0.24385139","0.50819672","0.84863524","0.41496599","0.24576271","0.69827586","0.2469911","0.03888889","0","0.09419152","0.253968253","Isaac Paredes","20036","670623","Paredes, Isaac","670623","2026","14.8","9.4","0.254","0.418","0.347","0.765","0.339","0.322","0.343","0.319","67.3","6.7","7.5","6.3","32.4","27.3","7.8","6","15.1","-12.8","52","34.5","86.5","24","6","62.9","26.9","89","16","26.5","31.5","28.7"
"2023","Isiah Kiner-Falefa","NYY","361","0.65207373","0.92226148","0.29848693","0.49063032","0.81597222","0.40371389","0.2111437","0.5","0.23452545","0.07608696","0.14285714","0.06327373","0.242331288","Isiah Kiner-Falefa","16512","643396","Kiner-Falefa, Isiah","643396","2023","19.4","7.8","0.242","0.34","0.306","0.646","0.286","0.296","0.315","0.328","67.5","0.8","17.1","13.9","33.2","26.9","6.9","4","5.4","4.6","41.4","32.3","88.8","7.2","3.1","61.3","26.5","88.5","19.6","50.4","20","26.2"
"2024","Isiah Kiner-Falefa","- - -","496","0.6417004","0.95268139","0.2904174","0.5136612","0.87234043","0.4303351","0.2247191","0.625","0.20928865","0.07563025","0.22222222","0.06995885","0.268817204","Isiah Kiner-Falefa","16512","643396","Kiner-Falefa, Isiah","643396","2024","15.7","3.2","0.269","0.376","0.306","0.682","0.299","0.289","0.332","0.319","67","2.1","10","8.6","40.7","35","6.8","11","6.5","0.7","44.3","31.2","86.1","9.1","2.3","60.7","30.1","90.6","14.8","48.5","21.2","24.2"
"2025","Isiah Kiner-Falefa","- - -","459","0.67351129","0.96036585","0.29858982","0.5027248","0.88617886","0.45003066","0.28478964","0.61363636","0.18945432","0.08910891","0.11111111","0.0619252","0.262180974","Isiah Kiner-Falefa","16512","643396","Kiner-Falefa, Isiah","643396","2025","16.8","3.7","0.262","0.334","0.297","0.631","0.279","0.262","0.313","0.292","66.5","1.2","9.3","8","34.6","29.8","6.9","11","4.4","3.8","36.9","32.4","84.6","4","1.4","63.6","32.2","91.9","15.1","58.1","11.1","24.4"
"2026","Isiah Kiner-Falefa","BOS","132","0.66666667","0.97368421","0.24203822","0.54950495","0.84684685","0.42887473","0.33333333","0.59459459","0.23566879","0.11363636","0.2","0.09341826","0.277310924","Isiah Kiner-Falefa","16512","643396","Kiner-Falefa, Isiah","643396","2026","13.6","9.1","0.277","0.361","0.344","0.705","0.317","0.312","0.328","0.322","68.8","4","9.4","7.9","31","26.2","7.1","5","6.2","-3","42.9","29.7","82.3","10.2","3","66.4","34.7","91.1","17.6","46.1","15.7","25.5"
"2024","Iván Herrera","STL","259","0.66333333","0.88944724","0.28929605","0.46244131","0.79695431","0.41080039","0.21940928","0.40384615","0.22854388","0.06756757","0.2","0.07135969","0.301310043","Ivan Herrera","20599","671056","Herrera, Iván","671056","2024","20.5","9.7","0.301","0.428","0.372","0.8","0.351","0.367","0.404","0.427","73.2","33.1","18","13.6","32.7","24.6","7.5","1","7.3","2.9","44.4","33.5","89.3","9.2","9","60.2","26.6","84.5","24.8","43.8","21.3","30.3"
"2025","Iván Herrera","STL","452","0.71115538","0.90196078","0.27750138","0.47994825","0.77358491","0.4273079","0.18814433","0.4109589","0.21448314","0.0890411","0.07692308","0.08070757","0.283505154","Ivan Herrera","20599","671056","Herrera, Iván","671056","2025","18.6","9.5","0.284","0.464","0.373","0.837","0.365","0.368","0.402","0.407","74.3","47.2","19.3","15.1","32.8","25.7","7.8","4","8.5","-0.2","47.6","32.1","91.2","10.1","11.1","64.4","25.1","84.5","23.3","48.7","19.8","24.7"
"2026","Iván Herrera","STL","477","0.6754386","0.93181818","0.24542519","0.51439299","0.81021898","0.43003229","0.22619048","0.50526316","0.22604952","0.04918033","0","0.098493","0.246231155","Ivan Herrera","20599","671056","Herrera, Iván","671056","2026","17.4","10.7","0.246","0.384","0.365","0.749","0.336","0.335","0.339","0.337","73.9","42.8","14.5","11.9","28.9","23.7","7.8","14","7.1","-4.3","45.3","30.4","89.1","9.6","5.7","63.1","27.8","87.3","20.1","48.7","19.2","22.3"
"2023","J.D. Davis","SFG","546","0.8668942","0.78740157","0.28011472","0.5741573","0.64774951","0.42543021","0.19026549","0.3372093","0.21606119","0.03658537","0","0.07839388","0.247916666","J.D. Davis","16219","605204","Davis, J.D.","605204","2023","27.8","9.5","0.248","0.412","0.325","0.737","0.321","0.323","0.402","0.405","72.2","18.6","13.2","8.7","33.1","21.8","7.3","11","7.9","10.3","41.4","35.2","91.1","7.8","9.6","79.3","26.4","73.2","34","53.3","20.4","23.1"
"2024","J.D. Davis","- - -","157","0.79775281","0.8028169","0.3032368","0.57786885","0.65248227","0.41567291","0.16239316","0.26315789","0.19931857","0","null","0.08177172","0.218309859","J.D. Davis","16219","605204","Davis, J.D.","605204","2024","24.8","7.6","0.218","0.338","0.293","0.631","0.282","0.29","0.329","0.341","72.4","18","16.1","10.9","32.9","22.2","7.3","6","7.3","11.5","53.1","31.4","89.1","2.8","8.8","74.6","24.6","68.9","34.8","64.1","16.5","14.6"
"2023","J.D. Martinez","LAD","479","0.80777538","0.85294118","0.24825737","0.60513447","0.64444444","0.4386059","0.26570048","0.27272727","0.22198391","0.05882353","0","0.09115282","0.270833333","J.D. Martinez","6184","502110","Martinez, J.D.","502110","2023","31.1","7.1","0.271","0.572","0.321","0.893","0.369","0.367","0.518","0.515","72.5","26.5","16.7","11.2","34.3","23.1","8.4","7","13.8","-1.3","46.6","37.9","93.4","16.9","17.1","75.5","32.1","76.5","34.4","35.6","37","24.3"
"2024","J.D. Martinez","NYM","495","0.78793419","0.87935035","0.2665692","0.50658683","0.68085106","0.40692008","0.2769556","0.24427481","0.23050682","0.05583756","0.09090909","0.0960039","0.235023041","J.D. Martinez","6184","502110","Martinez, J.D.","502110","2024","28.5","9.9","0.235","0.406","0.32","0.726","0.318","0.353","0.401","0.458","72.9","28.2","14.1","9.9","28.5","20","8.4","29","12.6","-0.1","49","38.7","91","14.4","15","68.9","29.9","82.1","31.5","39.7","31.9","23.1"
"2023","J.P. Crawford","SEA","638","0.6611797","0.906639","0.27729175","0.40797824","0.82888889","0.41955116","0.12436975","0.44594595","0.2263218","0.02970297","0.16666667","0.0768353","0.265917602","J.P. Crawford","15491","641487","Crawford, J.P.","641487","2023","19.6","14.7","0.266","0.438","0.38","0.818","0.359","0.341","0.388","0.361","71.9","22.8","12.6","10.5","31.3","26.2","7.6","4","7.5","-4.1","45.1","33.1","88.3","15.1","4.8","58.4","18.6","87.3","18.6","39.6","23.7","28"
"2024","J.P. Crawford","SEA","451","0.71624266","0.88251366","0.26739927","0.42406542","0.83746556","0.44793302","0.12158809","0.40816327","0.21088435","0.03546099","0","0.07378336","0.201530612","J.P. Crawford","15491","641487","Crawford, J.P.","641487","2024","22.6","11.5","0.202","0.321","0.304","0.625","0.283","0.312","0.301","0.346","71.8","22.9","12.1","9.7","29.1","23.4","7.3","5","7.7","-1.5","41.1","36.9","87.5","13.2","6.6","61.9","18.4","84.1","20.2","46","24.4","21.3"
"2025","J.P. Crawford","SEA","654","0.71621622","0.87650086","0.2981685","0.45286195","0.82156134","0.43516484","0.17235189","0.5","0.2040293","0.04093567","0.14285714","0.06263736","0.26491228","J.P. Crawford","15491","641487","Crawford, J.P.","641487","2025","18.7","11.3","0.265","0.37","0.352","0.722","0.322","0.329","0.347","0.357","71","19.3","10.9","8.8","29.6","23.9","7.2","7","4.8","1.7","36.9","36","87.2","11.5","4.9","65.2","21.9","83.6","20.4","44.4","23.1","27.3"
"2026","J.P. Crawford","SEA","364","0.6593674","0.90405904","0.26346154","0.39708029","0.83823529","0.43910256","0.14714715","0.59183673","0.21346154","0.03816794","0.4","0.08397436","0.211726384","J.P. Crawford","15491","641487","Crawford, J.P.","641487","2026","20.3","13.7","0.212","0.345","0.33","0.675","0.308","0.325","0.312","0.34","71.4","18.7","11.2","9.3","33","27.2","7.4","5","6.8","-0.7","45.6","33.7","87.6","12.9","6.4","57.6","19.8","87.2","17.8","48.5","19.6","22.6"
"2023","J.T. Realmuto","PHI","540","0.75675676","0.85952381","0.26479008","0.55442177","0.75051125","0.42080153","0.29508197","0.49305556","0.23282443","0.02923977","0","0.08158397","0.251533742","J.T. Realmuto","11739","592663","Realmuto, J.T.","592663","2023","25.6","6.5","0.252","0.452","0.31","0.762","0.324","0.334","0.406","0.421","73.4","35.3","13.9","10.3","28","20.8","7.7","2","16.4","2.9","47.4","37.6","89.8","16.7","11.2","70.8","30.6","81.3","26.2","37.6","28.9","24.2"
"2024","J.T. Realmuto","PHI","413","0.73502304","0.90595611","0.27416298","0.56352765","0.74801061","0.42261529","0.2748538","0.5","0.21604548","0.06521739","0","0.08717625","0.265789473","J.T. Realmuto","11739","592663","Realmuto, J.T.","592663","2024","24.7","6.5","0.266","0.429","0.322","0.751","0.326","0.34","0.404","0.426","73.1","35.5","16.5","12.6","29.8","22.7","7.6","8","13.3","1.8","52.3","35.1","89.2","9.4","10.4","69.4","30.4","82.7","26.2","44.8","21.5","27.6"
"2025","J.T. Realmuto","PHI","550","0.6852459","0.92105263","0.27777778","0.54774973","0.77354709","0.41484517","0.26705653","0.49635036","0.23360656","0.08641975","0.07142857","0.07377049","0.256972111","J.T. Realmuto","11739","592663","Realmuto, J.T.","592663","2025","23.5","6.4","0.257","0.384","0.315","0.699","0.307","0.316","0.367","0.381","72","26.2","15.4","11.8","30.6","23.5","7.5","16","12.5","0.8","52.4","34.2","90","11.1","8.8","65.7","32.3","85.4","24.3","44.7","23.7","25.8"
"2026","J.T. Realmuto","PHI","296","0.7","0.87301587","0.24193548","0.54918033","0.78731343","0.43727599","0.275","0.56060606","0.21505376","0.05932203","0.14285714","0.10573477","0.225190839","J.T. Realmuto","11739","592663","Realmuto, J.T.","592663","2026","20.6","7.4","0.225","0.355","0.304","0.659","0.295","0.32","0.32","0.357","73.3","35.3","14.1","11","35.4","27.5","7.4","8","11.6","-0.2","55.1","32.9","89.6","10.6","4.5","64.8","31.3","83.6","24.2","44.6","27","25.5"
"2025","Jac Caglianone","KCR","232","0.69387755","0.91911765","0.22843823","0.58563536","0.78773585","0.42191142","0.39726027","0.42528736","0.25524476","0.0617284","0.2","0.09440559","0.157142857","Jac Caglianone","35041","695506","Caglianone, Jac","695506","2025","22.4","7.8","0.157","0.295","0.237","0.532","0.239","0.321","0.254","0.375","77.4","73.5","19.9","15.1","25.9","19.6","7.6","4","8.5","-4","49.2","28.5","89.4","4.1","12","67.5","38.5","84.7","26.8","50.6","20.3","24.1"
"2026","Jac Caglianone","KCR","386","0.74709302","0.87159533","0.24466572","0.64007421","0.74782609","0.38335704","0.34124629","0.4","0.23968706","0.10215054","0.10526316","0.13229018","0.251412429","Jac Caglianone","35041","695506","Caglianone, Jac","695506","2026","28.2","7","0.251","0.446","0.311","0.757","0.329","0.347","0.428","0.456","77.4","76.4","23","16.6","30.1","21.8","7.9","11","10","-1.6","44.2","30.5","93.1","7.6","14.6","71.8","36.9","81.1","30","45.9","23.2","27.2"
"2023","Jace Peterson","- - -","430","0.66450216","0.88925081","0.26551724","0.44897959","0.74715909","0.45057471","0.14211886","0.32727273","0.22241379","0.06542056","0","0.06149425","0.211229946","Jace Peterson","12325","607054","Peterson, Jace","607054","2023","23.5","10.9","0.211","0.307","0.304","0.611","0.275","0.287","0.3","0.319","67.4","4.8","5.2","3.9","34.6","25.6","6.9","4","12.3","-6.3","53","33","85.7","14.4","4.7","60.9","22.9","84.1","25","43.2","29.1","20.5"
"2023","Jack Suwinski","PIT","534","0.67808219","0.85606061","0.25602806","0.41222114","0.65411765","0.45199474","0.122","0.3442623","0.2192021","0.03012048","0","0.0727751","0.223713646","Jack Suwinski","22244","669261","Suwinski, Jack","669261","2023","32.2","14","0.224","0.454","0.339","0.793","0.341","0.346","0.45","0.46","73.6","35.2","11.3","8.2","24.5","17.8","7.2","13","11.1","-4.2","48.3","34.3","90.5","22.4","15.8","61.2","18.2","77.9","30.1","28.1","36.3","23.1"
"2024","Jack Suwinski","PIT","277","0.78135048","0.88477366","0.27917415","0.47704591","0.69037657","0.4497307","0.1322314","0.40625","0.21723519","0.05","0","0.05385996","0.182186234","Jack Suwinski","22244","669261","Suwinski, Jack","669261","2024","28.5","9.7","0.182","0.324","0.264","0.588","0.26","0.298","0.315","0.377","73.1","32.2","12.3","9","27","19.8","7.3","7","8","-3.5","41.7","32.9","88.9","12.9","8.9","67.6","22.9","81.9","27.4","46.5","22.9","23.5"
"2025","Jack Suwinski","PIT","178","0.72361809","0.88194444","0.24689826","0.40664962","0.59119497","0.48511166","0.09756098","0.25","0.20347395","0.03846154","0","0.06451613","0.146666666","Jack Suwinski","22244","669261","Suwinski, Jack","669261","2025","32","13.5","0.147","0.253","0.281","0.534","0.25","0.31","0.274","0.387","73.8","42.1","12.1","8.4","22.1","15.4","7.4","9","13.8","2.6","44.9","34.5","88.8","16.7","11.8","61.2","16.8","75.4","32.1","34.4","37.6","25.8"
"2023","Jackie Bradley Jr.","KCR","113","0.75675676","0.86904762","0.27205882","0.55376344","0.69902913","0.45588235","0.2987013","0.08695652","0.18872549","0.17647059","0.16666667","0.08333333","0.133333333","Jackie Bradley Jr.","12984","598265","Bradley Jr., Jackie","598265","2023","25.7","4.4","0.133","0.21","0.188","0.398","0.18","0.245","0.201","0.297","null","null","null","null","null","null","null","null","null","null","null","null","88.1","5.3","7.9","69","34.1","77.6","33","51.9","26","16.9"
"2024","Jackson Chourio","MIL","573","0.70938628","0.88804071","0.26343319","0.53002309","0.75816993","0.41179268","0.324","0.47530864","0.23775559","0.06557377","0.16666667","0.08701854","0.274621212","Jackson Chourio","28806","694192","Chourio, Jackson","694192","2024","21.1","6.8","0.275","0.464","0.327","0.791","0.339","0.327","0.406","0.39","73.1","33.6","17.4","13.1","34.4","25.9","7.4","22","7.2","3.8","56.9","27.2","89.7","7.6","7.8","66.1","31.9","82.7","27.1","48","24.4","23.9"
"2025","Jackson Chourio","MIL","589","0.72261484","0.89486553","0.26850095","0.60381594","0.75092937","0.42267552","0.32842105","0.52564103","0.22533207","0.10227273","0.16666667","0.08349146","0.269581056","Jackson Chourio","28806","694192","Chourio, Jackson","694192","2025","20.5","5.1","0.27","0.463","0.308","0.771","0.328","0.307","0.393","0.364","73.9","39.9","18.6","14.3","34.3","26.2","7.5","22","7.1","1.5","57.6","26.5","89.3","10.6","9.7","70.5","37","84","26","42.8","25.7","24.1"
"2026","Jackson Chourio","MIL","337","0.67701863","0.9266055","0.24788299","0.54275093","0.78767123","0.41416474","0.31446541","0.53","0.2448037","0.0661157","0","0.09314858","0.274193548","Jackson Chourio","28806","694192","Chourio, Jackson","694192","2026","23.7","7.1","0.274","0.461","0.329","0.79","0.341","0.329","0.422","0.404","74.5","46.6","17.5","14","32.5","25.9","7.3","9","9.1","3","65.2","27.8","91.8","11.2","12.6","62.5","34.4","87.4","23.2","46.3","28.1","19.9"
"2024","Jackson Holliday","BAL","208","0.73429952","0.875","0.25060533","0.51212938","0.61578947","0.44915254","0.1741573","0.4516129","0.21549637","0.07142857","0.2","0.08474576","0.189473684","Jackson Holliday","31781","702616","Holliday, Jackson","702616","2024","33.2","7.2","0.189","0.311","0.255","0.566","0.251","0.263","0.332","0.352","71.2","10.6","14.1","9.7","35","24.2","7.1","13","8.9","4.7","54.4","31.1","89.3","8.6","8.2","65.6","27.2","75.7","34.1","56.6","27","13.9"
"2025","Jackson Holliday","BAL","649","0.73305085","0.87861272","0.2902829","0.51506591","0.75137112","0.43542435","0.14486922","0.36111111","0.20377204","0.02325581","0","0.07052071","0.242320819","Jackson Holliday","31781","702616","Holliday, Jackson","702616","2025","21.6","8.6","0.242","0.375","0.314","0.689","0.304","0.314","0.346","0.36","70.6","10.7","15.2","11.8","35.4","27.4","6.9","21","8.3","5.3","52.4","31.9","88.8","8.9","7.8","68.5","22.3","81.6","24.5","49","25.1","21.9"
"2026","Jackson Holliday","BAL","184","0.71856287","0.81666667","0.23620934","0.44","0.74825175","0.45968883","0.23489933","0.37142857","0.21074965","0.04545455","0","0.09335219","0.259740259","Jackson Holliday","31781","702616","Holliday, Jackson","702616","2026","23.9","14.7","0.26","0.403","0.364","0.767","0.339","0.328","0.388","0.37","70.6","6.9","12.7","9.1","33","23.6","7.1","7","9.5","1.3","54.3","32.7","87.5","11.3","8","65.3","23.5","77.5","30.3","45.1","25.7","25.7"
"2024","Jackson Merrill","SDP","593","0.83579639","0.88801572","0.27506775","0.64762931","0.81364393","0.41915086","0.27345309","0.55474453","0.22628726","0.05113636","0","0.07949413","0.292418772","Jackson Merrill","29490","701538","Merrill, Jackson","701538","2024","17","4.9","0.292","0.5","0.326","0.826","0.352","0.375","0.408","0.438","72.1","21.4","14.9","12.1","30.5","24.7","7.5","27","6.1","1.1","41.2","37.4","90.4","14.6","11.3","80.1","34.5","86.1","20.5","36.8","33.1","26"
"2025","Jackson Merrill","SDP","483","0.83031674","0.86376022","0.25954198","0.66622163","0.75751503","0.4398121","0.31266846","0.46551724","0.21785085","0.07092199","0","0.08279507","0.263636363","Jackson Merrill","29490","701538","Merrill, Jackson","701538","2025","22.4","6.8","0.264","0.457","0.317","0.774","0.331","0.347","0.398","0.421","71.9","19.7","15.5","11.3","30.4","22.3","7.4","17","9.7","1.5","46.9","37.5","89.7","15.2","13","79.6","37.7","81.1","27.1","39.1","30.2","26"
"2026","Jackson Merrill","SDP","441","0.83375315","0.86706949","0.22750716","0.63823934","0.77155172","0.41661891","0.34075724","0.52941176","0.25730659","0.05232558","0","0.09856734","0.235872235","Jackson Merrill","29490","701538","Merrill, Jackson","701538","2026","24.3","6.6","0.236","0.393","0.288","0.681","0.296","0.322","0.364","0.401","73.3","30.1","13.6","10.2","27.8","20.8","7.6","13","9.2","0.3","46.8","38.5","89.9","13.9","10.6","77.7","36.4","82.6","26.5","39.1","28.3","26"
"2026","Jacob Gonzalez","- - -","128","0.77272727","0.8627451","0.26774848","0.65258216","0.85611511","0.43204868","0.31958763","0.64516129","0.19675456","0.07843137","0.5","0.10344828","0.239316239","Jacob Gonzalez","33225","694378","Gonzalez, Jacob","694378","2026","20.3","6.3","0.239","0.385","0.299","0.684","0.302","0.316","0.345","0.364","71.2","12.7","9.9","8.2","25.7","21.3","7.2","3","7.8","-1.8","53","28.1","88.5","17.7","3.3","74.1","38","84.9","18.8","39.1","28.3","26.1"
"2023","Jacob Stallings","MIA","276","0.65695793","0.92610837","0.28505535","0.44292237","0.75773196","0.40405904","0.15748031","0.325","0.23431734","0.01204819","0","0.07656827","0.190871369","Jacob Stallings","13723","607732","Stallings, Jacob","607732","2023","24.3","9.8","0.191","0.286","0.278","0.564","0.256","0.265","0.279","0.292","67.2","0.5","9.4","7.7","40.6","33.3","7.1","7","9","-2.8","47.2","32.4","89.7","9.1","5.6","59.4","22.6","87.2","22.8","48","27.4","21.2"
"2024","Jacob Stallings","COL","281","0.69255663","0.86448598","0.28797763","0.51029748","0.70852018","0.40726934","0.19480519","0.37777778","0.21528425","0.03125","0","0.08946878","0.263374485","Jacob Stallings","13723","607732","Stallings, Jacob","607732","2024","23.1","9.6","0.263","0.453","0.357","0.81","0.353","0.321","0.413","0.364","67.5","1.2","10.4","7.6","36.2","26.4","7.2","9","12.4","-0.1","50.8","32.2","86.6","12.8","7.3","64.5","25.5","79.3","29.8","45","29.4","21.7"
"2025","Jacob Stallings","- - -","129","0.74452555","0.79411765","0.28541667","0.59605911","0.7107438","0.42291667","0.35135135","0.35897436","0.23125","0.13793103","0.25","0.06041667","0.134453781","Jacob Stallings","13723","607732","Stallings, Jacob","607732","2025","31","4.7","0.134","0.168","0.195","0.363","0.171","0.211","0.197","0.261","67.1","0.4","3.6","2.6","32.5","23","7.2","11","12.3","3.4","51.5","31.8","85","10.6","1.3","70.9","39.8","74.6","34.1","50","25","20"
"2024","Jacob Wilson","OAK","103","0.70886076","0.94642857","0.22636103","0.56521739","0.92307692","0.46131805","0.27848101","0.54545455","0.22636103","0.1","0.66666667","0.08595989","0.25","Jacob Wilson","33266","805779","Wilson, Jacob","805779","2024","9.7","7.8","0.25","0.315","0.314","0.629","0.281","0.291","0.27","0.283","63.4","0.7","1.5","1.4","43.9","39.2","6.1","4","4.4","-5.5","35.1","35","85.4","9.5","0","65.4","36.8","93.1","12.7","52.4","16.7","27.4"
"2025","Jacob Wilson","ATH","523","0.71172962","0.94134078","0.28991354","0.54761905","0.93861893","0.41152738","0.28176796","0.80392157","0.20864553","0.08333333","0.46153846","0.08991354","0.310699588","Jacob Wilson","33266","805779","Wilson, Jacob","805779","2025","7.5","5.2","0.311","0.444","0.355","0.799","0.348","0.304","0.352","0.302","63.8","0.3","4.4","4","42.9","38.9","6.1","9","2.7","-0.6","35.6","35.1","84.6","8.8","2.2","66.6","32.1","92.4","9.6","53.3","17.1","24.2"
"2026","Jacob Wilson","ATH","291","0.78174603","0.94416244","0.25793245","0.5875","0.89361702","0.40941658","0.40677966","0.75","0.24155578","0.17977528","0.5","0.09109519","0.27173913","Jacob Wilson","33266","805779","Wilson, Jacob","805779","2026","11","3.8","0.272","0.395","0.303","0.698","0.306","0.286","0.325","0.301","64.6","0.6","6.7","5.8","38.1","32.8","6.2","7","4.5","-1.3","38.2","34.7","83.9","7.3","2.5","71.1","41.5","91","14.4","51.2","22.4","23.6"
"2023","Jacob Young","WSN","121","0.664","0.92771084","0.26824034","0.49261084","0.8","0.43562232","0.2254902","0.47826087","0.21888412","0.08333333","0","0.07725322","0.252336448","Jacob Young","29931","696285","Young, Jacob","696285","2023","18.2","8.3","0.252","0.336","0.322","0.658","0.294","0.28","0.318","0.298","67.9","2.8","10.7","8.5","34.3","27.3","7.1","5","9.7","4.6","64.3","32.4","86.4","1.8","0","60.7","30.2","87.2","20.9","58","13.6","21.6"
"2024","Jacob Young","WSN","521","0.64716007","0.91223404","0.2971867","0.43523921","0.80428954","0.43836317","0.21907216","0.62352941","0.19846547","0.04651163","0.33333333","0.06598465","0.256410256","Jacob Young","29931","696285","Young, Jacob","696285","2024","19.6","5.8","0.256","0.331","0.316","0.647","0.29","0.291","0.323","0.326","68.1","1.4","8.9","7.3","35.6","29.3","6.9","20","6.4","5.8","50.6","31","85.8","4","1.6","60.3","27.8","87.9","19.3","56.5","15.4","23.1"
"2025","Jacob Young","WSN","364","0.61971831","0.93181818","0.31208791","0.43898305","0.84942085","0.43223443","0.19230769","0.46","0.19047619","0.04494382","0.5","0.06520147","0.231481481","Jacob Young","29931","696285","Young, Jacob","696285","2025","17.9","7.4","0.231","0.287","0.296","0.583","0.264","0.297","0.28","0.325","68.3","1.6","11.7","9.9","40.1","33.9","7","12","5.9","4","49.9","31.1","87.6","3.8","1.9","60.1","23.9","89.1","17.4","56.5","14.9","24.2"
"2026","Jacob Young","WSN","325","0.62229102","0.91542289","0.27120067","0.47859922","0.80894309","0.43157011","0.22692308","0.45762712","0.21830395","0.05319149","0","0.07892527","0.237288135","Jacob Young","29931","696285","Young, Jacob","696285","2026","17.5","6.5","0.237","0.39","0.298","0.688","0.303","0.319","0.331","0.353","69.4","2.4","15","12","43.1","34.4","7.2","10","12","0.7","61.6","30.7","88.6","10.7","6.6","59.8","27.2","88.3","21","40.5","26.9","28.1"
"2025","Jahmai Jones","DET","150","0.86428571","0.87603306","0.23529412","0.4673913","0.74418605","0.46386555","0.1557377","0.31578947","0.20504202","0","null","0.09579832","0.286821705","Jahmai Jones","18872","663330","Jones, Jahmai","663330","2025","21.3","12","0.287","0.55","0.387","0.937","0.399","0.399","0.469","0.47","73.6","37.1","19.2","14.2","30.5","22.5","7.6","2","12.9","-5.2","59.4","29.6","91.5","20","13.4","69.6","21.5","80.9","26","32","24.7","28.9"
"2026","Jahmai Jones","- - -","120","0.78632479","0.88043478","0.27020785","0.58083832","0.56701031","0.38568129","0.21495327","0.26086957","0.24711316","0.04761905","0","0.09699769","0.166666666","Jahmai Jones","18872","663330","Jones, Jahmai","663330","2026","33.3","10","0.167","0.315","0.25","0.565","0.254","0.303","0.325","0.414","73","33","18","11.7","32.8","21.3","7.7","3","13.9","-9.6","52.5","30.6","90.9","13.5","10.3","72.8","29.6","76","35.7","38.2","29.4","23.5"
"2023","Jake Alu","WSN","175","0.66666667","0.91525424","0.26106195","0.57278481","0.75690608","0.4660767","0.27007299","0.48648649","0.2020649","0.04166667","0","0.07079646","0.226415094","Jake Alu","25569","666906","Alu, Jake","666906","2023","24","5.7","0.226","0.289","0.282","0.571","0.256","0.283","0.298","0.336","67.6","2.3","8.9","6.6","34","25.2","6.6","3","8.8","0.4","44.8","35.6","88.6","5.1","2.5","66","32.9","79.7","26.5","55.8","17.5","25"
"2023","Jake Bauers","NYY","272","0.75465839","0.83950617","0.2754491","0.47440945","0.64315353","0.43455945","0.17374517","0.35555556","0.22155689","0.075","0","0.06843456","0.202479338","Jake Bauers","15194","641343","Bauers, Jake","641343","2023","34.9","9.9","0.202","0.413","0.279","0.692","0.297","0.332","0.414","0.476","75","57.5","13.8","9.3","24.1","16.4","7.8","5","14.1","-4.3","50","35.4","89.1","13.8","18.7","66.2","24.7","75.8","33.3","37.3","32.7","22.7"
"2024","Jake Bauers","MIL","346","0.77699531","0.8489426","0.28174603","0.47345133","0.67601246","0.4484127","0.11945392","0.17142857","0.19378307","0.04347826","0","0.0760582","0.198675496","Jake Bauers","15194","641343","Bauers, Jake","641343","2024","34.1","11.3","0.199","0.361","0.301","0.662","0.294","0.304","0.39","0.408","73.8","30.7","11","8.1","23.7","17.6","7.5","14","13.8","-4.5","48.4","35.7","89.4","22.6","10.3","68.8","19.8","79.6","29.1","28.3","35.3","25.5"
"2025","Jake Bauers","MIL","218","0.76190476","0.90625","0.28156425","0.44010417","0.69822485","0.42905028","0.11578947","0.27272727","0.2122905","0.01449275","0","0.07709497","0.234972677","Jake Bauers","15194","641343","Bauers, Jake","641343","2025","27.1","14.7","0.235","0.399","0.353","0.752","0.333","0.354","0.395","0.431","76.5","71.4","16.9","13","27.8","21.4","7.7","7","12","-2.9","50","34.5","91.7","16.6","13.7","65.7","20.4","83.4","26.4","35.2","30.4","26.4"
"2026","Jake Bauers","MIL","386","0.70243902","0.90277778","0.26098027","0.44478064","0.66666667","0.42075111","0.14049587","0.33333333","0.23106302","0.04379562","0.16666667","0.0872056","0.266666666","Jake Bauers","15194","641343","Bauers, Jake","641343","2026","26.2","13.5","0.267","0.491","0.37","0.861","0.373","0.36","0.462","0.442","76.8","71.4","22.4","16.7","35.1","26.2","7.7","19","10.6","-1.2","50.1","34.6","92.8","10.8","13.6","63","20.5","82.4","27.6","43","28.7","25.7"
"2023","Jake Burger","- - -","540","0.74658869","0.85117493","0.25048828","0.59885057","0.67370441","0.42480469","0.38596491","0.41477273","0.22265625","0.12440191","0.19230769","0.10205078","0.25","Jake Burger","22275","669394","Burger, Jake","669394","2023","27.6","5.9","0.25","0.518","0.309","0.827","0.349","0.359","0.454","0.469","76","64.5","23.5","16.4","32.6","22.7","7.7","8","9.2","-8.4","59.4","24.3","91.9","12.3","16.7","70.8","38.5","78.6","34.1","42.9","21.9","25.1"
"2024","Jake Burger","MIA","579","0.74846626","0.87704918","0.23498318","0.6","0.70949721","0.43008169","0.35281837","0.44378698","0.2301778","0.08256881","0.11111111","0.10475733","0.250467289","Jake Burger","22275","669394","Burger, Jake","669394","2024","25.9","5.4","0.25","0.46","0.301","0.761","0.325","0.339","0.415","0.435","74.6","46.6","20","14.3","33.3","23.9","7.5","17","8.4","-6.1","54.5","23.7","91.3","13","12.4","70","36.6","81.2","30.1","44","28.3","20.8"
"2025","Jake Burger","TEX","376","0.74157303","0.86363636","0.26888218","0.61921708","0.74425287","0.4244713","0.36071429","0.32673267","0.21148036","0.12698413","0.1875","0.09516616","0.235955056","Jake Burger","22275","669394","Burger, Jake","669394","2025","24.7","3.2","0.236","0.419","0.269","0.688","0.295","0.324","0.372","0.414","74.6","49.6","21.6","15.5","32.1","23","7.4","13","7.5","-3.9","53","24.9","90.4","16.1","13.9","71.3","39.7","83.4","29.2","39.5","28.6","22.9"
"2026","Jake Burger","TEX","418","0.7150838","0.83203125","0.23506238","0.57673667","0.71428571","0.40643467","0.35844156","0.33333333","0.25279054","0.11180124","0.11111111","0.10571241","0.238219895","Jake Burger","22275","669394","Burger, Jake","669394","2026","26.6","7.4","0.238","0.429","0.299","0.728","0.317","0.303","0.398","0.377","75.5","59.9","19.9","13.4","33.3","22.4","7.5","22","9.3","-8.2","59.8","25.9","90","14","11.1","66.8","37","79.4","34.6","44","27.5","20.1"
"2023","Jake Cave","PHI","203","0.7037037","0.89473684","0.26568266","0.57738095","0.72680412","0.41328413","0.21319797","0.54761905","0.24231242","0.0625","0","0.07872079","0.211956521","Jake Cave","14477","595909","Cave, Jake","595909","2023","27.1","7.4","0.212","0.348","0.272","0.62","0.271","0.277","0.333","0.341","68.9","2.1","13.9","10.3","32.4","24","6.9","5","11.9","5.5","47.9","37.6","89.3","15.3","7.6","68.3","30.1","81.6","27","38.6","34.8","23.5"
"2024","Jake Cave","COL","346","0.75301205","0.872","0.24684015","0.59649123","0.73262032","0.466171","0.25806452","0.45833333","0.20743494","0.09345794","0","0.0795539","0.250773993","Jake Cave","14477","595909","Cave, Jake","595909","2024","28.3","5.2","0.251","0.396","0.29","0.686","0.295","0.281","0.391","0.37","69.4","7.2","9.4","6.9","30.4","22.2","7","17","11.3","3.4","44.9","35.9","87.5","7.5","5.3","70.9","33.6","79.1","28.2","45.9","24.5","27.9"
"2023","Jake Cronenworth","SDP","522","0.67758621","0.94147583","0.2815534","0.54276316","0.86464646","0.44271845","0.18823529","0.55","0.20631068","0.05594406","0","0.06941748","0.229257641","Jake Cronenworth","18036","630105","Cronenworth, Jake","630105","2023","18.6","8.8","0.229","0.378","0.312","0.69","0.301","0.306","0.321","0.327","68.2","4.2","10.4","9.2","31.3","27.5","6.8","4","5.4","2.9","32.4","32.7","87.4","15.2","4.4","67.2","26.5","90.7","16","37.6","29.2","26.2"
"2024","Jake Cronenworth","SDP","656","0.7259552","0.94010889","0.27579942","0.47447699","0.82892416","0.43422965","0.17922948","0.52336449","0.21693314","0.02985075","0.16666667","0.07303779","0.240901213","Jake Cronenworth","18036","630105","Cronenworth, Jake","630105","2024","18","9.3","0.241","0.39","0.324","0.714","0.315","0.339","0.336","0.371","69.3","6.2","11.7","9.8","31.4","26.3","7.1","11","6.2","1.2","35.8","33.3","88.6","13.9","7.8","66","23","89.2","17.1","43.6","25.3","23.8"
"2025","Jake Cronenworth","SDP","515","0.68708609","0.91084337","0.27655678","0.46065058","0.8405467","0.43635531","0.13473684","0.421875","0.21749084","0.05263158","0.125","0.06959707","0.245823389","Jake Cronenworth","18036","630105","Cronenworth, Jake","630105","2025","20.8","13.4","0.246","0.377","0.367","0.744","0.333","0.319","0.35","0.328","70.9","15.5","11.9","9.7","30.2","24.6","7","9","7.3","-0.5","36.6","31.2","88.5","14.9","6.2","62.2","22.2","88.6","18.8","43","30","21.4"
"2026","Jake Cronenworth","SDP","211","0.69724771","0.94736842","0.25707547","0.49726776","0.8021978","0.43160377","0.22404372","0.41463415","0.21580189","0.11111111","0.11111111","0.09551887","0.213114754","Jake Cronenworth","18036","630105","Cronenworth, Jake","630105","2026","21.3","10.4","0.213","0.29","0.311","0.601","0.279","0.306","0.29","0.331","71.8","18.8","12.9","10","29","22.5","7.2","5","7.3","-0.3","37.2","31","88","7.2","5","65.2","27.7","90.5","22.4","55","16.4","22.9"
"2023","Jake Fraley","CIN","380","0.80216802","0.89864865","0.25985915","0.59605911","0.74380165","0.42887324","0.23170732","0.46052632","0.23098592","0.03508772","0","0.08028169","0.25595238","Jake Fraley","19260","641584","Fraley, Jake","641584","2023","18.7","9.7","0.256","0.443","0.339","0.782","0.338","0.327","0.373","0.357","71.7","16.2","9.4","6.9","21.3","15.7","7.1","0","10.2","-7.5","37.7","38.9","84.6","16.5","6.4","75.5","30.2","83.4","24.1","38.3","27.4","25.9"
"2024","Jake Fraley","CIN","382","0.87239583","0.89552239","0.28850488","0.63928571","0.77932961","0.42073629","0.26315789","0.48","0.21412472","0.02941176","0.33333333","0.07663411","0.277142857","Jake Fraley","19260","641584","Fraley, Jake","641584","2024","18.3","6.8","0.277","0.386","0.33","0.716","0.314","0.29","0.353","0.321","71.8","19.8","7.3","5.9","25.8","20.6","7.1","1","8.2","-6.5","36.9","38.2","84.3","11.1","3.2","81.2","31.6","84.3","21.3","44.2","21.2","27.2"
"2025","Jake Fraley","- - -","217","0.77056277","0.92696629","0.27697842","0.49421965","0.73099415","0.41486811","0.2","0.25641026","0.23381295","0.0483871","0","0.07434053","0.240837696","Jake Fraley","19260","641584","Fraley, Jake","641584","2025","22.6","11.5","0.241","0.382","0.332","0.714","0.316","0.315","0.358","0.358","71.6","16.1","10.7","8.2","27.1","20.8","7.1","3","8.8","-6.5","38.7","37.5","85.2","17.8","5","68.9","26.6","87","24.2","34.5","26.1","30.3"
"2025","Jake Mangum","TBR","428","0.81067961","0.89520958","0.28710801","0.67807154","0.85550459","0.44808362","0.37906137","0.59047619","0.19303136","0.11650485","0.33333333","0.071777","0.296296296","Jake Mangum","26202","663968","Mangum, Jake","663968","2025","15","4.4","0.296","0.368","0.33","0.698","0.307","0.276","0.341","0.303","67.3","5.2","9.9","8.1","33.4","27.3","6.5","8","2.3","11.7","31.1","29.3","87.3","-0.7","2.7","78.7","43.8","86.8","18.9","61.8","14.3","20.7"
"2026","Jake Mangum","PIT","299","0.72924188","0.88118812","0.25296804","0.65842697","0.81569966","0.40639269","0.45977011","0.74166667","0.23835616","0.25","0.75","0.10228311","0.301818181","Jake Mangum","26202","663968","Mangum, Jake","663968","2026","17.4","4.7","0.302","0.371","0.348","0.719","0.32","0.284","0.361","0.314","67.3","3","6","4.8","30.6","24.3","6.6","10","3.7","10.3","35.1","31.5","84.8","3","1.3","73.5","47.4","82.5","21","61.2","13.7","20.7"
"2023","Jake McCarthy","ARI","312","0.76086957","0.94761905","0.24533333","0.55172414","0.78472222","0.464","0.25819672","0.44444444","0.21688889","0.01204819","0","0.07377778","0.242753623","Jake McCarthy","21622","664983","McCarthy, Jake","664983","2023","19.9","8.3","0.243","0.326","0.318","0.644","0.289","0.295","0.313","0.322","68.6","6.9","4.1","3.1","28.1","21.4","6.9","1","10.4","-2.7","53.5","34.6","85.3","7.5","2.3","71","31.6","87.8","22.6","54.3","19.2","21"
"2024","Jake McCarthy","ARI","495","0.69758065","0.9566474","0.27990971","0.54304636","0.82926829","0.42607223","0.25679012","0.45192308","0.2285553","0.00862069","0","0.06546275","0.285067873","Jake McCarthy","21622","664983","McCarthy, Jake","664983","2024","15.8","6.3","0.285","0.4","0.349","0.749","0.329","0.314","0.355","0.335","67.2","3","6.7","5.6","31.7","26.5","6.7","12","8.8","1.4","49.7","34.7","84.5","9.1","2.7","67.1","31.1","92.1","17.6","52.2","21","21.8"
"2025","Jake McCarthy","ARI","222","0.67123288","0.92517007","0.25886525","0.53475936","0.8","0.44208038","0.27093596","0.50909091","0.23995272","0.02","1","0.05910165","0.203883495","Jake McCarthy","21622","664983","McCarthy, Jake","664983","2025","18","4.5","0.204","0.345","0.247","0.592","0.256","0.286","0.286","0.326","69.7","7.8","8.9","7.2","33.2","26.7","7","3","8.4","-1.1","47.9","32.4","84.7","6.5","5.3","64.7","34.4","88.2","21.1","55.9","21.8","16.5"
"2026","Jake McCarthy","COL","357","0.78965517","0.88209607","0.24638912","0.66138614","0.80838323","0.42905692","0.3057554","0.51764706","0.23619371","0.03846154","0","0.08836024","0.292682926","Jake McCarthy","21622","664983","McCarthy, Jake","664983","2026","18.2","5","0.293","0.491","0.334","0.825","0.354","0.305","0.412","0.346","71","12.1","9.3","7.2","30.8","23.7","7.1","5","8.6","-1.8","49.3","32.8","84.9","11.5","5.2","78","37.6","84.2","23.1","46.7","20.7","25.9"
"2023","Jake Meyers","HOU","341","0.75824176","0.87318841","0.27471698","0.53470919","0.72280702","0.40226415","0.22330097","0.33333333","0.23320755","0.03361345","0","0.08981132","0.226537216","Jake Meyers","20308","676694","Meyers, Jake","676694","2023","25.8","7.6","0.227","0.382","0.296","0.678","0.297","0.283","0.358","0.337","69","9","8.3","6.4","31.7","24.4","7.1","4","11.5","-6.8","45.3","31.3","86","13.9","6.3","69.5","26.8","82.1","27","41.9","30.6","21.2"
"2024","Jake Meyers","HOU","513","0.73202614","0.88690476","0.2526142","0.55273189","0.73333333","0.43313154","0.24759615","0.37864078","0.22894882","0.06451613","0","0.08530545","0.219088937","Jake Meyers","20308","676694","Meyers, Jake","676694","2024","22.8","6.8","0.219","0.36","0.286","0.646","0.285","0.306","0.327","0.359","68.5","7.8","10.5","7.9","31.9","24.1","7","30","9.2","-4.3","44.2","30.4","88.2","14.4","6.9","68.4","31.1","84","27","44.2","27.4","21.7"
"2025","Jake Meyers","HOU","381","0.77453581","0.96917808","0.28134328","0.47658863","0.74035088","0.44626866","0.17509728","0.33333333","0.19179104","0.05555556","0","0.08059701","0.291545189","Jake Meyers","20308","676694","Meyers, Jake","676694","2025","17.6","8.1","0.292","0.373","0.354","0.727","0.323","0.325","0.355","0.358","68.4","4.9","12.4","10.1","35.2","28.7","6.9","22","6.8","-2.2","43","32.4","88.1","9.8","5","69.2","23.7","88.8","21.2","48.9","20.4","26.8"
"2026","Jake Meyers","HOU","148","0.74452555","0.92156863","0.25996205","0.61085973","0.82962963","0.41935484","0.23846154","0.32258065","0.24667932","0.05128205","0","0.0740038","0.205882352","Jake Meyers","20308","676694","Meyers, Jake","676694","2026","20.3","6.8","0.206","0.316","0.264","0.58","0.259","0.255","0.286","0.28","67.5","4.7","6.9","5.6","33","26.5","7","8","8.5","-5.1","50.4","32.5","85.7","15.5","6.5","72.4","32.8","87.6","21.7","42.1","29","19.6"
"2023","Jake Rogers","DET","365","0.71229698","0.83713355","0.30352113","0.47861842","0.604811","0.42816901","0.16666667","0.41304348","0.1943662","0.03809524","0","0.07394366","0.220543806","Jake Rogers","19452","668670","Rogers, Jake","668670","2023","32.3","7.7","0.221","0.444","0.286","0.73","0.312","0.319","0.428","0.44","70","4.5","14.9","10.4","42.1","29.4","7.4","3","16.8","0.3","55.5","32","90.4","14.7","12.1","66.3","22.7","74.6","31.7","36.6","32.4","24.1"
"2024","Jake Rogers","DET","337","0.75366569","0.81322957","0.27389558","0.51926606","0.6360424","0.437751","0.19685039","0.48","0.20401606","0.03809524","0","0.08433735","0.196774193","Jake Rogers","19452","668670","Rogers, Jake","668670","2024","29.4","6.5","0.197","0.352","0.255","0.607","0.264","0.299","0.339","0.395","70.7","6","13.8","9.5","38.8","26.8","7.3","12","18.5","0","55.1","33.1","89","15.7","9.9","68.4","25.9","75.2","32.7","40.4","32.9","21.1"
"2025","Jake Rogers","DET","142","0.73170732","0.89166667","0.2877193","0.44747082","0.70434783","0.45087719","0.14150943","0.33333333","0.18596491","0","null","0.0754386","0.186991869","Jake Rogers","19452","668670","Rogers, Jake","668670","2025","27.5","10.6","0.187","0.333","0.277","0.61","0.27","0.274","0.314","0.32","70.5","5","13","9.9","34.3","26.1","7.5","8","16","-2.2","65.2","31.1","89.5","17.2","9.2","63.2","22.2","80.2","26.7","42.5","24.1","21.8"
"2026","Jake Rogers","DET","110","0.67479675","0.90361446","0.28275862","0.44886364","0.65822785","0.4045977","0.1827957","0.35294118","0.2137931","0.09302326","0.5","0.09885057","0.161290322","Jake Rogers","19452","668670","Rogers, Jake","668670","2026","28.2","11.8","0.161","0.301","0.266","0.567","0.257","0.261","0.285","0.291","70.7","5.6","10.7","8","33.1","24.7","7.6","8","16.2","-3.8","63.4","29.9","87.7","23.9","7.7","60.7","26.3","80.5","27.8","30.8","40","18.5"
"2025","Jakob Marsee","MIA","234","0.7032967","0.91145833","0.30987514","0.46153846","0.7797619","0.41316686","0.0952381","0.4375","0.1906924","0.01315789","0","0.08626561","0.291866028","Jakob Marsee","31370","805300","Marsee, Jakob","805300","2025","20.5","9.4","0.292","0.478","0.363","0.841","0.363","0.347","0.422","0.399","70.5","3.9","19","15.5","36.9","30.1","6.8","3","5.4","-2.3","43.1","33.3","88.9","10.9","8.1","63.1","19.9","87.3","19.5","44.4","24.1","27.2"
"2026","Jakob Marsee","MIA","421","0.68105516","0.94366197","0.2525742","0.42776999","0.83934426","0.43185948","0.14213198","0.41071429","0.23864325","0.09448819","0","0.07692308","0.196581196","Jakob Marsee","31370","805300","Marsee, Jakob","805300","2026","22.1","13.1","0.197","0.291","0.32","0.611","0.285","0.299","0.284","0.306","70.5","7.1","9.5","8","31.3","26.1","6.7","20","6.9","-6.1","48.1","30.9","86.8","18.2","3.4","58.3","23.5","91.9","18.9","39","23.5","24.6"
"2023","James McCann","BAL","226","0.71361502","0.86842105","0.2514758","0.6424581","0.7","0.42266824","0.32227488","0.35294118","0.24911452","0.12307692","0.125","0.07674144","0.222222222","James McCann","12859","543510","McCann, James","543510","2023","25.2","4","0.222","0.377","0.269","0.646","0.279","0.318","0.345","0.403","70.3","11.1","16.2","11.1","30.9","21.2","7.2","5","13.2","-3.6","43.6","37.8","89.8","16.6","7.1","70","38.6","82","31.4","40","30.3","24.5"
"2024","James McCann","BAL","233","0.7106383","0.8502994","0.26857143","0.58746736","0.76","0.43771429","0.29545455","0.34615385","0.20114286","0.08641975","0.14285714","0.09257143","0.233644859","James McCann","12859","543510","McCann, James","543510","2024","24","5.6","0.234","0.388","0.279","0.667","0.288","0.315","0.351","0.39","70.7","10.8","13.5","9.8","31.6","22.9","6.9","4","9.7","-0.9","45.3","38.5","87.4","14.4","8.8","69.6","33.6","82.4","27.6","38.9","29","25.9"
"2025","James McCann","ARI","137","0.68382353","0.90322581","0.26824458","0.53809524","0.69026549","0.41420118","0.29508197","0.33333333","0.24063116","0.15384615","0.33333333","0.07692308","0.260162601","James McCann","12859","543510","McCann, James","543510","2025","24.1","5.8","0.26","0.431","0.324","0.755","0.328","0.313","0.398","0.375","71.6","19.1","20.4","14.1","38.2","26.4","7","4","10.6","-3.1","44.2","35.9","92.3","8.3","7.6","67.6","32.7","79.6","30.2","48.9","26.1","21.7"
"2023","James Outman","LAD","567","0.76190476","0.84482759","0.25892857","0.51564077","0.58708415","0.42134354","0.17431193","0.26315789","0.23171769","0.0531401","0.09090909","0.0880102","0.248447204","James Outman","24770","681546","Outman, James","681546","2023","31.9","12","0.248","0.437","0.353","0.79","0.344","0.324","0.456","0.418","73.4","33.5","11.4","7.9","23.2","16.1","7.8","14","11.5","-2.6","46.2","35.3","87.9","15.7","11.1","68.5","25.4","73.5","36.6","39.2","30.4","23.2"
"2024","James Outman","LAD","156","0.74358974","0.87068966","0.24605678","0.52861953","0.59872611","0.46845426","0.16666667","0.22727273","0.20820189","0.12244898","0","0.07728707","0.147058823","James Outman","24770","681546","Outman, James","681546","2024","35.3","10.3","0.147","0.265","0.256","0.521","0.242","0.29","0.294","0.386","73.1","30.7","10.9","6.8","26.6","16.6","7.9","7","13.8","-4.4","46.8","34.3","87.6","15.3","5","67.3","28.2","75","37.1","33.3","28.4","27.2"
"2025","James Outman","- - -","148","0.73125","0.83760684","0.26446281","0.50724638","0.55","0.45619835","0.2295082","0.14285714","0.20165289","0.04255319","0","0.07768595","0.134328358","James Outman","24770","681546","Outman, James","681546","2025","42.6","8.1","0.134","0.321","0.216","0.537","0.237","0.265","0.357","0.416","72.7","27","13.2","8.5","24.5","15.7","7.8","10","18.1","-6.3","45.7","37.6","88","18","16.9","66","28.4","72.3","40.4","36.6","33.8","19.7"
"2026","James Outman","- - -","166","0.76129032","0.75423729","0.22997033","0.5916955","0.63157895","0.42878338","0.26708075","0.18604651","0.2388724","0.11594203","0","0.10237389","0.162337662","James Outman","24770","681546","Outman, James","681546","2026","42.2","6","0.162","0.292","0.223","0.515","0.23","0.214","0.354","0.323","72.1","18.3","10.4","6.2","26.2","15.7","7.8","14","15.1","-5.9","47.7","34.6","86.2","16.2","6","75.1","30.6","70.6","42.2","36.9","29.8","22.6"
"2024","James Wood","WSN","336","0.60916442","0.87168142","0.26424501","0.40635452","0.71604938","0.42592593","0.196875","0.3015873","0.22792023","0.04347826","0","0.08190883","0.264406779","James Wood","29518","695578","Wood, James","695578","2024","28.9","11.6","0.264","0.427","0.354","0.781","0.342","0.354","0.439","0.461","73.9","44.5","21.3","15.5","33.2","24.3","7.4","17","8.2","4.4","37.6","40.1","92.8","2.4","10.7","55.4","21","80","29.6","55.1","18.2","25.8"
"2025","James Wood","WSN","689","0.62823834","0.83917526","0.26740561","0.42046363","0.66539924","0.43332179","0.20520674","0.30597015","0.22618635","0.07582938","0.125","0.07308625","0.255852842","James Wood","29518","695578","Wood, James","695578","2025","32.1","12.3","0.256","0.475","0.35","0.825","0.353","0.361","0.486","0.502","76","62.3","23.1","16.2","33.9","23.8","7.7","44","11","2","41.5","39.7","94.3","6.3","16.4","55.8","24.4","77","32.9","49.7","21.3","27.6"
"2026","James Wood","WSN","513","0.64509804","0.86018237","0.2402261","0.42303307","0.69811321","0.41309468","0.18929254","0.27272727","0.24634951","0.05164319","0.09090909","0.10032972","0.271428571","James Wood","29518","695578","Wood, James","695578","2026","28.8","16.8","0.271","0.552","0.398","0.95","0.403","0.424","0.532","0.572","76.9","68.6","24.5","17.6","34.5","24.8","7.4","39","11.5","0.8","43","39.1","95.2","10.1","21.5","57.3","22.3","81.6","31.3","42.5","28.4","27.6"
"2023","Jared Triolo","PIT","209","0.66666667","0.81818182","0.27532777","0.48502994","0.7037037","0.39809297","0.21153846","0.31818182","0.24791418","0.09090909","0","0.07866508","0.298342541","Jared Triolo","25807","669707","Triolo, Jared","669707","2023","30.1","11.5","0.298","0.398","0.388","0.786","0.35","0.326","0.456","0.415","69.2","2","10.7","7.6","33.7","23.9","8","9","12.3","-3.5","49.2","39.7","86.6","10.6","5.9","62.8","25.9","77.6","32.4","40.3","23.5","32.8"
"2024","Jared Triolo","PIT","446","0.77754678","0.87700535","0.27267574","0.47929737","0.71465969","0.45181406","0.21067416","0.33333333","0.20181406","0.04615385","0","0.07369615","0.21573604","Jared Triolo","25807","669707","Triolo, Jared","669707","2024","26.5","9.4","0.216","0.315","0.296","0.611","0.275","0.296","0.32","0.355","70.4","6.1","12.5","9.4","30.2","22.8","7.8","19","9.9","-2","50.6","39","88.4","13.4","5.4","70","25.1","80.4","27.4","41.3","26","28.1"
"2025","Jared Triolo","PIT","376","0.76122931","0.87888199","0.2909216","0.47292994","0.78114478","0.43191197","0.17105263","0.30769231","0.2090784","0.07070707","0","0.06808803","0.226586102","Jared Triolo","25807","669707","Triolo, Jared","669707","2025","20.2","10.4","0.227","0.356","0.311","0.667","0.296","0.31","0.322","0.343","71.6","14.3","14.6","11.4","32.9","25.7","7.8","14","8.7","-2.3","44.4","37.3","89","14.7","6.2","68.9","24.3","85.3","24","40.9","27.4","24.7"
"2026","Jared Triolo","PIT","245","0.67692308","0.92045455","0.2832244","0.49234694","0.75647668","0.42701525","0.16853933","0.4","0.19389978","0.01136364","0","0.09586057","0.245454545","Jared Triolo","25807","669707","Triolo, Jared","669707","2026","22","7.8","0.245","0.314","0.314","0.628","0.285","0.281","0.323","0.317","70.6","5","12.7","10","35.9","28.3","7.6","5","7.3","0.5","47.6","37.5","87.6","5","2.4","64.4","23.9","85.3","22.7","52.7","18.6","26.3"
"2023","Jared Walsh","LAA","116","0.7107438","0.69767442","0.26361656","0.49494949","0.54081633","0.43137255","0.22222222","0.25","0.23529412","0.09375","0","0.06971678","0.125","Jared Walsh","18607","665120","Walsh, Jared","665120","2023","38.8","9.5","0.125","0.279","0.216","0.495","0.222","0.224","0.295","0.298","73.3","23.1","11.1","6.2","30.6","16.9","7.9","0","17.2","-4.8","44.3","33","86.1","18.4","6.8","66.2","27.4","63.9","45.3","35.6","28.8","25.4"
"2026","Jared Young","NYM","187","0.76300578","0.85606061","0.24263675","0.51768489","0.75776398","0.43618513","0.20481928","0.55882353","0.23281907","0.06349206","0","0.08835905","0.253012048","Jared Young","20404","676724","Young, Jared","676724","2026","19.8","7.5","0.253","0.428","0.332","0.76","0.334","0.33","0.372","0.366","73.2","34.7","17","12.8","32.6","24.6","7.2","4","7.7","0.1","58.2","27.8","89.9","10.2","10","69.3","26.5","80.7","25.6","48.5","22.3","21.5"
"2023","Jarred Kelenic","SEA","416","0.7529976","0.85031847","0.25060096","0.51872399","0.6684492","0.43329327","0.23369565","0.29069767","0.22115385","0.03164557","0.2","0.09495192","0.252688172","Jarred Kelenic","22558","672284","Kelenic, Jarred","672284","2023","31.7","9.9","0.253","0.419","0.327","0.746","0.321","0.333","0.437","0.458","72.1","20.9","11.5","7.8","29.9","20.2","7","4","12.2","-0.8","48.5","32.1","90.9","10.1","9.5","66.4","28.6","77.4","33.8","43.8","24.4","29.8"
"2024","Jarred Kelenic","ATL","449","0.75941423","0.81267218","0.27189989","0.54484605","0.68304668","0.42491468","0.245","0.29591837","0.22753129","0.05263158","0","0.07565415","0.230582524","Jarred Kelenic","22558","672284","Kelenic, Jarred","672284","2024","29.6","7.1","0.231","0.393","0.286","0.679","0.294","0.311","0.388","0.415","72.6","24.6","16.3","11","34.8","23.5","7.3","18","14.3","-0.7","54.7","33","89.8","16","9.9","69.2","29.7","76.7","33.4","35.3","30","29"
"2023","Jarren Duran","BOS","362","0.76388889","0.91636364","0.25769506","0.57886179","0.78932584","0.44022906","0.27561837","0.35897436","0.20257695","0.04316547","0","0.09949893","0.295180722","Jarren Duran","24617","680776","Duran, Jarren","680776","2023","24.9","6.6","0.295","0.482","0.346","0.828","0.354","0.322","0.447","0.401","73.2","34","13.7","11","29.2","23.5","7.7","2","4.4","0.9","38","31.4","89.9","10.7","5.3","73.3","30","86.1","24.6","41.8","24.6","29.1"
"2024","Jarren Duran","BOS","735","0.73291139","0.9119171","0.27777778","0.52388797","0.77201258","0.42686357","0.23220339","0.37226277","0.20745429","0.072","0","0.08790436","0.284649776","Jarren Duran","24617","680776","Duran, Jarren","680776","2024","21.8","7.3","0.285","0.492","0.342","0.834","0.357","0.34","0.429","0.405","73.6","36","17.5","13.5","29.9","23","7.6","21","3.9","3.6","35.8","29.4","90.8","9.5","9.3","68.2","28.1","84.4","24.8","46.8","21","25.6"
"2025","Jarren Duran","BOS","696","0.68247126","0.91578947","0.2652439","0.52900433","0.71522095","0.44016768","0.25547445","0.28571429","0.20884146","0.04444444","0","0.08574695","0.256451612","Jarren Duran","24617","680776","Duran, Jarren","680776","2025","24.3","8.6","0.256","0.442","0.332","0.774","0.335","0.326","0.403","0.389","74.7","47.3","19.6","14.3","32.3","23.6","7.5","21","5.4","0.4","43.8","26.6","91.8","12","9.7","64.2","31.1","83.6","29.3","41.5","25.1","25.5"
"2026","Jarren Duran","BOS","425","0.67892157","0.89891697","0.25790139","0.56597774","0.70505618","0.39759798","0.33962264","0.26984127","0.23451327","0.13218391","0.04347826","0.10998736","0.197402597","Jarren Duran","24617","680776","Duran, Jarren","680776","2026","29.2","6.6","0.197","0.34","0.255","0.595","0.261","0.293","0.33","0.38","75","50.1","16","11","26.8","18.5","7.6","20","6","-2.2","43.9","27.6","89.5","12.7","10.1","66.1","34.7","80.6","34.2","46.1","21.2","22.3"
"2023","Jason Delay","PIT","187","0.78846154","0.88414634","0.30498534","0.50526316","0.73611111","0.41788856","0.28888889","0.41025641","0.19794721","0.05555556","0","0.07917889","0.251497005","Jason Delay","19806","641511","Delay, Jason","641511","2023","23.5","7.5","0.251","0.347","0.319","0.666","0.296","0.266","0.346","0.302","67","1.7","2.1","1.7","30.2","24.6","7.1","3","11","-1.4","46.8","36.6","83.8","12.3","3.2","69.6","31.3","83.2","25.6","46.8","22.2","23"
"2023","Jason Heyward","LAD","377","0.6875","0.92045455","0.26685198","0.53706755","0.83128834","0.42182071","0.22985075","0.44155844","0.23280056","0.07079646","0","0.07852675","0.269461077","Jason Heyward","4940","518792","Heyward, Jason","518792","2023","17","9","0.269","0.473","0.34","0.813","0.348","0.318","0.383","0.343","73.7","36.3","12.2","10.4","26.6","22.6","8.1","3","7.7","-6.7","61.5","29.7","87.7","15.4","8.1","65.8","28.4","86","20.7","41.8","21.6","24.9"
"2024","Jason Heyward","- - -","258","0.71923077","0.92513369","0.25390625","0.57727273","0.7519685","0.4296875","0.25819672","0.47619048","0.23828125","0.05","0.25","0.078125","0.210526315","Jason Heyward","4940","518792","Heyward, Jason","518792","2024","20.5","8.5","0.211","0.412","0.288","0.7","0.3","0.293","0.336","0.326","73.2","27.3","13.7","11","26.7","21.4","8.2","7","11.1","-8.6","64.2","27.3","88","10.4","5.7","68","32.5","86.3","24","51.7","20.2","20.2"
"2025","Jasson Domínguez","NYY","429","0.77262181","0.88588589","0.25472813","0.58333333","0.73809524","0.42553191","0.23188406","0.36458333","0.24468085","0.03149606","0","0.0750591","0.257217847","Jasson Dominguez","28080","691176","Domínguez, Jasson","691176","2025","26.8","9.6","0.257","0.388","0.331","0.719","0.316","0.306","0.39","0.375","74","38.3","17.3","12.7","28.9","21.2","7.8","7","6.4","-3.5","46.2","31.3","90.6","13","7","72.9","30.8","82.9","27.2","45.2","27","20.7"
"2026","Jasson Domínguez","NYY","191","0.75","0.925","0.23633678","0.62633452","0.77840909","0.41506647","0.34117647","0.5","0.25110783","0.01515152","0","0.09748892","0.233333333","Jasson Dominguez","28080","691176","Domínguez, Jasson","691176","2026","19.9","4.2","0.233","0.389","0.274","0.663","0.289","0.297","0.338","0.347","74.4","40.2","15","11.5","29.6","22.6","7.8","4","7.3","-7.1","53.2","29.3","88.2","14.1","4.9","70.9","36.6","86.5","24","44.4","21.8","23.9"
"2023","Javier Báez","DET","547","0.71827957","0.83532934","0.23748723","0.62709677","0.74279835","0.39581205","0.45168067","0.46046512","0.24310521","0.1446281","0.08571429","0.12359551","0.221568627","Javier Baez","12979","595879","Báez, Javier","595879","2023","22.9","4.4","0.222","0.325","0.267","0.592","0.261","0.281","0.307","0.336","74","44.6","18.1","12.3","29.3","19.9","8.5","2","10.3","-1.4","53.6","29","88","9.4","5.2","68.1","44","78.3","32.7","50.5","23.5","21.4"
"2024","Javier Báez","DET","289","0.64655172","0.9","0.22745098","0.64705882","0.75889328","0.38333333","0.43461538","0.46902655","0.25490196","0.13138686","0.16666667","0.13431373","0.183823529","Javier Baez","12979","595879","Báez, Javier","595879","2024","23.9","4.2","0.184","0.294","0.221","0.515","0.224","0.268","0.27","0.331","74.7","48.8","17.2","12.3","29.9","21.3","8.6","8","10.7","-5.9","56.1","30.5","88.3","11.2","7.8","64.9","43.2","82.3","30.2","46.6","25.7","20.9"
"2025","Javier Báez","DET","437","0.68181818","0.87843137","0.24269955","0.61326861","0.78364116","0.40103829","0.44179894","0.45508982","0.24529526","0.26315789","0.2","0.1109669","0.256594724","Javier Baez","12979","595879","Báez, Javier","595879","2025","24.8","2.3","0.257","0.399","0.283","0.682","0.294","0.271","0.375","0.343","73.5","34.3","16.2","11.6","30.2","21.6","8.3","10","9.8","-5.3","50.2","30.4","88.2","11.4","5.5","65.4","46.1","83.1","30.6","45.3","27.3","20.6"
"2025","Javier Sanoja","MIA","342","0.63661972","0.95132743","0.29146141","0.4981203","0.89433962","0.43678161","0.26521739","0.67213115","0.18883415","0.05940594","0.5","0.08292282","0.242811501","Javier Sanoja","28253","691594","Sanoja, Javier","691594","2025","12","5.6","0.243","0.396","0.287","0.683","0.294","0.282","0.308","0.292","68.3","3.8","13.4","12.1","41.4","37.3","7.3","8","2.3","-3.2","32.7","20.4","88.5","10.8","1.8","60.8","30.7","91.7","12.4","47.5","18.9","26.1"
"2026","Javier Sanoja","MIA","286","0.68951613","0.95321637","0.26299046","0.57760814","0.88105727","0.41675504","0.34741784","0.83783784","0.22587487","0.08988764","0.25","0.09437964","0.264925373","Javier Sanoja","28253","691594","Sanoja, Javier","691594","2026","8","5.6","0.265","0.392","0.305","0.697","0.305","0.272","0.308","0.269","69.3","7","10.4","9.3","37.6","33.8","7.4","6","4.6","-6.4","50","22.2","86.8","12.3","1.6","64.7","40","91.8","11.9","44.1","18.2","26.3"
"2023","Jazz Chisholm Jr.","MIA","383","0.71808511","0.76666667","0.2433657","0.47474747","0.64741641","0.44854369","0.21282799","0.35616438","0.22200647","0.07518797","0","0.08608414","0.25","Jazz Chisholm Jr.","20454","665862","Chisholm Jr., Jazz","665862","2023","30.8","6.8","0.25","0.457","0.304","0.761","0.325","0.307","0.444","0.414","72.9","30.5","16.9","11.2","33.3","22.1","7.5","5","15.2","-1.6","55.5","36.1","90.3","10.7","12.2","64.4","27","72.7","36.2","50.2","27.8","16.9"
"2024","Jazz Chisholm Jr.","- - -","621","0.71315372","0.81777778","0.25300722","0.53795066","0.7319224","0.42261427","0.23670669","0.45652174","0.23376103","0.03539823","0.125","0.09061748","0.256227758","Jazz Chisholm Jr.","20454","665862","Chisholm Jr., Jazz","665862","2024","24.5","8.5","0.256","0.436","0.324","0.76","0.327","0.317","0.402","0.387","71.8","22.9","14.7","10.3","32.4","22.7","7.5","11","13.7","-1.7","52.6","35","89.7","11.4","9.8","67.2","29.2","77.4","29.3","49.8","25","18.9"
"2025","Jazz Chisholm Jr.","NYY","531","0.73262032","0.82238443","0.26239476","0.50800427","0.65336134","0.43826006","0.21982759","0.40196078","0.21702526","0.04545455","0","0.08231993","0.242424242","Jazz Chisholm Jr.","20454","665862","Chisholm Jr., Jazz","665862","2025","27.9","10.9","0.242","0.481","0.332","0.813","0.349","0.346","0.443","0.438","73.9","41.7","16.3","11.2","29.6","20.4","7.8","7","15.7","-5.9","56.5","32.9","89","15.8","15","68.4","26.6","75.1","32.2","39.5","33.2","17.9"
"2026","Jazz Chisholm Jr.","NYY","400","0.68627451","0.84285714","0.25216316","0.50302115","0.70570571","0.4091471","0.26415094","0.46938776","0.22929543","0.07909605","0.07142857","0.10939431","0.223463687","Jazz Chisholm Jr.","20454","665862","Chisholm Jr., Jazz","665862","2026","30.8","9.5","0.223","0.408","0.297","0.705","0.307","0.29","0.404","0.377","73.1","30.1","14.3","10.1","32.4","23","7.9","14","15.6","-8.4","60.5","31.6","90.8","16.7","9.7","62.7","29.5","75.5","31.5","43.3","28.2","18.9"
"2023","Jean Segura","MIA","326","0.67197452","0.88151659","0.25200642","0.57425743","0.85517241","0.40529695","0.36807818","0.69911504","0.24638844","0.11666667","0.07142857","0.09630819","0.219269102","Jean Segura","5933","516416","Segura, Jean","516416","2023","14.4","6.7","0.219","0.279","0.277","0.556","0.25","0.284","0.255","0.299","69.8","8","17.1","14.9","31.6","27.6","6.6","0","3.6","4.5","39.6","26.9","88","2.9","3.5","65.1","36.9","88.2","19.2","59.2","15.7","17.6"
"2023","Jeff McNeil","NYM","648","0.82401316","0.93413174","0.27724578","0.5867679","0.9038817","0.42042864","0.20717131","0.50961538","0.22891017","0.05590062","0.44444444","0.07341541","0.27008547","Jeff McNeil","15362","643446","McNeil, Jeff","643446","2023","10","6","0.27","0.378","0.333","0.711","0.314","0.296","0.311","0.288","68.1","2.6","4.5","4.1","37.5","34.3","6.9","11","7.4","-2.7","46.7","32.1","86","14.4","1.3","75.9","30","92.6","13.5","42.2","22.1","25.7"
"2024","Jeff McNeil","NYM","472","0.8372591","0.92327366","0.2729398","0.60557769","0.8377193","0.44009351","0.25139665","0.51111111","0.20923437","0.02255639","0","0.07773232","0.238207547","Jeff McNeil","15362","643446","McNeil, Jeff","643446","2024","14.4","7.4","0.238","0.384","0.308","0.692","0.304","0.293","0.314","0.3","68.7","5.3","8","6.8","32.7","27.9","7.2","23","8.2","-5.1","48.4","33","87","14.9","3.1","78.5","30.6","88.9","17.5","39.7","26.7","24.2"
"2025","Jeff McNeil","NYM","462","0.81983806","0.92839506","0.28754366","0.58231293","0.85046729","0.42782305","0.20234604","0.43478261","0.19848661","0.02027027","0","0.08614668","0.243107769","Jeff McNeil","15362","643446","McNeil, Jeff","643446","2025","11.9","10.6","0.243","0.411","0.335","0.746","0.324","0.33","0.318","0.327","70.7","10.2","9.1","7.8","31.5","26.9","7.3","17","8.6","-4.9","47.7","33.1","87.2","15.9","5.1","75.8","26.8","89.5","16.6","36.6","28.3","27.1"
"2026","Jeff McNeil","ATH","325","0.86363636","0.94360902","0.26324786","0.6293279","0.86731392","0.41965812","0.29924242","0.62025316","0.22564103","0.03738318","0.25","0.09145299","0.248299319","Jeff McNeil","15362","643446","McNeil, Jeff","643446","2026","11.7","7.1","0.248","0.333","0.309","0.642","0.287","0.307","0.287","0.312","68.3","3.1","6","5.1","33.7","29.2","7.2","9","6.8","-2","38.1","35.1","86.3","13.7","1.2","81","33","89.7","16.2","42.7","21.5","28.8"
"2023","Jeimer Candelario","- - -","576","0.74350087","0.9044289","0.24732105","0.5427996","0.76808905","0.42563223","0.22693727","0.48780488","0.2323189","0.0678733","0.13333333","0.09472782","0.251485148","Jeimer Candelario","13621","600869","Candelario, Jeimer","600869","2023","22","9.2","0.251","0.471","0.336","0.807","0.346","0.318","0.4","0.358","69.1","6.6","10.8","8.4","32.7","25.5","7.7","12","12","-2.3","50.4","35.1","88.3","14.1","7.9","68.1","28.3","83.9","24.2","39.8","28","25.1"
"2024","Jeimer Candelario","CIN","463","0.77455357","0.85878963","0.25154408","0.57421875","0.72562358","0.43121842","0.2975","0.48739496","0.22459293","0.07878788","0.07692308","0.09264458","0.224824355","Jeimer Candelario","13621","600869","Candelario, Jeimer","600869","2024","24.6","5.8","0.225","0.429","0.279","0.708","0.304","0.285","0.373","0.347","68.3","5","9.8","7.1","34","24.6","7.8","19","13.8","-5.4","52.2","34.5","86.9","12.4","8.3","70.2","34.7","79.3","29.1","41.5","30.7","22.2"
"2024","Jerar Encarnacion","SFG","119","0.65546218","0.87179487","0.24285714","0.53811659","0.725","0.45510204","0.34653465","0.51428571","0.20612245","0.08510638","0.5","0.09591837","0.24778761","Jerar Encarnacion","21871","666464","Encarnacion, Jerar","666464","2024","28.6","4.2","0.248","0.425","0.277","0.702","0.301","0.352","0.405","0.483","77","68.5","24.8","18.8","30.4","23","7.8","6","8.8","4.2","46.5","36","95","6.7","15","60.7","34.8","81.4","28.7","48.8","21.3","28.7"
"2025","Jeremiah Jackson","BAL","183","0.7606383","0.81818182","0.26628895","0.60596026","0.66666667","0.42776204","0.29530201","0.43181818","0.21104816","0.04477612","0","0.09490085","0.276470588","Jeremiah Jackson","22239","669236","Jackson, Jeremiah","669236","2025","27.3","6","0.276","0.447","0.328","0.775","0.336","0.291","0.436","0.37","71.9","20.8","17.3","12.1","32.9","23","7.3","15","11.8","-0.6","61.6","27.2","90.6","10.9","7.5","72.5","34.3","75","33.2","50","27.5","17.5"
"2026","Jeremiah Jackson","BAL","228","0.83574879","0.87283237","0.27453581","0.65420561","0.77619048","0.42572944","0.38410596","0.4137931","0.20026525","0.05333333","0","0.0994695","0.24537037","Jeremiah Jackson","22239","669236","Jackson, Jeremiah","669236","2026","19.3","2.6","0.245","0.389","0.269","0.658","0.284","0.294","0.336","0.35","72.8","27.9","17","12.8","35.9","27.2","7.5","13","9.7","-0.2","60.7","26.2","89.3","6.8","8","78.6","38.6","83.1","26.2","52.3","23.3","19.3"
"2023","Jeremy Peña","HOU","634","0.78521127","0.92152466","0.24706394","0.613851","0.74358974","0.41452806","0.29791271","0.33121019","0.2292301","0.12350598","0.06451613","0.1091779","0.263431542","Jeremy Pena","21636","665161","Peña, Jeremy","665161","2023","20.3","6.8","0.263","0.381","0.324","0.705","0.31","0.31","0.354","0.354","71.6","15.9","14.7","10.7","33","24","8","4","10.7","-2.7","48.6","33.2","88","5.5","4","73.3","36","86.7","28.4","54.4","18.9","22.9"
"2024","Jeremy Peña","HOU","650","0.79029463","0.92763158","0.25396127","0.5864263","0.79927667","0.41505282","0.36738703","0.39037433","0.22403169","0.08641975","0","0.10695423","0.26578073","Jeremy Pena","21636","665161","Peña, Jeremy","665161","2024","17.1","3.8","0.266","0.394","0.308","0.702","0.305","0.314","0.343","0.354","72.6","22.5","14.9","11.3","33.8","25.5","7.6","13","8.6","-4.9","55.3","28.9","88.2","7.5","5.4","73","36.9","88.6","24.9","50.4","23","21.8"
"2025","Jeremy Peña","HOU","543","0.74291939","0.91788856","0.25815523","0.56266667","0.75592417","0.42182227","0.32923833","0.31343284","0.22890889","0.06790123","0","0.09111361","0.304259634","Jeremy Pena","21636","665161","Peña, Jeremy","665161","2025","17.1","6.4","0.304","0.477","0.363","0.84","0.363","0.334","0.409","0.37","72.3","15.6","20.1","15","40.8","30.4","7.5","13","10.9","-7.8","62.4","30.4","88.9","8.9","8.2","68.5","35.5","87.3","27.1","47.9","23.8","23.3"
"2026","Jeremy Peña","HOU","264","0.83966245","0.87437186","0.24661811","0.62371134","0.75619835","0.4037461","0.30555556","0.39393939","0.22476587","0.11666667","0","0.12486993","0.311203319","Jeremy Pena","21636","665161","Peña, Jeremy","665161","2026","18.2","6.4","0.311","0.502","0.364","0.866","0.375","0.353","0.432","0.402","72.1","13.1","14.1","10.2","33","23.9","7.4","8","11.7","-8","61.1","30.5","88.3","12","5.6","76.3","35","82.6","28.4","44.1","24.6","25.1"
"2023","Jesse Winker","MIL","197","0.75773196","0.86394558","0.23345367","0.48469388","0.76842105","0.47172082","0.0867052","0.46666667","0.20818291","0.02777778","0","0.0866426","0.19879518","Jesse Winker","13590","608385","Winker, Jesse","608385","2023","25.9","13.2","0.199","0.247","0.32","0.567","0.269","0.289","0.276","0.309","69.9","0","14.3","10","57.1","40","7.3","1","15.5","-1","66.7","33","86.8","13.6","4.3","66.7","19.5","80.4","25.1","38.8","20.7","30.2"
"2024","Jesse Winker","- - -","508","0.73322148","0.89016018","0.28889966","0.43902439","0.78282828","0.43722734","0.125","0.47169811","0.20552593","0.02836879","0.25","0.06834707","0.253488372","Jesse Winker","13590","608385","Winker, Jesse","608385","2024","20.9","12.4","0.253","0.405","0.36","0.765","0.338","0.33","0.37","0.359","69.5","7.4","11.3","9.3","32.1","26.5","7.3","18","12.1","7.8","59.5","35.4","88.6","14","7.6","64.7","19","85","19.6","45.9","22.2","22.8"
"2023","Jesús Aguilar","OAK","115","0.58823529","0.95714286","0.265625","0.55445545","0.76785714","0.45089286","0.25531915","0.45833333","0.20982143","0.09090909","0.33333333","0.07366071","0.221153846","Jesus Aguilar","11342","542583","Aguilar, Jesús","542583","2023","27","7","0.221","0.385","0.281","0.666","0.282","0.248","0.36","0.31","null","null","null","null","null","null","null","null","null","null","null","null","86.7","16.3","6.8","57.3","34.4","81.8","23.9","35.1","25.7","25.7"
"2023","Jesús Sánchez","MIA","402","0.74320988","0.84053156","0.24338942","0.54972376","0.74874372","0.43509615","0.24433249","0.45360825","0.23858173","0.14492754","0","0.08293269","0.252777777","Jesus Sanchez","19913","660821","Sánchez, Jesús","660821","2023","26.8","9.4","0.252","0.449","0.326","0.775","0.333","0.349","0.419","0.444","74.3","48","18.1","12.8","29.1","20.6","7","7","6.5","4.8","46.1","31.1","90.4","5.6","12.2","68.9","31.4","78.9","30.2","49.8","18","26.3"
"2024","Jesús Sánchez","MIA","537","0.7737069","0.86908078","0.23304872","0.60609613","0.71760155","0.42842793","0.32032854","0.41666667","0.2446007","0.12834225","0.20833333","0.09392265","0.251533742","Jesus Sanchez","19913","660821","Sánchez, Jesús","660821","2024","26.1","7.6","0.252","0.417","0.313","0.73","0.317","0.348","0.397","0.445","75.1","54.3","19.1","13.2","32.3","22.3","7.1","13","7.7","2.8","50.3","30.8","92.5","7.7","12.3","73.5","36.1","78.1","31.2","50.3","21.6","24.4"
"2025","Jesús Sánchez","- - -","497","0.77916667","0.87433155","0.24793388","0.52526439","0.74272931","0.43956612","0.25612472","0.47826087","0.23192149","0.08974359","0","0.08057851","0.237250554","Jesus Sanchez","19913","660821","Sánchez, Jesús","660821","2025","22.1","8.5","0.237","0.395","0.304","0.699","0.304","0.323","0.353","0.38","75.8","58.6","19.1","14.4","30.8","23.2","6.9","14","7","-1.5","47.4","27.9","91.3","9.3","11.1","69.5","30.6","82.1","25.9","48.4","22.2","23"
"2026","Jesús Sánchez","TOR","234","0.75","0.84615385","0.23690205","0.6541555","0.79098361","0.42482916","0.33971292","0.67605634","0.238041","0.13636364","0","0.10022779","0.274418604","Jesus Sanchez","19913","660821","Sánchez, Jesús","660821","2026","22.2","4.3","0.274","0.437","0.316","0.753","0.325","0.335","0.393","0.408","73.7","44.8","17.5","13.1","31","23.2","6.9","3","7.3","3","50.7","28.7","91.1","10.9","10.8","72.6","39.7","81.5","26.1","44.9","24","23.4"
"2024","Jhonkensy Noel","CLE","198","0.69333333","0.93269231","0.20689655","0.61661342","0.68911917","0.43172414","0.43333333","0.44871795","0.24827586","0.20731707","0.11764706","0.11310345","0.217877094","Jhonkensy Noel","24257","678877","Noel, Jhonkensy","678877","2024","31.8","6.6","0.218","0.486","0.288","0.774","0.331","0.325","0.452","0.442","78","76.8","13.6","9.5","20.2","14","7.7","1","9.8","-13.1","52","29.9","88.6","19.3","14.5","66.1","45.1","80.5","34.2","35","29.1","19.7"
"2025","Jhonkensy Noel","CLE","153","0.796875","0.79411765","0.22735346","0.70319635","0.72727273","0.38898757","0.47333333","0.54929577","0.26642984","0.24242424","0.1875","0.11722913","0.162162162","Jhonkensy Noel","24257","678877","Noel, Jhonkensy","678877","2025","34","2.6","0.162","0.297","0.183","0.48","0.207","0.202","0.297","0.291","77.8","72.8","14","9.7","21.4","14.9","7.5","6","6.6","-4.9","42.9","29.2","90.3","13.8","6.2","75.6","49.2","75.7","34.7","46.4","27.8","16.5"
"2023","Ji Hwan Bae","PIT","371","0.68513854","0.89705882","0.26396277","0.53955696","0.75953079","0.42021277","0.22965116","0.48101266","0.2287234","0.04580153","0","0.08710106","0.230538922","Ji Hwan Bae","23818","678225","Bae, Ji Hwan","678225","2023","24.8","8.1","0.231","0.311","0.296","0.607","0.272","0.266","0.318","0.31","66.9","1.9","14.4","11.1","32.9","25.5","6.7","3","1.5","10.7","26.6","32.2","88.1","1.1","2","67.5","28.7","81.7","25.4","61.5","12.1","22.3"
"2023","Ji Man Choi","- - -","117","0.84482759","0.85714286","0.22437137","0.51091703","0.71794872","0.44294004","0.18032787","0.22727273","0.23597679","0.06","0","0.0967118","0.163461538","Ji Man Choi","5452","596847","Choi, Ji Man","596847","2023","29.9","8.5","0.163","0.385","0.239","0.624","0.267","0.349","0.332","0.466","72","25.8","21.5","16.1","33.3","25","7.3","4","12.2","-0.5","44.6","31.9","93.4","11.9","19.7","71.8","23.5","79","30.8","40.8","31","21.1"
"2023","JJ Bleday","OAK","303","0.75","0.86585366","0.27040396","0.48162476","0.70682731","0.42621599","0.11111111","0.23333333","0.22258862","0.01020408","0","0.08079143","0.1953125","JJ Bleday","26368","668709","Bleday, JJ","668709","2023","23.8","13.9","0.195","0.355","0.31","0.665","0.297","0.3","0.317","0.322","72.5","18.8","11.7","8.2","34.2","24.1","7.3","1","16.4","-1.7","60.1","34.7","88.6","15.5","6.5","68.7","20.1","79.4","28.2","43.9","29.9","17.6"
"2024","JJ Bleday","OAK","642","0.76136364","0.88486141","0.24808699","0.49140271","0.73848987","0.44502618","0.17190388","0.38709677","0.21788159","0.06334842","0.21428571","0.08900524","0.243006993","JJ Bleday","26368","668709","Bleday, JJ","668709","2024","19.5","10.4","0.243","0.437","0.324","0.761","0.33","0.322","0.369","0.356","71.7","16.4","15.4","11.7","35.1","26.6","7.3","24","10.5","-8.2","54","29.5","88.5","18.6","8.3","67.8","24.7","83.1","26.1","34.8","31.3","25.2"
"2025","JJ Bleday","ATH","344","0.69189189","0.875","0.27861446","0.51977401","0.64130435","0.3998494","0.16969697","0.32142857","0.24849398","0.03092784","0","0.07304217","0.211726384","JJ Bleday","26368","668709","Bleday, JJ","668709","2025","26.5","10.5","0.212","0.404","0.294","0.698","0.302","0.276","0.368","0.327","71.6","14.7","14.3","10.3","34.9","25.1","7.5","17","15.5","-10.9","50","31.7","88.7","20.5","7.8","64.4","24.9","80.4","29.8","36.9","31.8","18.9"
"2026","JJ Bleday","CIN","331","0.75714286","0.89433962","0.26923077","0.50834879","0.69343066","0.41461538","0.17793594","0.34","0.21615385","0.03076923","0","0.1","0.231316725","JJ Bleday","26368","668709","Bleday, JJ","668709","2026","20.5","13.6","0.231","0.47","0.339","0.809","0.351","0.367","0.387","0.412","73.9","35.1","15.5","11.7","29.9","22.6","7.3","17","13.1","-8.7","53.6","32.6","89","21","10.8","70.2","22.7","81.3","26.3","27.9","34","30.2"
"2026","JJ Wetherholt","STL","465","0.69979716","0.88405797","0.27526521","0.47289973","0.79942693","0.4120603","0.17369727","0.52857143","0.22501396","0.02547771","0","0.08766052","0.251243781","JJ Wetherholt","34985","802139","Wetherholt, JJ","802139","2026","15.9","10.1","0.251","0.388","0.348","0.736","0.329","0.346","0.336","0.359","72.2","22.1","14.6","11.8","37.2","30.2","7.6","14","11.4","5.5","63.6","32.2","89.8","12","7","64.4","22.6","83.9","20.9","44.2","29.1","23"
"2024","Jo Adell","LAA","451","0.77483444","0.81481481","0.24619565","0.56072351","0.75576037","0.42065217","0.27058824","0.36521739","0.23097826","0.07978723","0.2","0.10217391","0.207407407","Jo Adell","20220","666176","Adell, Jo","666176","2024","27.9","7.8","0.207","0.402","0.28","0.682","0.296","0.314","0.37","0.4","76.6","65.6","15.2","11","25","18.1","7.6","20","4.8","-4.1","42.8","32.8","89.8","15.9","11.8","71.7","29.8","79","29.8","35.5","31.6","23.8"
"2025","Jo Adell","LAA","573","0.78938356","0.87635575","0.26318161","0.59230769","0.75139147","0.41009464","0.29553903","0.3081761","0.24245155","0.03743316","0","0.08427219","0.235741444","Jo Adell","20220","666176","Adell, Jo","666176","2025","26.4","5.8","0.236","0.485","0.293","0.778","0.333","0.365","0.424","0.474","77.6","73.3","19.1","14.4","26.2","19.7","7.7","30","8","-5.8","49.8","33.9","91.7","16.1","17.3","74.2","32.8","83.1","28.5","38","29.8","23.4"
"2026","Jo Adell","LAA","446","0.7852194","0.88235294","0.25440658","0.6202346","0.78723404","0.40070505","0.34663342","0.41726619","0.23560517","0.10752688","0.05","0.1092832","0.243961352","Jo Adell","20220","666176","Adell, Jo","666176","2026","22.9","3.4","0.244","0.403","0.291","0.694","0.304","0.328","0.365","0.399","77.3","70.7","15.5","11.8","24","18.3","7.7","21","9.6","-4.8","47.8","35.5","89.7","17.1","8.7","74.3","36.8","84.4","26.7","39","26.7","25.1"
"2023","Joc Pederson","SFG","425","0.72182254","0.87043189","0.24201973","0.50767085","0.79120879","0.41613465","0.24056604","0.49019608","0.24608241","0.04848485","0","0.0957632","0.234636871","Joc Pederson","11899","592626","Pederson, Joc","592626","2023","20.9","13.4","0.235","0.416","0.348","0.764","0.331","0.367","0.361","0.416","72.6","28.7","17.7","14.1","38","30.2","7.4","2","8","-5.7","45.5","30","92.1","15.2","12.2","66","28.5","82.6","24.6","40.1","30.1","23.5"
"2024","Joc Pederson","ARI","449","0.6314554","0.866171","0.23666667","0.49167734","0.8046875","0.43388889","0.28368794","0.56666667","0.235","0.07058824","0","0.09444444","0.275204359","Joc Pederson","11899","592626","Pederson, Joc","592626","2024","23.4","12.2","0.275","0.515","0.393","0.908","0.391","0.378","0.464","0.443","73.3","36.9","15.7","12","28.8","22.1","7.7","10","9.9","-4.9","54","31.3","92.3","16.9","13","60.7","29.7","82","25","39.8","28.6","22.6"
"2025","Joc Pederson","TEX","306","0.68553459","0.85779817","0.25707357","0.5056391","0.79925651","0.43007276","0.19243986","0.33928571","0.23524656","0.02083333","0.5","0.07760711","0.181132075","Joc Pederson","11899","592626","Pederson, Joc","592626","2025","21.2","11.1","0.181","0.328","0.285","0.613","0.276","0.315","0.284","0.343","73.3","32.9","17.1","13.1","32.6","25.1","7.6","8","9.9","-5.8","56.2","28.3","91.2","16.9","9.5","63.7","26.8","83.2","25.2","40.8","29.4","19.9"
"2026","Joc Pederson","TEX","328","0.6851312","0.82553191","0.26004549","0.50834879","0.72992701","0.40864291","0.30232558","0.46153846","0.22820318","0.05147059","0.42857143","0.10310842","0.252631578","Joc Pederson","11899","592626","Pederson, Joc","592626","2026","22.9","11","0.253","0.505","0.339","0.844","0.362","0.354","0.429","0.417","71.9","19.2","17.9","12.8","37.4","26.7","7.4","8","9.2","-2.1","55.2","28.2","92","14.5","11.3","63.5","29.5","79.3","29.8","40.8","28.2","24.4"
"2026","Joe Mack","MIA","205","0.71495327","0.88235294","0.26583851","0.52941176","0.74444444","0.42236025","0.18435754","0.51515152","0.22236025","0.06944444","0","0.08944099","0.236559139","Joe Mack","29780","691788","Mack, Joe","691788","2026","25.4","6.3","0.237","0.43","0.294","0.724","0.315","0.317","0.394","0.398","74.3","43.4","17","12.8","30.4","22.9","7.3","1","13.5","-2.9","57.2","30.9","89.1","11.4","10.1","67.9","26.7","83.9","24.9","47.8","27.5","19.6"
"2024","Joey Bart","PIT","282","0.64126984","0.9009901","0.27950311","0.46787149","0.7639485","0.4418811","0.23041475","0.22","0.19254658","0.05154639","0","0.08606921","0.264822134","Joey Bart","21524","663698","Bart, Joey","663698","2024","25.9","7.8","0.265","0.462","0.337","0.799","0.347","0.336","0.433","0.417","74.8","50.9","16.1","11.9","28.9","21.3","7.5","10","11.2","-4.2","44.7","35.5","88.1","10.5","9.5","59.6","26.5","84.5","26.2","48.6","23.8","23.2"
"2025","Joey Bart","PIT","332","0.6300578","0.8853211","0.25724907","0.45759717","0.71814672","0.42081784","0.17295597","0.34545455","0.23643123","0.08695652","0","0.08550186","0.249122807","Joey Bart","21524","663698","Bart, Joey","663698","2025","28","12","0.249","0.34","0.355","0.695","0.317","0.318","0.377","0.38","74.2","43.9","16.9","12.3","29.9","21.8","7.3","16","8.5","-1.2","44","34.1","88.4","9","10.4","59.6","23.2","84.1","28","52.1","20.8","24.5"
"2026","Joey Bart","- - -","115","0.68571429","0.84722222","0.24137931","0.54945055","0.8","0.4183908","0.22429907","0.33333333","0.24597701","0.17073171","0.14285714","0.09425287","0.233009708","Joey Bart","21524","663698","Bart, Joey","663698","2026","27","4.3","0.233","0.388","0.304","0.692","0.307","0.292","0.376","0.353","75.5","52.8","14.5","10.7","22.9","16.9","7.4","3","10.4","-6.5","46.2","34.8","86","15.6","8.2","64.1","30.7","85.8","27.8","39.7","37","16.4"
"2023","Joey Gallo","MIN","332","0.76966292","0.74452555","0.24947442","0.54173486","0.54682779","0.42817099","0.20125786","0.109375","0.22284513","0.01408451","0","0.09950946","0.177304964","Joey Gallo","14128","608336","Gallo, Joey","608336","2023","42.8","14.5","0.177","0.44","0.301","0.741","0.32","0.298","0.512","0.461","73.8","41","13.1","7.1","22.6","12.2","7.5","2","20.1","-9.4","40.8","35.8","93","26.4","19.3","71.6","26.1","65.7","44.3","29.3","41.4","14.3"
"2024","Joey Gallo","WSN","260","0.7972028","0.77631579","0.26604651","0.46595745","0.56164384","0.4372093","0.14912281","0.23529412","0.21209302","0.05494505","0","0.08465116","0.161434977","Joey Gallo","14128","608336","Gallo, Joey","608336","2024","39.2","12.3","0.161","0.336","0.277","0.613","0.276","0.288","0.383","0.409","72.3","22.7","13.5","8.2","32.8","20","7.3","2","16.9","-11.6","51","31.7","90.5","26.1","13.1","68.5","21.9","67.3","39.6","27","39.3","18"
"2024","Joey Loperfido","- - -","262","0.74015748","0.82446809","0.25324028","0.63781321","0.66785714","0.43768694","0.21076233","0.25531915","0.222333","0.10344828","0","0.08673978","0.213991769","Joey Loperfido","29630","694388","Loperfido, Joey","694388","2024","36.3","5","0.214","0.35","0.264","0.614","0.268","0.256","0.391","0.369","72.8","27.1","10.8","7.2","26.1","17.4","7.7","10","16.1","4.8","43.7","38.4","88.3","12.9","4","72.9","32.5","77","35.4","41.3","27.3","26"
"2025","Joey Loperfido","TOR","104","0.81318681","0.85135135","0.24202128","0.61931818","0.67889908","0.46808511","0.18823529","0.3125","0.22606383","0","null","0.06382979","0.333333333","Joey Loperfido","29630","694388","Loperfido, Joey","694388","2025","26","3.8","0.333","0.5","0.379","0.879","0.381","0.316","0.498","0.401","72","26.6","12.4","9","31","22.6","7.6","2","15.6","5.8","44.6","37.7","87.3","11.7","5.7","74.2","34","80","29.4","42.9","20","30"
"2026","Joey Loperfido","HOU","120","0.7826087","0.86666667","0.24210526","0.50717703","0.71698113","0.44","0.28301887","0.4","0.22315789","0.11111111","0.2","0.09473684","0.215686274","Joey Loperfido","29630","694388","Loperfido, Joey","694388","2026","25.8","11.7","0.216","0.333","0.314","0.647","0.289","0.297","0.333","0.346","71.8","18.9","9.2","6.5","30.5","21.4","7.8","5","15.6","7.9","40.8","39.2","89","11.9","6.8","68.5","29.6","77","31","52.1","26","19.2"
"2023","Joey Meneses","WSN","657","0.69005848","0.91313559","0.26897365","0.55545024","0.78327645","0.41486433","0.24035088","0.4379562","0.22414471","0.06410256","0","0.0920173","0.274959083","Joey Meneses","14366","608841","Meneses, Joey","608841","2023","19.8","5.8","0.275","0.401","0.321","0.722","0.314","0.289","0.365","0.33","69.6","11.5","13.3","10.4","40.7","31.8","6.7","9","7.5","0","45.8","35.2","89.4","9.4","5.4","64.8","31.5","85.8","23.6","48.1","19.2","25.8"
"2024","Joey Meneses","WSN","313","0.76388889","0.90454545","0.25218914","0.57738095","0.78694158","0.441331","0.26612903","0.39393939","0.21716287","0.02941176","0.66666667","0.08931699","0.231316725","Joey Meneses","14366","608841","Meneses, Joey","608841","2024","20.1","6.7","0.231","0.302","0.291","0.593","0.264","0.283","0.29","0.317","70.3","11.7","11.8","9.4","34.3","27.2","7","8","8.2","-0.9","50.4","33.1","88.9","8.3","4.5","69","33.2","87.3","22.9","49.6","23.7","22.3"
"2024","Joey Ortiz","MIL","511","0.58376511","0.93491124","0.27259887","0.41535226","0.85316456","0.44774011","0.20833333","0.55555556","0.20338983","0.0617284","0.6","0.07627119","0.238636363","Joey Ortiz","25493","687401","Ortiz, Joey","687401","2024","20.2","11","0.239","0.398","0.329","0.727","0.319","0.307","0.347","0.329","73.4","35.2","12.7","10.8","27","23","7.5","8","2.2","1.5","35.5","26.8","87.8","9.9","4.7","53.6","24.7","90.1","17.1","49.4","20.5","20.8"
"2025","Joey Ortiz","MIL","506","0.60413081","0.93732194","0.31019754","0.47677262","0.83846154","0.43673251","0.31549296","0.625","0.1895355","0.08403361","0.7","0.06353444","0.229787234","Joey Ortiz","25493","687401","Ortiz, Joey","687401","2025","14.6","5.3","0.23","0.317","0.276","0.593","0.263","0.275","0.28","0.294","72.3","24.2","12.9","11","27.6","23.4","7.5","7","1.6","-1.5","33.3","27.8","84.9","13.3","3","57.8","33.4","90.6","16","45.5","18.7","22.4"
"2026","Joey Ortiz","MIL","273","0.61623616","0.92814371","0.25784967","0.49659864","0.84018265","0.41960038","0.24409449","0.67741935","0.2416746","0.10588235","0.11111111","0.08087536","0.236514522","Joey Ortiz","25493","687401","Ortiz, Joey","687401","2026","17.9","9.2","0.237","0.357","0.305","0.662","0.294","0.302","0.316","0.327","72.9","30.4","12.9","10.7","32.5","27","7.5","5","1.6","0.4","33.2","28.4","88.1","6.1","4","57.9","30.6","90","18.6","50.8","22.1","21.6"
"2023","Joey Votto","CIN","242","0.7896679","0.77570093","0.28891258","0.4933687","0.7311828","0.40191898","0.20642202","0.37777778","0.23240938","0.04166667","0","0.07675906","0.201923076","Joey Votto","4314","458015","Votto, Joey","458015","2023","25.6","11.2","0.202","0.433","0.314","0.747","0.326","0.302","0.376","0.337","68.5","6.1","11.7","8.3","38.6","27.4","7.2","7","17.7","3","46.3","40.5","89.3","13.9","11","69.8","25.2","75.5","30.8","48.6","32.9","13"
"2023","Joey Wendle","MIA","318","0.63843648","0.89285714","0.26016949","0.53118712","0.79545455","0.42118644","0.31316726","0.5","0.23813559","0.09473684","0.11111111","0.08050847","0.212121212","Joey Wendle","13853","621563","Wendle, Joey","621563","2023","21.1","4.1","0.212","0.306","0.248","0.554","0.242","0.266","0.282","0.315","68.3","1.3","11.8","9.2","44.4","34.6","7","6","4.6","0.7","40.3","28.8","89.2","3.8","3.4","62.7","33.4","85","25","55.9","19.9","21.6"
"2023","Joey Wiemer","MIL","410","0.72180451","0.81597222","0.25173502","0.54666667","0.65853659","0.42586751","0.20810811","0.36363636","0.23343849","0.08510638","0.16666667","0.08895899","0.204359673","Joey Wiemer","27690","686894","Wiemer, Joey","686894","2023","28.3","8.8","0.204","0.362","0.283","0.645","0.284","0.29","0.346","0.356","71.5","21.1","13.7","9.4","35.9","24.6","7.4","7","10","-8.6","64","23.7","89.3","10.5","9.1","66.1","29.1","74.9","33.6","46.6","28.9","17.4"
"2023","Johan Rojas","PHI","164","0.66878981","0.93333333","0.2798574","0.56410256","0.72727273","0.4171123","0.45454545","0.49090909","0.21568627","0.08163265","0","0.08734403","0.302013422","Johan Rojas","24336","679032","Rojas, Johan","679032","2023","25.6","3","0.302","0.43","0.342","0.772","0.335","0.269","0.435","0.339","70.2","13.5","11.1","8.6","32.8","25.3","7.3","12","6.2","-0.9","52.5","23.7","86.6","7.3","0.9","67.5","40.4","85.1","25.9","49.6","16.8","23.9"
"2024","Johan Rojas","PHI","363","0.62608696","0.88425926","0.25959368","0.53255426","0.80877743","0.45071482","0.3359375","0.52325581","0.19262603","0.05426357","0.14285714","0.09706546","0.24260355","Johan Rojas","24336","679032","Rojas, Johan","679032","2024","19","3.6","0.243","0.322","0.279","0.601","0.265","0.258","0.306","0.296","71.2","21.2","12.7","9.8","32.3","25.1","7.2","12","4.5","-0.7","47.6","20","85.7","4.8","2.5","61.8","35.5","84.3","22.7","59.2","17","15.9"
"2025","Johan Rojas","PHI","172","0.68987342","0.89908257","0.2528","0.55555556","0.80666667","0.432","0.33974359","0.50943396","0.2496","0.02439024","0","0.0656","0.22368421","Johan Rojas","24336","679032","Rojas, Johan","679032","2025","23.3","7.6","0.224","0.289","0.28","0.569","0.254","0.265","0.293","0.309","70.3","12.5","14.1","10.6","29.1","22.1","7.3","4","6.1","3.1","55.3","24.4","87.9","7.4","3.4","67.1","38.1","81.7","24.7","55.5","18.5","20.2"
"2025","John Rave","KCR","175","0.6377551","0.904","0.26168224","0.47660819","0.77300613","0.45660881","0.16129032","0.44","0.20694259","0","null","0.07476636","0.196078431","John Rave","26284","670231","Rave, John","670231","2025","26.3","10.3","0.196","0.307","0.283","0.59","0.267","0.302","0.305","0.362","73.9","37.9","16","12.3","26.2","20.1","7.3","8","10.8","-1.8","74.8","25.1","88.3","8.4","5.5","59.8","22.8","83.2","24.2","54.5","24.5","17.3"
"2023","Jon Berti","MIA","424","0.70781893","0.90697674","0.30604534","0.47877013","0.81345566","0.43010076","0.14285714","0.33333333","0.2115869","0.02409639","0","0.052267","0.293814432","Jon Berti","12037","542932","Berti, Jon","542932","2023","18.2","6.8","0.294","0.405","0.344","0.749","0.325","0.324","0.37","0.37","72.4","20.9","11.8","9.5","28.9","23.2","7.4","2","2.4","7.7","37.5","28.6","85.4","2.4","4.8","65.6","21.5","87.5","19.9","54.1","19.9","21.8"
"2025","Jon Berti","CHC","107","0.7768595","0.87234043","0.30946292","0.45679012","0.71621622","0.41432225","0.18918919","0.5","0.18925831","0.08823529","0.33333333","0.08695652","0.21","Jon Berti","12037","542932","Berti, Jon","542932","2025","20.6","4.7","0.21","0.23","0.262","0.492","0.226","0.28","0.247","0.322","72.2","21.7","13.4","9.9","32.8","24.2","7.4","2","2.2","9.2","25.6","29.2","87.5","1.5","2.6","66.5","25.1","78","26.3","61.5","7.7","28.2"
"2023","Jon Singleton","- - -","105","0.70192308","0.90410959","0.2464455","0.49152542","0.77011494","0.41943128","0.19191919","0.36842105","0.23459716","0","null","0.09952607","0.164835164","Jon Singleton","10441","572138","Singleton, Jon","572138","2023","21.9","12.4","0.165","0.264","0.267","0.531","0.244","0.304","0.24","0.332","71.5","16.8","15.3","12.1","35.3","28","7.2","1","11.3","-12.4","64.8","29.2","88.9","17.5","5.8","64.4","23.7","86.4","22.3","36.2","31.9","20.3"
"2024","Jon Singleton","HOU","405","0.66101695","0.87179487","0.25399754","0.44841816","0.67177914","0.44710947","0.16201117","0.29310345","0.2201722","0.03125","0","0.07872079","0.233802816","Jon Singleton","10441","572138","Singleton, Jon","572138","2024","27.4","11.6","0.234","0.386","0.321","0.707","0.312","0.314","0.38","0.384","72","23.8","14.1","10.1","34.8","25","7.1","12","10.8","-11.1","57.7","30","88.7","12.8","8.9","59.8","22.7","78.9","30.1","39.7","30.8","24.3"
"2023","Jonah Bride","OAK","106","0.51470588","0.9","0.29565217","0.36868687","0.78082192","0.43043478","0.14736842","0.78571429","0.20652174","0.09677419","0.66666667","0.0673913","0.170454545","Jonah Bride","24703","681146","Bride, Jonah","681146","2023","20.8","10.4","0.17","0.205","0.286","0.491","0.237","0.325","0.211","0.346","69.4","9.8","11.5","9.8","44.2","37.7","7.3","1","14.5","-2.7","62.9","31.5","89","4.1","4.3","49.2","18.4","86.1","17.4","50.7","17.4","27.5"
"2024","Jonah Bride","MIA","272","0.54231975","0.93641618","0.27571305","0.43415638","0.83412322","0.42005186","0.19784173","0.61818182","0.24027658","0.01351351","0","0.06395851","0.275862068","Jonah Bride","24703","681146","Bride, Jonah","681146","2024","20.2","11","0.276","0.461","0.357","0.818","0.351","0.304","0.397","0.328","67.9","5","9.1","7.8","35.6","30.6","7.2","7","13.3","0.8","61.3","29.2","87.1","11.8","5.4","52.3","23.9","88.5","16.7","47.3","22.8","19.6"
"2025","Jonah Bride","- - -","125","0.48466258","0.91139241","0.29316547","0.36170213","0.69411765","0.42266187","0.17272727","0.57894737","0.19784173","0.04166667","0","0.08633094","0.169642857","Jonah Bride","24703","681146","Bride, Jonah","681146","2025","31.2","8.8","0.17","0.188","0.248","0.436","0.203","0.223","0.237","0.271","67.9","3.9","8.3","6.5","34.2","26.5","7.3","8","15.4","-0.2","54.2","31","87.3","11.4","2.7","44.9","20.5","83.2","24.9","48.6","17.6","18.9"
"2023","Jonah Heim","TEX","501","0.77079482","0.88489209","0.27172275","0.57930259","0.77475728","0.44650929","0.22663551","0.55670103","0.21496735","0.03007519","0","0.0668006","0.258205689","Jonah Heim","16930","641680","Heim, Jonah","641680","2023","19","8","0.259","0.439","0.318","0.757","0.325","0.325","0.369","0.371","68.3","2.6","12.6","9.8","33.9","26.4","7.3","4","10.8","2.3","55.9","29.4","89.2","17.3","8","74","30.3","83.2","22.5","36.3","29.9","26.1"
"2024","Jonah Heim","TEX","491","0.80532787","0.91348601","0.27400337","0.60732323","0.79002079","0.44469399","0.24324324","0.61111111","0.20774846","0.02290076","0","0.07355418","0.220043572","Jonah Heim","16930","641680","Heim, Jonah","641680","2024","18.3","5.3","0.22","0.336","0.267","0.603","0.265","0.281","0.295","0.316","70.2","9.7","11.4","9.2","34.8","27.8","7.4","9","11.5","0.1","59.7","28.9","88.5","14.5","5.9","76.4","32.1","85.8","20.7","41.8","27.5","22.6"
"2025","Jonah Heim","TEX","433","0.74385246","0.84297521","0.28638498","0.51813472","0.775","0.45305164","0.2484472","0.55","0.18896714","0.03278689","0.25","0.07159624","0.212658227","Jonah Heim","16930","641680","Heim, Jonah","641680","2025","20.3","7.4","0.213","0.332","0.271","0.603","0.266","0.276","0.296","0.31","69","4.9","11.7","9.1","35.1","27.2","7.5","15","11.1","-0.1","58.7","28.7","88.1","14.5","6.1","68.1","30","81","24.2","41.3","27.2","22.4"
"2026","Jonah Heim","- - -","224","0.71497585","0.86486486","0.26005025","0.54341737","0.77835052","0.44849246","0.32335329","0.55555556","0.20979899","0.04615385","0.33333333","0.08165829","0.229268292","Jonah Heim","16930","641680","Heim, Jonah","641680","2026","19.2","6.3","0.229","0.439","0.281","0.72","0.31","0.305","0.352","0.346","70.4","12.7","9.6","7.4","29.9","23","7.6","5","9.4","1.6","56.4","27.4","87.3","14.3","7.3","68.8","33.8","83.9","23.4","41.8","27.9","22.4"
"2025","Jonatan Clase","TOR","112","0.70967742","0.875","0.28246014","0.48648649","0.71111111","0.4214123","0.15533981","0.3125","0.23462415","0.03703704","0","0.06150342","0.21","Jonatan Clase","26599","682729","Clase, Jonatan","682729","2025","25","8.9","0.21","0.3","0.288","0.588","0.267","0.284","0.305","0.332","71.8","21.9","12.1","8.9","28.2","20.7","6.7","4","7.3","-2.1","45.7","32.2","86","17.4","6.9","64.8","29.5","81","27.1","43.8","37","13.7"
"2023","Jonathan Aranda","TBR","103","0.68548387","0.8","0.27616927","0.45856354","0.74698795","0.40311804","0.25438596","0.62068966","0.25389755","0.06666667","0.5","0.06681514","0.229885057","Jonathan Aranda","21837","666018","Aranda, Jonathan","666018","2023","30.1","12.6","0.23","0.368","0.34","0.708","0.312","0.279","0.386","0.327","71.2","18.4","9","6.3","26.1","18.4","7.5","1","10.5","3.2","59.1","35.3","89","8.4","5.3","59.7","31.3","78","29.6","54.4","19.3","19.3"
"2024","Jonathan Aranda","TBR","143","0.73333333","0.9","0.2617801","0.5059761","0.80314961","0.43804538","0.16239316","0.52631579","0.20418848","0.07272727","0","0.09598604","0.234375","Jonathan Aranda","21837","666018","Aranda, Jonathan","666018","2024","22.4","8.4","0.234","0.43","0.308","0.738","0.32","0.363","0.372","0.435","70.1","9.1","14.5","11.9","34.6","28.3","7.3","5","11.7","3.6","60.3","35","91.9","11","16.5","63.9","25.6","83.6","21.9","49.5","30.9","15.5"
"2025","Jonathan Aranda","TBR","422","0.73491379","0.87390029","0.27071179","0.55027174","0.73580247","0.4294049","0.21578947","0.54878049","0.22170362","0.03731343","0.2","0.0781797","0.316216216","Jonathan Aranda","21837","666018","Aranda, Jonathan","666018","2025","25.4","9.7","0.316","0.489","0.393","0.882","0.381","0.382","0.479","0.482","70.5","13.6","17.3","13.3","32.6","25","7.3","9","10.1","3.8","56.1","35.6","93","14.5","12.9","68.4","27.9","79.1","24.9","37.2","27.4","30.5"
"2026","Jonathan Aranda","TBR","456","0.72234273","0.88288288","0.26208073","0.51989026","0.81794195","0.41444002","0.22588832","0.61797753","0.2239909","0.04571429","0.25","0.09948835","0.284237726","Jonathan Aranda","21837","666018","Aranda, Jonathan","666018","2026","23.5","11.8","0.284","0.439","0.377","0.816","0.358","0.358","0.42","0.421","69.9","11.2","14.6","11.6","35.2","28","7.1","14","7.6","5.6","49.2","34.9","91","13.5","10.5","65.2","28.6","82.9","21.6","37.6","31.4","27.5"
"2023","Jonathan Davis","MIA","104","0.65486726","0.85135135","0.26968974","0.46448087","0.69411765","0.43675418","0.22619048","0.57894737","0.20047733","0","null","0.09307876","0.244444444","Jonathan Davis","15104","641505","Davis, Jonathan","641505","2023","27.9","6.7","0.244","0.378","0.307","0.685","0.298","0.293","0.378","0.37","null","null","null","null","null","null","null","null","null","null","null","null","84.4","7.1","4.6","64.5","22","77.5","27.9","50.8","21.5","24.6"
"2023","Jonathan India","CIN","529","0.64119601","0.89378238","0.27301587","0.41288279","0.79028133","0.42947846","0.14137214","0.33823529","0.21814059","0.02857143","0","0.07936508","0.244493392","Jonathan India","21523","663697","India, Jonathan","663697","2023","20.6","9.8","0.244","0.407","0.338","0.745","0.327","0.338","0.356","0.373","71.3","25","12.3","9.5","33.1","25.6","7.3","6","9.8","-4.4","49.7","30.1","89.5","15.2","7.7","57","19.6","84.8","22","39.5","29.3","24.7"
"2024","Jonathan India","CIN","637","0.64464993","0.92213115","0.28544495","0.3943662","0.79241071","0.42835596","0.12982456","0.44594595","0.21493213","0.02645503","0","0.07126697","0.247654784","Jonathan India","21523","663697","India, Jonathan","663697","2024","19.6","12.6","0.248","0.392","0.357","0.749","0.333","0.354","0.351","0.382","71.6","22","12.4","10.2","30.5","25.1","7.2","25","8","-0.8","48.1","29.6","87.2","13.5","7.7","57.6","18.4","87.8","19.2","43.2","22.8","26.6"
"2025","Jonathan India","KCR","567","0.60827586","0.92517007","0.30733362","0.41880342","0.79818594","0.44637558","0.1292517","0.36842105","0.18694362","0.05714286","0","0.05934718","0.233400402","Jonathan India","21523","663697","India, Jonathan","663697","2025","18.7","9.5","0.233","0.346","0.323","0.669","0.301","0.315","0.314","0.335","72","23.5","13.7","11.4","32.9","27.3","7.3","29","9.1","-4.5","60.8","28.2","87.9","17.1","5.8","58.1","18.7","87.4","19.9","38.3","29.7","21.8"
"2023","Jonathan Schoop","DET","151","0.80263158","0.8442623","0.25375626","0.61960784","0.67721519","0.42570952","0.2147651","0.53125","0.24874791","0.06976744","0","0.07178631","0.213235294","Jonathan Schoop","11265","570731","Schoop, Jonathan","570731","2023","24.5","8.6","0.213","0.272","0.278","0.55","0.249","0.279","0.282","0.327","null","null","null","null","null","null","null","null","null","null","null","null","89.4","11.2","4","74.7","32.5","79.3","29.2","45.5","17.8","27.7"
"2024","Jonny DeLuca","TBR","362","0.74777448","0.87301587","0.25055762","0.59581882","0.82163743","0.4267658","0.36842105","0.53571429","0.2260223","0.09230769","0.16666667","0.09665428","0.216867469","Jonny DeLuca","26365","676356","DeLuca, Jonny","676356","2024","21.3","6.6","0.217","0.331","0.278","0.609","0.269","0.277","0.305","0.316","70.8","11.1","8","6.2","26","20.1","7.7","11","8.3","-8","59.7","27","84.6","16.2","3.9","71.3","38","82.9","24","38.5","21.4","25.3"
"2026","Jonny DeLuca","TBR","210","0.79120879","0.88888889","0.2397892","0.57692308","0.77948718","0.44532279","0.32352941","0.54545455","0.22397892","0.10144928","0","0.09090909","0.257575757","Jonny DeLuca","26365","676356","DeLuca, Jonny","676356","2026","20.5","4.8","0.258","0.424","0.293","0.717","0.311","0.283","0.373","0.335","73.8","37.6","13.4","10.1","21.6","16.3","7.8","4","6.5","-5.6","58","23.4","85","14.5","3.8","73.1","34.8","83.5","26.5","40.1","21","24.8"
"2026","Jorbit Vivas","WSN","229","0.83018868","0.96590909","0.26566416","0.56346749","0.79120879","0.4047619","0.21590909","0.52631579","0.22055138","0.04597701","0","0.10902256","0.239795918","Jorbit Vivas","23917","678391","Vivas, Jorbit","678391","2026","14.4","9.6","0.24","0.337","0.323","0.66","0.297","0.296","0.293","0.291","69.2","2.8","8.6","7.2","28.5","24","7.6","6","7.1","-3.5","44.7","32.8","83.2","11.6","3.6","76.5","27.6","91.7","18.1","45.6","21.9","26"
"2024","Jordan Beck","COL","184","0.81927711","0.82352941","0.25696594","0.5704698","0.7","0.46130031","0.30081301","0.2972973","0.19040248","0.08474576","0","0.09133127","0.188235294","Jordan Beck","31431","687597","Beck, Jordan","687597","2024","35.3","6.5","0.188","0.276","0.245","0.521","0.231","0.265","0.32","0.38","71.3","14.4","11","7.3","27.6","18.5","7.7","6","10.7","-0.9","55.1","32.6","86.1","13.4","6.6","73.4","33.5","73.7","34.8","46.2","29.2","21.7"
"2025","Jordan Beck","COL","588","0.72039474","0.81278539","0.26027397","0.52376238","0.72400756","0.43236301","0.21755027","0.33613445","0.23416096","0.07602339","0","0.07320205","0.257884972","Jordan Beck","31431","687597","Beck, Jordan","687597","2025","29.6","7.3","0.258","0.416","0.317","0.733","0.319","0.301","0.422","0.394","73.2","32.7","13.6","9.5","26.6","18.6","7.7","8","10.5","-2.8","51.2","32.8","87.4","12.8","9.6","67.2","27.4","76.9","31.2","42.1","26.5","26.2"
"2023","Jordan Diaz","OAK","293","0.77333333","0.90086207","0.27700831","0.63242009","0.70758123","0.40443213","0.3452381","0.33333333","0.23268698","0.10752688","0","0.08587258","0.220588235","Jordan Diaz","22650","672478","Diaz, Jordan","672478","2023","23.5","5.8","0.221","0.364","0.273","0.637","0.278","0.284","0.33","0.34","73.2","33","16.2","11.7","25.5","18.4","7.4","14","7.2","0.2","48","26.5","90","5.4","6.4","76.3","37","83.7","29.9","53.4","19.1","20.6"
"2023","Jordan Walker","STL","465","0.78019324","0.88544892","0.24835033","0.5917768","0.70967742","0.4085183","0.29355609","0.3902439","0.25134973","0.07843137","0.08333333","0.09178164","0.276190476","Jordan Walker","27475","691023","Walker, Jordan","691023","2023","22.4","8","0.276","0.445","0.342","0.787","0.341","0.332","0.404","0.391","74.8","53.8","16.3","11.9","27.7","20.2","7.8","7","5.3","-7.7","40.6","36.6","89.4","10.2","7.5","72.5","33.3","81.3","30","46.9","22.6","25.2"
"2024","Jordan Walker","STL","178","0.73563218","0.8359375","0.26008969","0.58759124","0.73291925","0.40956652","0.2345679","0.15789474","0.24215247","0.08474576","0.2","0.08819133","0.201219512","Jordan Walker","27475","691023","Walker, Jordan","691023","2024","28.1","5.6","0.201","0.366","0.253","0.619","0.268","0.278","0.339","0.355","77.3","72.2","19.3","13.7","28.3","20.2","8.2","9","5.4","-10.4","44.4","32.3","91.2","9.4","9.5","68.3","32.6","83","31.6","50","26.7","18.1"
"2025","Jordan Walker","STL","396","0.69816273","0.82706767","0.24724205","0.57322835","0.68681319","0.41207008","0.30748663","0.31304348","0.24269955","0.11258278","0.05882353","0.09798832","0.214876033","Jordan Walker","27475","691023","Walker, Jordan","691023","2025","31.8","7.3","0.215","0.306","0.278","0.584","0.26","0.278","0.341","0.37","78.1","77.8","20","13.6","26.7","18.1","8.3","21","6.2","-5.3","47.6","31.4","92.3","10.3","10.9","67.2","34","78.4","35.6","47.5","22.3","21"
"2026","Jordan Walker","STL","451","0.75862069","0.85664336","0.23459863","0.58761329","0.74293059","0.41194773","0.36175711","0.43571429","0.24082141","0.08287293","0.13333333","0.11263223","0.281862745","Jordan Walker","27475","691023","Walker, Jordan","691023","2026","24.6","8.2","0.282","0.5","0.344","0.844","0.363","0.362","0.454","0.452","79.2","85.3","22.3","16.2","28.8","20.9","8.3","17","7.2","-4.8","51.1","29.9","93.2","11.5","13.7","71.1","35.1","79.5","30.7","41.7","23.7","27.3"
"2023","Jordan Westburg","BAL","228","0.76521739","0.875","0.26467204","0.53678474","0.74619289","0.42232451","0.22959184","0.44444444","0.22554661","0.03947368","0","0.08745685","0.259615384","Jordan Westburg","27815","676059","Westburg, Jordan","676059","2023","24.6","7","0.26","0.404","0.311","0.715","0.309","0.317","0.378","0.39","70.2","8.1","15.5","11.6","36.2","27","6.9","7","11.2","-2.7","60.4","31.4","90.2","13.4","6.5","69.9","28.4","81.8","26","41.3","21.3","29"
"2024","Jordan Westburg","BAL","447","0.75555556","0.87647059","0.2753978","0.58441558","0.70617284","0.42411261","0.23495702","0.40243902","0.21358629","0.03521127","0","0.0869033","0.264423076","Jordan Westburg","27815","676059","Westburg, Jordan","676059","2024","21.7","4.9","0.264","0.481","0.312","0.793","0.34","0.355","0.41","0.431","70.9","10.8","16.4","11.8","37.3","27","6.8","16","10.6","-3","64.1","30.2","91.1","13.1","11.8","71.6","30.4","79.3","29.3","41.7","26.2","26.5"
"2025","Jordan Westburg","BAL","352","0.77952756","0.84175084","0.29307692","0.53860294","0.67576792","0.41846154","0.2189781","0.48333333","0.21076923","0.02970297","0","0.07769231","0.265243902","Jordan Westburg","27815","676059","Westburg, Jordan","676059","2025","22.7","4.8","0.265","0.457","0.313","0.77","0.332","0.327","0.405","0.398","70.7","11.6","17","12.3","35.4","25.7","6.7","19","10.4","-1.2","59.7","29.7","90.2","14.1","11.2","72.7","26.5","77.9","29.4","43.4","30.5","18.5"
"2026","Jorge Barrosa","ARI","144","0.5625","0.88888889","0.23684211","0.5372549","0.78832117","0.41940789","0.23129252","0.38235294","0.24177632","0.06451613","0","0.10197368","0.186991869","Jorge Barrosa","23968","678489","Barrosa, Jorge","678489","2026","26.4","9","0.187","0.341","0.27","0.611","0.272","0.221","0.324","0.241","69.2","3.2","5.7","4.2","32.1","23.6","7.7","3","14.3","-3.4","55.5","26.3","87","19.9","5.4","59.7","30","82.2","26.5","43.5","31.5","16.3"
"2023","Jorge Mateo","BAL","350","0.70670391","0.88932806","0.27182992","0.54887218","0.73972603","0.40394837","0.31290323","0.3814433","0.23538345","0.07692308","0.11111111","0.08883827","0.216981132","Jorge Mateo","17273","622761","Mateo, Jorge","622761","2023","23.4","6.3","0.217","0.34","0.267","0.607","0.265","0.292","0.315","0.353","73.3","32.2","17.1","13.7","33.3","26.7","7.6","4","4.6","-3.6","38.2","31.5","88.4","10.4","5.3","68.1","33.9","84.1","28.1","45.9","25","22.5"
"2024","Jorge Mateo","BAL","208","0.7357513","0.8943662","0.23536585","0.59466667","0.78923767","0.45731707","0.28409091","0.42","0.21463415","0.01315789","0","0.09268293","0.229166666","Jorge Mateo","17273","622761","Mateo, Jorge","622761","2024","23.1","4.8","0.229","0.401","0.267","0.668","0.286","0.278","0.349","0.338","72.4","21.8","14.2","11","28.7","22.3","7.8","0","5.9","-6.4","45.6","30","88.1","14.1","4.1","70.2","33.6","86","23.1","45","23.5","22.1"
"2026","Jorge Mateo","ATL","137","0.69924812","0.90322581","0.2509434","0.64485981","0.68115942","0.40377358","0.3697479","0.45454545","0.2245283","0.140625","0.44444444","0.12075472","0.240310077","Jorge Mateo","17273","622761","Mateo, Jorge","622761","2026","29.9","5.8","0.24","0.38","0.285","0.665","0.292","0.322","0.391","0.437","73.7","35.2","16","11.9","27.8","20.6","7.7","9","6.5","-7.1","42.9","29.7","90.3","13.3","10.2","69","41.8","81.3","30.8","38.6","30.7","27.3"
"2023","Jorge Polanco","MIN","343","0.7513089","0.89547038","0.27285714","0.49293286","0.74910394","0.40428571","0.24458204","0.44303797","0.23071429","0.03100775","0","0.09214286","0.254966887","Jorge Polanco","13152","593871","Polanco, Jorge","593871","2023","25.7","10.5","0.255","0.454","0.335","0.789","0.34","0.35","0.415","0.431","70.6","10","13","9.7","28.4","21.1","7.3","5","13.3","-7.7","49.7","36.8","88.4","21.6","13.8","66.9","28.4","84.5","24.9","29","39.2","25.3"
"2024","Jorge Polanco","SEA","469","0.71570577","0.86666667","0.25861183","0.49880952","0.6849642","0.43187661","0.18141593","0.43902439","0.23239075","0.02666667","0.25","0.07712082","0.213429256","Jorge Polanco","13152","593871","Polanco, Jorge","593871","2024","29.2","9.8","0.213","0.355","0.296","0.651","0.287","0.31","0.359","0.397","69.8","7.9","12","8.8","32","23.6","7.2","17","13.6","-7.5","46.9","37","88.3","17.9","8.9","66.3","24.1","78.2","28.1","35.1","31.9","27"
"2025","Jorge Polanco","SEA","524","0.71948998","0.92658228","0.27137914","0.53502415","0.73137698","0.40929313","0.19206681","0.4673913","0.23677706","0.03592814","0","0.08255067","0.265392781","Jorge Polanco","13152","593871","Polanco, Jorge","593871","2025","15.6","8","0.265","0.495","0.326","0.821","0.35","0.343","0.384","0.375","71.2","14.4","19","15","39.4","31.2","7.2","24","9.3","-10.4","56.3","30.5","90.8","16.7","10.3","67","26.9","86","23.3","38","28.7","22.7"
"2026","Jorge Polanco","NYM","105","0.6547619","0.90909091","0.21319797","0.55491329","0.85416667","0.43908629","0.26732673","0.40740741","0.25634518","0","null","0.09137056","0.144329896","Jorge Polanco","13152","593871","Polanco, Jorge","593871","2026","23.8","6.7","0.144","0.216","0.202","0.418","0.192","0.228","0.209","0.261","69.6","3.7","9.8","8","31.8","25.8","7.2","2","5.9","-7.8","48.5","30.6","85.3","13.4","2.7","61.5","30.9","86.4","22.7","41.1","21.9","26"
"2023","Jorge Soler","MIA","580","0.73062731","0.87878788","0.23442907","0.50622407","0.7397541","0.41695502","0.22036728","0.40909091","0.25908304","0.01932367","0","0.08953287","0.25","Jorge Soler","14221","624585","Soler, Jorge","624585","2023","24.3","11.4","0.25","0.512","0.341","0.853","0.361","0.375","0.437","0.459","75.8","61.6","20.2","15.2","31","23.2","7.8","1","10.2","-6","59.1","34.1","91.3","17.8","15","66.8","25.6","80.6","27.6","36.2","31.6","24"
"2024","Jorge Soler","- - -","574","0.69881557","0.88135593","0.25127551","0.51731375","0.72210953","0.40518707","0.22962963","0.33064516","0.22959184","0.05970149","0.0625","0.11394558","0.24137931","Jorge Soler","14221","624585","Soler, Jorge","624585","2024","24.6","11.8","0.241","0.442","0.338","0.78","0.34","0.352","0.401","0.42","75.4","56.3","15.7","11.5","29.4","21.5","7.9","12","10.9","-9.4","56.2","33.5","90.5","17.9","12.6","64.8","26.8","82.9","28.9","37.6","30.1","22.5"
"2025","Jorge Soler","LAA","315","0.71641791","0.85","0.25968992","0.48561151","0.7","0.43100775","0.19387755","0.35087719","0.22790698","0.06666667","0","0.08139535","0.215053763","Jorge Soler","14221","624585","Soler, Jorge","624585","2025","29.8","8.9","0.215","0.387","0.293","0.68","0.298","0.294","0.379","0.373","74","41.3","16.4","12","29.2","21.3","7.7","8","8.3","-7.6","52.5","33.5","89.7","13.8","12.8","65.7","24.5","79.8","30.1","43.6","22.3","23.9"
"2026","Jorge Soler","LAA","353","0.74137931","0.80232558","0.24455376","0.55400697","0.66981132","0.40337316","0.23668639","0.25","0.23752635","0.10429448","0","0.11454673","0.204545454","Jorge Soler","14221","624585","Soler, Jorge","624585","2026","32.3","9.9","0.205","0.377","0.295","0.672","0.297","0.299","0.384","0.388","75","51.5","15.6","10.1","26","16.8","7.9","6","11.9","-7.7","52.8","34.2","88.7","14.6","11.1","69.3","27.4","74.6","37.1","39.4","27.3","27.3"
"2023","José Abreu","HOU","594","0.67752443","0.875","0.25583333","0.5665362","0.7806563","0.42583333","0.33449477","0.453125","0.23916667","0.08421053","0.3125","0.07916667","0.237037037","Jose Abreu","15676","547989","Abreu, José","547989","2023","21.9","7.1","0.237","0.383","0.296","0.679","0.295","0.315","0.342","0.37","74","41.8","16.3","11.9","28.4","20.8","7.4","4","7.9","-0.4","48","32.5","89","10.8","8.7","65.2","36.3","82.1","26.4","45","21.9","26"
"2024","José Abreu","HOU","120","0.76","0.86315789","0.25720165","0.57476636","0.72357724","0.44032922","0.27358491","0.55172414","0.218107","0.04878049","0","0.08436214","0.123893805","Jose Abreu","15676","547989","Abreu, José","547989","2024","23.3","3.3","0.124","0.195","0.167","0.362","0.164","0.201","0.179","0.232","73.1","31.4","11.1","8.2","29.1","21.4","7.1","2","3.3","5.5","34.3","31.8","87.8","6.7","2.4","68.7","33.3","78.1","29.7","52.3","25.6","18.6"
"2023","Jose Altuve","HOU","410","0.65147453","0.90534979","0.23956326","0.52903226","0.8445122","0.39820167","0.28981723","0.68468468","0.24598587","0.07734807","0.28571429","0.1162492","0.311111111","Jose Altuve","5417","514888","Altuve, Jose","514888","2023","17.3","10.7","0.311","0.522","0.393","0.915","0.393","0.332","0.437","0.351","70.4","16","11.8","9.9","31.6","26.4","7.7","3","16.7","-1.6","45.6","32.1","86","11.4","8.3","61.3","32.2","87.5","18.7","49.3","21.7","20.3"
"2024","Jose Altuve","HOU","682","0.73265651","0.90069284","0.2408313","0.58333333","0.81972789","0.41075795","0.33565217","0.59067358","0.23431133","0.12857143","0.22222222","0.11409943","0.294585987","Jose Altuve","5417","514888","Altuve, Jose","514888","2024","17.4","6.9","0.295","0.439","0.35","0.789","0.344","0.319","0.389","0.356","69.3","12.9","8.5","6.7","33.4","26.2","7.8","10","16.5","-4.2","48.9","30.1","86.5","14.1","6.5","68.7","37.3","87.3","22.1","43","25.9","25.9"
"2025","Jose Altuve","HOU","654","0.66796875","0.9005848","0.22126188","0.57128514","0.85588752","0.43042351","0.3471223","0.66321244","0.24027658","0.132","0.27272727","0.10803803","0.265306122","Jose Altuve","5417","514888","Altuve, Jose","514888","2025","16.7","8.4","0.265","0.442","0.329","0.771","0.331","0.3","0.365","0.323","69.7","10.9","10.2","8.2","31.7","25.6","7.6","12","15.3","-5.8","54.9","28.8","85.1","17.7","6.2","63.7","38.9","86.7","20.7","43.2","25.1","19.8"
"2026","Jose Altuve","HOU","365","0.63210702","0.91534392","0.23017706","0.52680222","0.77894737","0.41647421","0.37223975","0.66101695","0.24403387","0.12676056","0.22222222","0.10931486","0.234234234","Jose Altuve","5417","514888","Altuve, Jose","514888","2026","21.4","7.9","0.234","0.39","0.297","0.687","0.301","0.275","0.348","0.311","68.7","8.9","9.2","7.2","36.1","28.3","7.6","9","14","-1.8","54.3","28.1","85.7","9.6","5.5","61.8","36.2","87.4","22.5","48.6","21.8","22.6"
"2023","José Azócar","SDP","102","0.72941176","0.85483871","0.24285714","0.65771812","0.82653061","0.42571429","0.40963855","0.58823529","0.23714286","0.15151515","0.6","0.09428571","0.23076923","Jose Azocar","18821","640492","Azócar, José","640492","2023","23.5","3.9","0.231","0.363","0.278","0.641","0.28","0.305","0.342","0.378","70.1","6.7","13","9.3","29.6","21.3","7.1","2","4.9","3.3","37.2","37.5","87","12.5","6.9","70.6","46.3","83.2","23.4","48.6","19.4","23.6"
"2023","José Barrero","CIN","149","0.76712329","0.8125","0.25","0.57017544","0.67692308","0.39041096","0.29605263","0.35555556","0.26027397","0.10344828","0.16666667","0.09931507","0.218045112","Jose Barrero","23378","676480","Barrero, José","676480","2023","29.5","10.1","0.218","0.323","0.295","0.618","0.276","0.278","0.341","0.345","null","null","null","null","null","null","null","null","null","null","null","null","87.5","17.2","3.4","70.5","33.4","79","35.2","38.9","28.9","23.3"
"2023","José Caballero","SEA","280","0.62539683","0.88832487","0.27631579","0.46389497","0.77830189","0.40087719","0.26086957","0.59090909","0.22192982","0.08695652","0.2","0.10087719","0.22077922","Jose Caballero","23401","676609","Caballero, José","676609","2023","23.6","10","0.221","0.32","0.343","0.663","0.305","0.297","0.316","0.304","68.9","19.1","3.6","2.8","27.9","22","6.7","9","8.9","-4.2","59.7","33.9","83.3","21.5","3.6","57.2","29.5","85.4","23.2","31.4","25.4","25.4"
"2024","José Caballero","TBR","483","0.70040486","0.88439306","0.26082365","0.55756792","0.70765661","0.40813094","0.3200883","0.45517241","0.23917635","0.06321839","0.18181818","0.09186906","0.226757369","Jose Caballero","23401","676609","Caballero, José","676609","2024","27.5","5.6","0.227","0.347","0.283","0.63","0.277","0.267","0.348","0.334","69.6","15.4","8.9","6.5","28.2","20.6","7","18","12.6","-4.8","53.2","32.7","83.7","15.9","5.1","66.8","34.9","82.1","28.9","42.4","21.7","24.8"
"2025","José Caballero","- - -","370","0.66145833","0.9015748","0.25617078","0.49059561","0.73482428","0.42561708","0.2358209","0.48101266","0.22348232","0.07042254","0.1","0.09472982","0.235668789","Jose Caballero","23401","676609","Caballero, José","676609","2025","26.5","12.7","0.236","0.347","0.339","0.686","0.309","0.299","0.36","0.343","69.1","10.5","9.5","7","29.6","21.9","6.8","13","10.1","-0.8","51.6","31.6","86","17.4","5.9","62.8","28.4","82.6","26.7","40.1","23.9","26.1"
"2026","José Caballero","NYY","334","0.68238994","0.84792627","0.24145786","0.55400697","0.77358491","0.43583903","0.32638889","0.60638298","0.21867882","0.15328467","0.33333333","0.1040243","0.238562091","Jose Caballero","23401","676609","Caballero, José","676609","2026","23.4","5.4","0.239","0.376","0.289","0.665","0.292","0.267","0.35","0.313","68.7","6.9","6.5","4.8","29.7","21.8","6.8","9","9.9","0.3","51","30.7","83.7","12.3","3.4","65.6","37.4","78.3","27","49.8","20.2","19.7"
"2023","Jose F Miranda","MIN","152","0.76258993","0.85849057","0.25504587","0.59545455","0.80916031","0.40366972","0.30597015","0.43902439","0.24587156","0.07692308","0.5","0.09541284","0.211267605","Jose F Miranda","20538","669304","Miranda, Jose F","669304","2023","15.8","5.9","0.211","0.303","0.263","0.566","0.252","0.281","0.265","0.303","null","null","null","null","null","null","null","null","null","null","null","null","87.9","10.1","4.2","73","34.9","81.8","25.2","49.2","18.6","23.7"
"2024","Jose F Miranda","MIN","429","0.74045802","0.92783505","0.25519481","0.60940032","0.82446809","0.40064935","0.31088083","0.49166667","0.25064935","0.125","0.16666667","0.09350649","0.284289276","Jose F Miranda","20538","669304","Miranda, Jose F","669304","2024","15.4","4.2","0.284","0.441","0.322","0.763","0.328","0.311","0.367","0.346","70.9","15.5","13.3","10.8","35.9","29","7.6","25","11.5","-5.4","67.3","25.9","88.9","15.5","5.9","71","35.7","87.5","22.5","38.6","26.3","26.3"
"2026","José Fermín","STL","213","0.6","0.94814815","0.26102088","0.49726776","0.86813187","0.42459397","0.16853933","0.7","0.20649652","0.01075269","0","0.10788863","0.243386243","Jose Fermin","21746","665877","Fermín, José","665877","2026","13.1","8.5","0.243","0.37","0.31","0.68","0.301","0.289","0.307","0.291","68","2.6","8.1","7.1","38.6","33.9","7.4","7","8","-6.4","65.8","30.4","86","18.3","2.4","56.9","23.2","90.8","14.5","38.4","25.6","23.8"
"2026","Jose Fernandez","ARI","177","0.60795455","0.91588785","0.25581395","0.52961672","0.77631579","0.41715116","0.33544304","0.56603774","0.22965116","0.14925373","0.1","0.09738372","0.254545454","Jose Fernandez","28020","699912","Fernandez, Jose","699912","2026","22.6","4","0.255","0.352","0.289","0.641","0.283","0.276","0.347","0.337","74.4","45.9","13.9","10.7","29.2","22.6","7.8","4","7.8","-6","49.5","32.5","87.9","11.6","3.9","58.8","36.9","85.9","24.6","49.6","13.2","22.5"
"2023","Jose Herrera","ARI","120","0.61744966","0.93478261","0.29215686","0.39574468","0.74193548","0.46078431","0.08333333","0.5","0.18823529","0.06666667","0","0.05882353","0.207920792","Jose Herrera","17040","645444","Herrera, Jose","645444","2023","25","10.8","0.208","0.257","0.296","0.553","0.256","0.26","0.282","0.289","66.1","2.5","5.1","3.8","44.1","32.9","6.9","0","6.9","-5.3","37.8","34.8","85.9","11.3","0","58.3","17.2","85.4","19.6","46.8","22.1","27.3"
"2024","Jose Herrera","ARI","114","0.66442953","0.90909091","0.29919679","0.46766169","0.74468085","0.40361446","0.10909091","0.16666667","0.22088353","0","null","0.07630522","0.226804123","Jose Herrera","17040","645444","Herrera, Jose","645444","2024","23.7","7.9","0.227","0.32","0.29","0.61","0.271","0.26","0.321","0.305","66.6","1.2","6.8","5.2","33.3","25.4","7.1","4","9.1","-7.3","49.2","34.6","84.5","9","0","61.4","19.8","83.6","24.2","52.6","17.9","23.1"
"2025","Jose Herrera","ARI","204","0.64919355","0.9068323","0.29039813","0.39247312","0.76712329","0.43559719","0.10588235","0.22222222","0.19906323","0.015625","0","0.07494145","0.186746987","Jose Herrera","17040","645444","Herrera, Jose","645444","2025","23","11.3","0.187","0.259","0.285","0.544","0.251","0.237","0.261","0.239","66.9","1.4","5.5","4.3","33.6","26.4","7.2","5","7.3","-5.1","47.7","33.2","83.9","16.2","0.8","58","15.5","86.3","21.1","44.4","27.1","19.5"
"2024","Jose Iglesias","NYM","291","0.6445993","0.92432432","0.26697674","0.59701493","0.86428571","0.43627907","0.38839286","0.75862069","0.20837209","0.12631579","0.33333333","0.08837209","0.337037037","Jose Iglesias","10231","578428","Iglesias, Jose","578428","2024","13.4","4.1","0.337","0.448","0.381","0.829","0.362","0.316","0.395","0.337","69.7","9.2","8.4","7.2","32.9","28.4","6.8","7","5.4","-1.3","42.2","31.8","85.8","9","2.2","65","39.5","87.9","15.2","48.7","19.4","28"
"2025","Jose Iglesias","SDP","343","0.55690073","0.92608696","0.30145985","0.48134991","0.82287823","0.41094891","0.35125448","0.71428571","0.20364964","0.13043478","0.26666667","0.08394161","0.228758169","Jose Iglesias","10231","578428","Iglesias, Jose","578428","2025","16.3","7","0.229","0.294","0.298","0.592","0.268","0.281","0.275","0.292","68.8","9.2","7.4","6.2","32.4","27.1","6.6","13","2.7","4.2","33.3","33.6","84","3.9","2","55.1","34.2","88.7","17.8","59.4","15.2","20.3"
"2023","José Ramírez","CLE","691","0.73579109","0.94989562","0.24942529","0.52380952","0.8542024","0.42643678","0.23606557","0.60416667","0.23371648","0.04661017","0","0.09042146","0.281505728","Jose Ramirez","13510","608070","Ramírez, José","608070","2023","10.6","10.6","0.282","0.475","0.356","0.831","0.346","0.36","0.359","0.377","70.4","12.8","16.4","14.3","40.6","35.4","7.2","12","7.6","-7.2","52.8","28.6","90","18","7","67.4","28.1","91.2","15.6","34.9","28.5","26.3"
"2024","José Ramírez","CLE","682","0.73708207","0.93814433","0.24058501","0.56151941","0.87647059","0.44277879","0.2784","0.64367816","0.2285192","0.04979253","0.33333333","0.088117","0.279032258","Jose Ramirez","13510","608070","Ramírez, José","608070","2024","12","7.9","0.279","0.537","0.335","0.872","0.364","0.333","0.393","0.355","71.5","18.8","14.1","12.3","32.6","28.4","7.3","17","9.9","-9.4","63.8","30.6","89.2","19.6","8.6","69","31.8","90.6","15.2","34.2","31.1","22.6"
"2025","José Ramírez","CLE","673","0.70194986","0.93253968","0.26931733","0.52770209","0.87091222","0.41297824","0.2359375","0.63576159","0.24006002","0.0531401","0.27272727","0.07764441","0.283305227","Jose Ramirez","13510","608070","Ramírez, José","608070","2025","11","9.8","0.283","0.503","0.36","0.863","0.359","0.342","0.376","0.355","70.9","16.2","13.3","11.6","34.7","30.2","7.2","18","8.7","-9.3","60.4","29.8","88.9","19.2","7","66","29","91","14.9","33.3","29.9","25.5"
"2026","José Ramírez","CLE","347","0.71036585","0.94420601","0.2368231","0.56756757","0.85079365","0.40072202","0.26815642","0.6875","0.25848375","0.03472222","0.2","0.10397112","0.237458193","Jose Ramirez","13510","608070","Ramírez, José","608070","2026","13.3","12.4","0.237","0.398","0.332","0.73","0.317","0.347","0.318","0.357","69.9","11.8","12.6","10.6","31.5","26.5","7.2","4","10","-9.4","60.5","31.1","89.3","19.3","5.9","67.1","30.1","90","16.6","31.3","30.1","27.7"
"2023","Jose Siri","TBR","364","0.76969697","0.72834646","0.24626866","0.58035714","0.63076923","0.41791045","0.34177215","0.37037037","0.2358209","0.14925373","0.05","0.1","0.221893491","Jose Siri","17452","642350","Siri, Jose","642350","2023","35.7","5.5","0.222","0.494","0.267","0.761","0.319","0.297","0.475","0.439","73.2","31.5","13.3","8.4","30.6","19.4","7.9","8","14.1","-3","44.4","33.6","88.4","14.4","13.2","69.8","37.9","70.4","40.3","40.6","34.4","20.3"
"2024","Jose Siri","TBR","448","0.69506726","0.73870968","0.24944072","0.58498024","0.61486486","0.42449664","0.31265509","0.30952381","0.2253915","0.11111111","0","0.10067114","0.186567164","Jose Siri","17452","642350","Siri, Jose","642350","2024","37.9","6.9","0.187","0.366","0.255","0.621","0.271","0.299","0.398","0.451","72.4","27.2","14.9","9.2","27.3","16.8","7.8","20","12.9","1.1","49.5","33","87.5","15.4","14.7","67.1","35.3","67.9","41.9","40.3","29.8","22.3"
"2026","Jose Siri","LAA","115","0.63736264","0.68965517","0.21462264","0.60526316","0.72173913","0.44811321","0.41","0.53658537","0.23584906","0.23255814","0.3","0.10141509","0.262135922","Jose Siri","17452","642350","Siri, Jose","642350","2026","27","6.1","0.262","0.456","0.319","0.775","0.336","0.303","0.433","0.383","73.5","38.6","15.9","10.7","22.7","15.2","7.8","7","13.8","-4.4","55.2","33.2","86.4","17.7","10.8","66.8","44","76.7","34","44","32","17.3"
"2024","José Tena","- - -","168","0.71859296","0.91608392","0.29569094","0.5035461","0.76760563","0.41901932","0.30434783","0.52380952","0.20505201","0.14814815","0.25","0.08023774","0.267080745","Jose Tena","23691","677588","Tena, José","677588","2024","24.4","4.2","0.267","0.354","0.298","0.652","0.286","0.306","0.361","0.39","71.2","19.5","16.9","13.1","35.9","27.9","6.9","3","7.6","-0.7","38","36.2","91.2","7.6","8.3","67.3","32.9","83.8","24","47.5","21.7","25"
"2025","José Tena","WSN","169","0.70056497","0.91129032","0.26106195","0.50177936","0.80141844","0.41445428","0.21428571","0.42424242","0.22713864","0.03030303","0","0.09734513","0.243421052","Jose Tena","23691","677588","Tena, José","677588","2025","21.9","8.9","0.243","0.355","0.314","0.669","0.296","0.302","0.335","0.346","70.7","15.4","12.1","9.4","38.6","30","6.8","1","3.6","2.5","35.3","35","89.2","1.2","5.3","63.3","27.9","85","22","59.5","14.7","25.9"
"2026","José Tena","WSN","203","0.69565217","0.86805556","0.25429975","0.6","0.66666667","0.41154791","0.26923077","0.36734694","0.22358722","0.06666667","0","0.11056511","0.243243243","Jose Tena","23691","677588","Tena, José","677588","2026","30","7.9","0.243","0.4","0.31","0.71","0.313","0.308","0.41","0.402","73.9","41.1","21.3","14.2","33.1","22.1","7.1","9","7.3","-1.6","40.3","34.5","91.8","8.8","8.1","67.8","31.7","76.5","34.7","49.2","17.7","28.2"
"2023","Jose Trevino","NYY","168","0.55483871","0.93023256","0.252443","0.48301887","0.8515625","0.43159609","0.43181818","0.70175439","0.21498371","0.12903226","0.75","0.1009772","0.210191082","Jose Trevino","16725","624431","Trevino, Jose","624431","2023","13.1","4.8","0.21","0.312","0.257","0.569","0.252","0.279","0.26","0.293","67.7","0","0","0","16.7","12.5","7","0","3.9","5.6","62.5","21.8","85.8","9.6","2.9","54.7","37.7","89.7","16.4","51.5","16.2","25"
"2024","Jose Trevino","NYY","234","0.54883721","0.92372881","0.24157303","0.45177665","0.8258427","0.44269663","0.29441624","0.70689655","0.22134831","0.04761905","0.5","0.09438202","0.215311004","Jose Trevino","16725","624431","Trevino, Jose","624431","2024","17.5","8.5","0.215","0.354","0.288","0.642","0.284","0.269","0.299","0.279","68.9","3.7","11.7","9.7","40.9","33.9","7","2","8.1","-1.7","70","22","88.1","9.9","5.3","53.5","28.8","89.7","18.7","45","27.5","21.1"
"2025","Jose Trevino","CIN","302","0.59501558","0.91623037","0.30197554","0.53033708","0.8220339","0.41862653","0.26635514","0.64912281","0.20131703","0.12048193","0.4","0.0780809","0.237588652","Jose Trevino","16725","624431","Trevino, Jose","624431","2025","12.9","5","0.238","0.351","0.272","0.623","0.271","0.278","0.288","0.297","68.8","2.5","15.3","12.6","42.8","35.4","7.2","12","9.2","-2.6","72.5","23.4","87.9","10.9","4.5","59.5","32.2","86.8","18.4","47.6","22.2","23.4"
"2023","Josh Bell","- - -","617","0.78496503","0.86859688","0.23558484","0.54081633","0.7838765","0.44398682","0.20926244","0.37704918","0.24011532","0.02051282","0","0.08031301","0.246800731","Josh Bell","13145","605137","Bell, Josh","605137","2023","21.7","10.2","0.247","0.419","0.325","0.744","0.323","0.343","0.37","0.4","72.3","28.7","15.7","12.1","31.4","24.2","8.1","7","9.2","-0.5","58.9","34","90.1","9.3","10.2","70.9","27.7","82.8","25.8","48.8","26","21.4"
"2024","Josh Bell","- - -","603","0.80075901","0.87203791","0.23547811","0.56530612","0.75812274","0.43789097","0.19925512","0.46728972","0.23994638","0.05154639","0","0.08668454","0.249070631","Josh Bell","13145","605137","Bell, Josh","605137","2024","19.9","8.5","0.249","0.405","0.319","0.724","0.317","0.312","0.357","0.351","70.4","14.9","15.3","11.5","36.1","27.3","7.9","15","9.1","1.4","53.4","35.2","88.9","10.5","7.7","73.5","27.4","81.2","26.8","49.6","23.5","21.1"
"2025","Josh Bell","WSN","533","0.75655431","0.87871287","0.25416468","0.54080522","0.77867203","0.43741076","0.17419355","0.39506173","0.22132318","0.02185792","0.25","0.08710138","0.237179487","Josh Bell","13145","605137","Bell, Josh","605137","2025","16.5","10.7","0.237","0.417","0.325","0.742","0.324","0.359","0.339","0.389","73.1","34.8","18.4","14.5","34.3","26.9","8","12","10.1","-2.9","58","33.6","90.4","10.4","12.1","69","26.7","83.7","23.6","46","27.9","20.6"
"2026","Josh Bell","MIN","421","0.80049261","0.86461538","0.24771202","0.58173785","0.78987342","0.414277","0.26984127","0.55882353","0.23062843","0.07954545","0.14285714","0.10738255","0.244155844","Josh Bell","13145","605137","Bell, Josh","605137","2026","22.3","7.6","0.244","0.41","0.304","0.714","0.312","0.32","0.368","0.379","71.9","25.3","14.4","11.2","31.3","24.4","7.9","14","9.3","-1.8","55.2","33.7","89.9","13.7","9.9","73.9","31.1","81.9","24.7","41","25.9","24.6"
"2023","Josh Donaldson","- - -","189","0.72774869","0.8057554","0.26601671","0.4695122","0.74025974","0.45682451","0.1971831","0.5","0.19777159","0.01754386","0","0.07938719","0.151515151","Josh Donaldson","5038","518626","Donaldson, Josh","518626","2023","26.5","11.6","0.152","0.418","0.249","0.667","0.284","0.325","0.329","0.395","73.2","34.6","22.4","16.3","44.7","32.7","7.7","1","14.9","-1","64.5","26.9","92.1","11.7","16.2","64.3","26.4","78.2","26.7","48.7","29.9","12.8"
"2023","Josh Harrison","PHI","114","0.75206612","0.83516484","0.30867347","0.50887574","0.76744186","0.43112245","0.3","0.66666667","0.17857143","0.03125","0","0.08163265","0.203883495","Josh Harrison","8202","543281","Harrison, Josh","543281","2023","17.5","2.6","0.204","0.291","0.263","0.554","0.248","0.278","0.257","0.297","68.3","0","11.1","10","33.3","30","7.4","0","13.9","0.3","80","33.7","86.6","10.7","2.4","67.7","30.9","79.6","21.9","49.4","16.5","25.9"
"2023","Josh Jung","TEX","515","0.73904762","0.85824742","0.26568826","0.600246","0.7397541","0.41143725","0.27664399","0.44262295","0.22317814","0.1319797","0.11538462","0.09969636","0.265690376","Josh Jung","26299","673962","Jung, Josh","673962","2023","29.3","5.8","0.266","0.467","0.315","0.782","0.334","0.334","0.449","0.449","71.2","12.8","16.1","10.7","32.3","21.5","7","6","12.5","1.5","45.2","39.1","91.8","15","11.9","72.7","32.9","79.4","29.7","37.4","29.5","29.5"
"2024","Josh Jung","TEX","188","0.71505376","0.86466165","0.26995646","0.61403509","0.69714286","0.41364296","0.28378378","0.42857143","0.21480406","0.12857143","0.11111111","0.10159652","0.264044943","Josh Jung","26299","673962","Jung, Josh","673962","2024","25.5","4.3","0.264","0.421","0.298","0.719","0.311","0.296","0.398","0.377","72","14.6","10.7","7.5","35.5","25","7.2","5","13.1","-0.1","60.3","36.8","86.2","12.2","9.9","68.9","35.5","76.6","31.9","42.7","29","23.7"
"2025","Josh Jung","TEX","511","0.74537988","0.8815427","0.25220093","0.57641396","0.76826722","0.43034697","0.2885906","0.54263566","0.23148628","0.09638554","0.1875","0.08596582","0.251037344","Josh Jung","26299","673962","Jung, Josh","673962","2025","25.2","5.3","0.251","0.39","0.294","0.684","0.298","0.304","0.374","0.384","70.2","5.1","17.3","13.3","34.1","26.2","7","17","11.4","2.7","52.9","37.7","89.3","12.8","8.3","69.6","33.2","82","25.4","41.6","24.9","27.5"
"2026","Josh Jung","TEX","396","0.68716578","0.9766537","0.25598905","0.54340278","0.80830671","0.39425051","0.26404494","0.59574468","0.24366872","0.09032258","0.14285714","0.10609172","0.29378531","Josh Jung","26299","673962","Jung, Josh","673962","2026","17.9","8.3","0.294","0.441","0.361","0.802","0.352","0.347","0.392","0.384","70.5","8.9","15.9","13.3","38.8","32.4","7","13","12.4","0","56.5","36.7","90.6","11.8","6.3","65.6","28.8","91","18.4","43","22","31.1"
"2023","Josh Lowe","TBR","501","0.80284553","0.86075949","0.24165029","0.6031746","0.71428571","0.43320236","0.30042017","0.44755245","0.23379175","0.08602151","0.125","0.0913556","0.291845493","Josh Lowe","19953","666139","Lowe, Josh","666139","2023","24.8","6.2","0.292","0.5","0.335","0.835","0.354","0.339","0.451","0.43","73.9","40.4","14.5","10.8","28.7","21.4","7.2","2","5.6","0.9","42.1","35.7","89.1","14.3","11","73.5","35.7","78","30.2","39.1","29.3","25.5"
"2024","Josh Lowe","TBR","387","0.76179245","0.84210526","0.25358852","0.55691057","0.72019465","0.44138756","0.30623306","0.49557522","0.22069378","0.07092199","0.1","0.08433014","0.240793201","Josh Lowe","19953","666139","Lowe, Josh","666139","2024","31.8","8.3","0.241","0.391","0.302","0.693","0.299","0.297","0.41","0.408","73.3","32.7","13.4","9.2","28.2","19.2","7.2","9","10","-0.6","48.1","36.9","90.8","16.9","10.3","69.7","33.3","74.1","31.9","35.8","29.3","27.6"
"2025","Josh Lowe","TBR","435","0.75262055","0.78551532","0.26151316","0.60490798","0.77687627","0.44682018","0.3","0.62393162","0.21381579","0.13380282","0.10526316","0.07785088","0.219696969","Josh Lowe","19953","666139","Lowe, Josh","666139","2025","25.1","7.6","0.22","0.366","0.283","0.649","0.284","0.298","0.341","0.362","72.4","27.4","10.2","7.4","27","19.7","7.3","15","7.1","-0.2","45.2","35.9","88.6","9.3","5.9","71.8","37.1","75","28","46.6","20.3","27.6"
"2026","Josh Lowe","LAA","206","0.80841121","0.82080925","0.25598086","0.62395543","0.76785714","0.42942584","0.39247312","0.49315068","0.22248804","0.12987013","0.3","0.09210526","0.201058201","Josh Lowe","19953","666139","Lowe, Josh","666139","2026","26.7","6.3","0.201","0.349","0.255","0.604","0.264","0.291","0.329","0.37","74.3","41","9.9","7","24.8","17.5","7.5","4","12.1","-3","47.9","38","89","18.7","9.5","76.8","39.6","75.2","29.9","38","37.2","17.5"
"2023","Josh Naylor","CLE","495","0.81424936","0.93125","0.23832626","0.64222874","0.84018265","0.41358399","0.38366337","0.62580645","0.24499697","0.11176471","0.26315789","0.10309278","0.307522123","Josh Naylor","18839","647304","Naylor, Josh","647304","2023","13.7","6.7","0.308","0.489","0.354","0.843","0.354","0.345","0.391","0.381","73.2","35.9","14","12","31","26.4","7.5","4","7.4","-2.4","45.4","30","89.1","12.3","8.2","76.4","39.6","88.3","19.8","43.2","25.6","23.8"
"2024","Josh Naylor","CLE","633","0.76296296","0.90776699","0.23642732","0.59209157","0.77680141","0.42075306","0.26449275","0.5890411","0.24168126","0.0952381","0.40909091","0.10113835","0.243339253","Josh Naylor","18839","647304","Naylor, Josh","647304","2024","16.6","9.2","0.243","0.456","0.32","0.776","0.332","0.338","0.362","0.37","72.8","32.5","15.9","12.7","34","27.3","7.6","11","8.6","-8.4","45.3","29.1","89.9","11.1","8.5","72.3","32.2","85.5","22.4","46.8","25.1","20.8"
"2025","Josh Naylor","- - -","604","0.74484053","0.91687657","0.26477894","0.6191052","0.77734375","0.41082961","0.32426778","0.61290323","0.23745653","0.11428571","0.15","0.08693492","0.2946593","Josh Naylor","18839","647304","Naylor, Josh","647304","2025","13.7","7.9","0.295","0.462","0.353","0.815","0.351","0.335","0.378","0.357","70.9","17.7","16.9","13.4","39.6","31.5","7.6","21","7.4","-8","43.7","31.3","89.2","11.6","6.7","72.6","37.1","86.9","22.1","45.8","26","23"
"2026","Josh Naylor","SEA","438","0.73668639","0.91967871","0.23735955","0.60168067","0.83519553","0.41783708","0.32869081","0.66949153","0.25210674","0.09090909","0.41666667","0.09269663","0.260651629","Josh Naylor","18839","647304","Naylor, Josh","647304","2026","12.3","7.5","0.261","0.358","0.323","0.681","0.303","0.32","0.31","0.332","70.2","8.8","13.4","11.2","38.2","32","7.5","10","8.3","-7","45.5","29.4","87.6","12.7","4.6","70.6","37.7","88.8","18.1","43.9","22.3","23.7"
"2023","Josh Rojas","- - -","350","0.69168901","0.89147287","0.2762963","0.47048611","0.76383764","0.42666667","0.20486111","0.47457627","0.21333333","0.05309735","0","0.0837037","0.245222929","Josh Rojas","19734","668942","Rojas, Josh","668942","2023","23.1","7.7","0.245","0.338","0.303","0.641","0.284","0.278","0.332","0.324","67.8","0.9","9.4","7.4","38.3","29.9","7.3","3","11.8","-2.8","57.9","33.4","87.1","13","3.8","61.8","25.8","83.2","24.2","41.8","28.5","26.4"
"2024","Josh Rojas","SEA","476","0.73745174","0.91623037","0.27248816","0.47548461","0.70983213","0.46133614","0.14784946","0.34545455","0.19568648","0.02985075","0","0.07048922","0.225118483","Josh Rojas","19734","668942","Rojas, Josh","668942","2024","22.7","9.7","0.225","0.336","0.304","0.64","0.286","0.297","0.322","0.338","66.5","0.8","9.8","7.6","38.1","29.6","7.2","15","13","-0.4","49.3","33.5","88.2","15.5","5.7","66.9","22","84.1","24.4","40.4","29","24.3"
"2025","Josh Rojas","CHW","211","0.752","0.90957447","0.31367629","0.46788991","0.75163399","0.41028858","0.14379085","0.27272727","0.19196989","0.02985075","0","0.08406524","0.179894179","Josh Rojas","19734","668942","Rojas, Josh","668942","2025","22.7","9","0.18","0.259","0.252","0.511","0.232","0.263","0.249","0.295","67.8","2.5","9.4","7.5","39.4","31.4","7.2","7","9.8","1.3","56.1","32","89.6","13.4","3.5","70.3","19.5","83","23.1","41.7","31.9","23.6"
"2023","Josh Smith","TEX","232","0.64925373","0.91954023","0.27430911","0.49004975","0.79695431","0.41146366","0.1627907","0.45714286","0.22006141","0.0326087","0","0.09416581","0.184615384","Josh Smith","26396","669701","Smith, Josh","669701","2023","23.7","10.8","0.185","0.328","0.304","0.632","0.287","0.323","0.298","0.358","69.4","5","14.1","11.9","33.3","28.1","6.4","2","8.4","0.1","45","35.2","88.5","12.5","10.6","62.2","22.2","85.9","21.3","46.2","32.2","18.2"
"2024","Josh Smith","TEX","592","0.72196621","0.88297872","0.27927928","0.50294695","0.80664063","0.43672244","0.2008547","0.39361702","0.2007722","0.03608247","0","0.08322608","0.258126195","Josh Smith","26396","669701","Smith, Josh","669701","2024","20.4","7.8","0.258","0.394","0.337","0.731","0.323","0.309","0.361","0.341","70.1","6.7","11.7","9.2","35.4","27.7","6.8","11","12.9","-4.9","44.7","37.6","87.8","15.4","3.7","66.9","25.8","85.1","21.8","39.6","29","25.3"
"2025","Josh Smith","TEX","563","0.66163142","0.92465753","0.28946218","0.50448654","0.7826087","0.43856581","0.17012448","0.5","0.21075645","0.02857143","0.25","0.06121557","0.25050505","Josh Smith","26396","669701","Smith, Josh","669701","2025","17.8","9.8","0.251","0.366","0.335","0.701","0.311","0.31","0.33","0.33","69","3.6","10.8","8.7","34.4","27.7","6.7","13","8.5","-1.6","42.8","36.5","87.2","12.7","5","63.1","25.8","87.8","19.6","44.6","24.1","24.6"
"2026","Josh Smith","TEX","152","0.67391304","0.88172043","0.23834197","0.56573705","0.86619718","0.43350604","0.32116788","0.5","0.23661485","0.05660377","0","0.09153713","0.214814814","Josh Smith","26396","669701","Smith, Josh","669701","2026","19.1","9.9","0.215","0.274","0.296","0.57","0.26","0.268","0.269","0.28","69.1","3.2","8.9","7.2","31.5","25.5","7","7","12.6","-6.1","48","34.9","86.6","16.2","5.6","63.9","34.8","86.6","22.3","39.3","32.7","19.6"
"2023","Joshua Palacios","PIT","264","0.79259259","0.8411215","0.28183716","0.56220096","0.78723404","0.43632568","0.21025641","0.36585366","0.20354906","0.09333333","0","0.0782881","0.238866396","Joshua Palacios","19818","641943","Palacios, Joshua","641943","2023","21.2","4.5","0.239","0.413","0.279","0.692","0.297","0.317","0.354","0.382","71.4","21.1","17.4","12.9","37.4","27.7","7.2","9","8.7","-1.6","51.5","31.3","91.3","7.7","9.8","72.7","30.2","79.6","26.7","47.9","25.3","23.2"
"2025","Joshua Palacios","CHW","145","0.80985915","0.86086957","0.25448029","0.54212454","0.73648649","0.48924731","0.19811321","0.42857143","0.18996416","0.08108108","0","0.06630824","0.203125","Joshua Palacios","19818","641943","Palacios, Joshua","641943","2025","24.8","8.3","0.203","0.305","0.292","0.597","0.271","0.299","0.303","0.346","71.9","22.4","15.4","11.4","26.6","19.7","7.2","9","7.8","3.7","49.6","30.3","88.3","11","8.7","72.3","28.2","79.4","27.8","47.3","19.4","22.6"
"2023","Juan Soto","SDP","708","0.68011127","0.91820041","0.24818778","0.38169827","0.77105832","0.41870901","0.10948905","0.53333333","0.2364515","0.025","0.14285714","0.09665171","0.274647887","Juan Soto","20123","665742","Soto, Juan","665742","2023","18.2","18.6","0.275","0.519","0.41","0.929","0.395","0.407","0.426","0.445","74.6","48.1","23.2","19.6","37.3","31.6","7.3","15","9.1","4.5","56.3","26.6","93.2","6.7","13.1","57.8","16.7","85.9","20.5","51.9","25.2","18.9"
"2024","Juan Soto","NYY","713","0.67541436","0.87321063","0.24484275","0.40991345","0.77735125","0.42982753","0.11304348","0.5","0.23334461","0.01470588","0","0.09198512","0.288194444","Juan Soto","20123","665742","Soto, Juan","665742","2024","16.7","18.1","0.288","0.569","0.419","0.988","0.421","0.463","0.453","0.518","75.4","59","25.4","20.6","39.3","31.8","7.3","28","12.1","2.7","60.4","27.2","94.2","10.7","19.8","59","18.3","84.7","21.5","44.7","27.8","22.8"
"2025","Juan Soto","NYM","715","0.61650485","0.87401575","0.27762803","0.38040816","0.77682403","0.41273585","0.102526","0.44927536","0.22675202","0.01626016","0","0.0828841","0.263431542","Juan Soto","20123","665742","Soto, Juan","665742","2025","19.2","17.8","0.263","0.525","0.396","0.921","0.39","0.429","0.43","0.491","73.6","40.8","26.5","21.8","39.8","32.6","7","36","10.8","3.9","65.5","28.1","93.8","12","18.2","55.7","16","83.6","22.4","45.2","27.5","20.8"
"2026","Juan Soto","NYM","359","0.71186441","0.8968254","0.24600417","0.44087838","0.79693487","0.4113968","0.13352273","0.46808511","0.24461432","0.0141844","0.5","0.09798471","0.28327645","Juan Soto","20123","665742","Soto, Juan","665742","2026","13.4","17.5","0.283","0.539","0.408","0.947","0.401","0.422","0.414","0.444","72.2","26.9","22.1","18.2","42.4","35","7.1","26","12.5","0.9","64.4","28.3","92.5","16.3","14.3","61.8","19.8","86","20.6","38.1","34.8","19.8"
"2024","Juan Yepez","WSN","249","0.80088496","0.91160221","0.23395445","0.58088235","0.78902954","0.42236025","0.26141079","0.58730159","0.2494824","0.03296703","0","0.0942029","0.28318584","Juan Yepez","18400","660766","Yepez, Juan","660766","2024","16.9","7.2","0.283","0.429","0.335","0.764","0.331","0.303","0.369","0.331","70.5","11.5","11.3","8.8","30.9","24","7.3","5","7.6","-1.7","52.9","30.6","86.6","8.5","5.9","71","32.4","84.4","22.1","50.5","20.7","22.9"
"2023","Julio Rodríguez","SEA","714","0.74882261","0.87840671","0.25368379","0.64649376","0.73551263","0.41457587","0.3042735","0.3988764","0.23297491","0.09677419","0.08333333","0.09876543","0.275229357","Julio Rodriguez","23697","677594","Rodríguez, Julio","677594","2023","24.5","6.6","0.275","0.485","0.333","0.818","0.347","0.339","0.436","0.423","77.2","70","21.5","16","31.9","23.8","7.9","10","7.8","-4.4","48.8","33.5","92.7","8.5","11.9","72","37.5","83.4","28.3","47.6","24.5","23.3"
"2024","Julio Rodríguez","SEA","613","0.77913043","0.828125","0.24109015","0.65913758","0.7211838","0.40838574","0.31686542","0.47849462","0.24612159","0.07630522","0.05263158","0.10440252","0.273368606","Julio Rodriguez","23697","677594","Rodríguez, Julio","677594","2024","25.4","6.2","0.273","0.409","0.325","0.734","0.321","0.345","0.403","0.439","76.2","62.7","20.5","14.4","29.5","20.7","7.9","30","7.8","-2.5","46.5","33","91.7","10.5","10.2","74.6","37.3","78.8","30.9","44.6","26.2","23"
"2025","Julio Rodríguez","SEA","710","0.79109063","0.84660194","0.26081731","0.63791469","0.74442793","0.42267628","0.30034722","0.42774566","0.23076923","0.09345794","0.1","0.08573718","0.266871165","Julio Rodriguez","23697","677594","Rodríguez, Julio","677594","2025","21.4","6.2","0.267","0.474","0.324","0.798","0.341","0.344","0.408","0.413","76.4","63.7","19.7","14.4","30.7","22.4","7.7","19","6.9","-1.3","46","31.7","91.8","8.5","9.8","75.3","35.9","80.6","28.2","48.2","25.7","21.1"
"2026","Julio Rodríguez","SEA","423","0.69577465","0.87044534","0.22511097","0.62765957","0.79418886","0.41724794","0.38582677","0.53741497","0.24159797","0.14754098","0.11111111","0.11604312","0.254545454","Julio Rodriguez","23697","677594","Rodríguez, Julio","677594","2026","20.1","7.1","0.255","0.421","0.314","0.735","0.321","0.348","0.368","0.406","76.7","67.8","17.9","13.4","27","20.2","7.8","10","8.3","-5.7","49.9","31.1","90","13.9","8.9","69.4","40","85.3","26.5","40.9","26.7","24.8"
"2024","Jung Hoo Lee","SFG","158","0.63687151","0.95614035","0.31458699","0.45991561","0.89908257","0.41652021","0.21052632","0.83333333","0.20035149","0.02564103","0","0.0685413","0.262068965","Jung Hoo Lee","33824","808982","Lee, Jung Hoo","808982","2024","8.2","6.3","0.262","0.331","0.31","0.641","0.284","0.324","0.279","0.325","70.6","12.9","13.6","12.4","40.8","37.1","7.4","0","6.4","-5.5","42.1","37.5","89.1","9.2","4.5","57.8","27","93.9","9.6","45.5","22.4","26.9"
"2025","Jung Hoo Lee","SFG","617","0.68510638","0.94616977","0.29987239","0.47289157","0.86624204","0.42364951","0.18930041","0.60869565","0.20672054","0.01829268","0.33333333","0.06975755","0.266071428","Jung Hoo Lee","33824","808982","Lee, Jung Hoo","808982","2025","11.5","7.6","0.266","0.407","0.327","0.734","0.32","0.321","0.326","0.326","68.3","2.7","11","9.6","40","35","7.5","6","5.1","-4.5","40.8","39.5","87.1","9.9","3.7","64.5","22.5","91.5","13.1","47.5","24.9","23.9"
"2026","Jung Hoo Lee","SFG","394","0.66326531","0.96538462","0.27683616","0.51913478","0.88461538","0.42443503","0.26855124","0.65789474","0.19985876","0.06428571","0.33333333","0.09887006","0.301886792","Jung Hoo Lee","33824","808982","Lee, Jung Hoo","808982","2026","10.2","3.8","0.302","0.434","0.335","0.769","0.335","0.314","0.353","0.328","68.4","2.9","9.6","8.5","41.6","36.8","7.7","4","4.3","-4.6","39.1","39","86.9","9.8","2.4","62","31.1","94.4","13.2","45.5","20.7","30.2"
"2024","Junior Caminero","TBR","177","0.63448276","0.82608696","0.23052464","0.57835821","0.72258065","0.42607313","0.3125","0.51111111","0.22893482","0.11111111","0","0.11446741","0.248484848","Junior Caminero","28163","691406","Caminero, Junior","691406","2024","21.5","6.2","0.248","0.424","0.299","0.723","0.309","0.303","0.372","0.364","77.3","70.3","23.2","16.7","33.2","24","8.3","14","5.2","-2.1","50.6","25.4","89.7","6.8","11.8","63.1","35.4","77.8","31.7","48.8","21.3","17.3"
"2025","Junior Caminero","TBR","653","0.75606061","0.85370741","0.26463512","0.56243854","0.77797203","0.40777867","0.29048414","0.53448276","0.24017642","0.05963303","0.15384615","0.08740978","0.264119601","Junior Caminero","28163","691406","Caminero, Junior","691406","2025","19.1","6.3","0.264","0.535","0.311","0.846","0.357","0.346","0.419","0.404","78.5","80.7","22.6","17.3","29.2","22.4","8.4","21","7.8","-4.8","58.8","26.2","92.4","10.7","14","69.5","32.1","82.1","24.7","46.7","25.8","19"
"2026","Junior Caminero","TBR","467","0.66071429","0.91891892","0.21887214","0.50649351","0.79202279","0.38693467","0.275","0.65151515","0.2680067","0.09292035","0.28571429","0.12618649","0.282555282","Junior Caminero","28163","691406","Caminero, Junior","691406","2026","18.2","12.2","0.283","0.545","0.37","0.915","0.388","0.369","0.441","0.414","79.9","88.8","25.2","20","30.1","23.8","8.7","7","8","-5.6","61.6","24.4","92.9","9.3","13","61.6","28.6","85.3","22.6","49.4","22.2","21"
"2023","Jurickson Profar","- - -","521","0.77112676","0.89726027","0.26996198","0.51273533","0.83153348","0.42918251","0.18558952","0.38823529","0.21768061","0.02857143","0","0.0831749","0.241830065","Jurickson Profar","10815","595777","Profar, Jurickson","595777","2023","17.3","9.6","0.242","0.368","0.321","0.689","0.304","0.307","0.319","0.322","71","19.8","11.2","9.3","33.5","27.8","7.3","2","9.3","-1","49.6","32.3","86.5","14.8","4","68.8","25.2","87.8","20","40.1","24.1","26.7"
"2024","Jurickson Profar","SDP","668","0.74560217","0.91833031","0.27000365","0.5030303","0.83648881","0.42199488","0.16559486","0.52427184","0.22725612","0.02714932","0.16666667","0.08074534","0.280141843","Jurickson Profar","10815","595777","Profar, Jurickson","595777","2024","15.1","11.4","0.28","0.459","0.38","0.839","0.365","0.366","0.381","0.382","71.6","22.5","12.8","10.8","32.2","27","7.3","12","8.6","-2.4","49.1","32.6","91.1","13.4","7.2","68.7","22","87.9","17","43.1","25.6","23.5"
"2025","Jurickson Profar","ATL","371","0.72885572","0.93174061","0.25540025","0.4875","0.85185185","0.45743329","0.1510574","0.48","0.21029225","0.07438017","0.11111111","0.07687421","0.245283018","Jurickson Profar","10815","595777","Profar, Jurickson","595777","2025","15.9","12.9","0.245","0.434","0.353","0.787","0.346","0.325","0.354","0.324","70.9","18","12.2","10.2","30.1","25","7.5","6","10.6","-7.2","56","30.8","89","20","7.4","66.1","24","89.3","16.9","36.3","31.3","19.3"
"2026","Justin Crawford","PHI","316","0.74074074","0.89583333","0.28003457","0.58686441","0.85920578","0.4079516","0.35249042","0.75","0.22558341","0.09","0","0.08643042","0.256849315","Justin Crawford","31791","702222","Crawford, Justin","702222","2026","19.9","5.7","0.257","0.339","0.306","0.645","0.288","0.278","0.328","0.316","68.9","5.1","9.6","7.8","30.5","24.9","7","4","3.5","10.6","40.1","29.1","86.5","2.6","0.9","68.5","38.8","85.9","19","55.6","16.4","23.3"
"2026","Justin Foscue","TEX","138","0.65","0.86813187","0.26515152","0.47679325","0.84070796","0.44886364","0.2371134","0.52173913","0.18371212","0.07407407","0.25","0.10227273","0.264","Justin Foscue","27501","679822","Foscue, Justin","679822","2026","26.1","7.2","0.264","0.488","0.326","0.814","0.351","0.332","0.444","0.416","70.7","8.9","15","11.8","35","27.6","7.1","1","10.8","-1.7","60","29.9","89","17.2","11.1","58.6","27.3","85.9","20.2","37.8","28.9","21.1"
"2023","Justin Turner","BOS","626","0.67405476","0.9303675","0.28726592","0.49324932","0.82481752","0.41610487","0.21989529","0.6031746","0.21460674","0.0456621","0.3","0.08202247","0.275985663","Justin Turner","5235","457759","Turner, Justin","457759","2023","17.6","8.1","0.276","0.455","0.345","0.8","0.346","0.338","0.381","0.37","66.3","0.5","10.2","8.7","38.4","33","6.5","4","10.6","-1.3","52.9","34.7","89.5","16.5","5.7","63.5","25.9","87.9","17.5","35.7","33","25.1"
"2024","Justin Turner","- - -","539","0.7027027","0.90723982","0.27112069","0.49950249","0.85856574","0.43318966","0.20235756","0.61165049","0.21939655","0.03954802","0","0.0762931","0.258695652","Justin Turner","5235","457759","Turner, Justin","457759","2024","17.6","10.9","0.259","0.383","0.354","0.737","0.327","0.333","0.341","0.35","65","0.8","5","4.3","32.2","27.6","6.3","16","9.1","0","51.8","34.5","87.1","17.8","4.6","65.6","25.2","88.5","17","32.5","30.6","29.8"
"2025","Justin Turner","CHC","191","0.73972603","0.90740741","0.27340824","0.51412429","0.85164835","0.44194757","0.2202381","0.48648649","0.20973783","0","null","0.07490637","0.218934911","Justin Turner","5235","457759","Turner, Justin","457759","2025","19.4","8.9","0.219","0.314","0.288","0.602","0.268","0.297","0.285","0.326","66.2","1.8","6.1","5.1","34.8","29","6.4","7","9","2.1","50.9","34.4","88.3","17.9","3.7","66.3","27.6","88.7","17.3","39","28.7","23.5"
"2024","Justyn-Henry Malloy","DET","230","0.71794872","0.80102041","0.27575758","0.47355769","0.59390863","0.42020202","0.15492958","0.39393939","0.21515152","0.07954545","0","0.08888889","0.202970297","Justyn-Henry Malloy","29606","669234","Malloy, Justyn-Henry","669234","2024","37","10","0.203","0.366","0.291","0.657","0.291","0.272","0.41","0.374","69","4.7","10.1","6.8","27.2","18.2","7","10","17.8","-1.9","46.9","41.2","87.6","18.7","10.9","65","19.7","72.1","36.6","36.1","40.3","16.8"
"2025","Justyn-Henry Malloy","DET","127","0.72483221","0.84259259","0.27090909","0.41991342","0.64948454","0.42","0.13178295","0.52941176","0.23454545","0.02439024","0","0.07454545","0.221153846","Justyn-Henry Malloy","29606","669234","Malloy, Justyn-Henry","669234","2025","25.2","15.7","0.221","0.308","0.346","0.654","0.301","0.295","0.32","0.31","70.5","8.1","9.7","7.1","27.6","20.3","7.1","6","16","-0.6","53.8","40.6","86.9","20.5","4.1","62.5","19.8","77.8","29.1","32.4","31.1","25.7"
"2025","Kameron Misner","TBR","217","0.68831169","0.8427673","0.25218341","0.50348028","0.62672811","0.47052402","0.255","0.35294118","0.21834061","0.05555556","0","0.05895197","0.213197969","Kameron Misner","26374","670224","Misner, Kameron","670224","2025","31.8","7.4","0.213","0.345","0.273","0.618","0.272","0.25","0.36","0.324","73.2","32.4","8.5","5.6","25.8","17","7.8","12","12.3","-7.3","51.6","37.1","87.6","15","5.3","63.1","30.6","76","34.4","43.5","26.7","23.7"
"2026","Kazuma Okamoto","TOR","432","0.72877847","0.84659091","0.27073991","0.52263374","0.64304462","0.40863229","0.24421594","0.32631579","0.21804933","0.06010929","0","0.10257848","0.230569948","Kazuma Okamoto","37123","672960","Okamoto, Kazuma","672960","2026","30.8","8.8","0.231","0.453","0.308","0.761","0.331","0.315","0.439","0.413","73.3","36.1","15.4","10.8","32.1","22.5","7.9","20","15.2","-4.8","57.2","31.1","90.6","17.9","13.7","67.3","27.7","78.2","33.3","39.2","32.9","18.8"
"2023","Ke'Bryan Hayes","PIT","525","0.64774951","0.94561934","0.2649041","0.51792336","0.7947494","0.41938828","0.27331887","0.50793651","0.23898393","0.02027027","0","0.07672369","0.27125506","Ke'Bryan Hayes","18577","663647","Hayes, Ke'Bryan","663647","2023","19.8","5.3","0.271","0.453","0.309","0.762","0.324","0.322","0.384","0.382","72.2","20.4","20.3","15.7","42.2","32.7","6.9","4","6","-2.5","43.6","28.9","92.2","13.2","7.4","61.1","30.7","89.4","21.2","42","26.2","24.9"
"2024","Ke'Bryan Hayes","PIT","396","0.64","0.96484375","0.27210884","0.52295082","0.86206897","0.41496599","0.25079365","0.41772152","0.21428571","0.02758621","0","0.09863946","0.232876712","Ke'Bryan Hayes","18577","663647","Hayes, Ke'Bryan","663647","2024","18.9","5.8","0.233","0.29","0.283","0.573","0.256","0.285","0.282","0.322","72.1","19.6","16.5","13.8","37.3","31.2","6.9","10","1.9","3","34.5","25.7","88.9","4.8","2.4","62.3","28","92.2","18.1","52","17","25.2"
"2025","Ke'Bryan Hayes","- - -","570","0.66876972","0.92216981","0.29502094","0.46689498","0.81662592","0.40763146","0.2125","0.45098039","0.2233597","0.05031447","0.25","0.0739879","0.235294117","Ke'Bryan Hayes","18577","663647","Hayes, Ke'Bryan","663647","2025","19.5","6.3","0.235","0.306","0.29","0.596","0.266","0.282","0.295","0.318","71.1","11.7","16.8","13.5","38","30.6","6.8","11","4.1","1.6","42.5","26.6","89.3","8.5","4.6","60.7","27","89.1","19.9","49","18.4","24.4"
"2026","Ke'Bryan Hayes","CIN","158","0.63846154","0.93975904","0.25193798","0.45217391","0.80769231","0.44573643","0.31730769","0.48484848","0.20155039","0.07692308","0","0.10077519","0.141891891","Ke'Bryan Hayes","18577","663647","Hayes, Ke'Bryan","663647","2026","18.4","5.7","0.142","0.23","0.196","0.426","0.194","0.3","0.198","0.342","70.7","6.3","19.1","15","48.8","38.2","6.8","3","5.5","-1","51.7","26.6","90.9","15.6","7.8","59.1","29.3","90.7","22.5","36.1","28.6","29.4"
"2023","Keibert Ruiz","WSN","562","0.70146138","0.94345238","0.25384208","0.56826568","0.87012987","0.43084261","0.34459459","0.7254902","0.23529412","0.08609272","0.69230769","0.0800212","0.26003824","Keibert Ruiz","19610","660688","Ruiz, Keibert","660688","2023","10.3","5.5","0.26","0.409","0.308","0.717","0.31","0.322","0.319","0.333","66.3","2.3","7.1","6","37.9","32.2","7","4","9.6","-10.1","59","32.9","87.4","15.3","5.8","66.6","36.5","92.1","14.3","38.8","24.6","26.1"
"2024","Keibert Ruiz","WSN","485","0.72470588","0.94805195","0.25633293","0.56241234","0.89276808","0.43003619","0.37903226","0.79432624","0.22436671","0.11486486","0.41176471","0.08926417","0.228758169","Keibert Ruiz","19610","660688","Ruiz, Keibert","660688","2024","11.1","3.3","0.229","0.359","0.26","0.619","0.268","0.283","0.282","0.299","66.4","1","8","7.1","37.8","33.7","7.1","10","9.9","-12.6","56.1","32.2","85.4","19.8","3.2","67.3","38.5","92.7","12.1","35.1","29.8","23.7"
"2025","Keibert Ruiz","WSN","267","0.72762646","0.96256684","0.28941441","0.55936675","0.9009434","0.4268018","0.31428571","0.61818182","0.19707207","0.16883117","0.38461538","0.08671171","0.247058823","Keibert Ruiz","19610","660688","Ruiz, Keibert","660688","2025","9.7","3","0.247","0.318","0.277","0.595","0.262","0.287","0.271","0.3","66.1","1","8.7","7.7","44.7","39.7","7","2","10.3","-8.7","52.7","34.1","86.2","11.3","2.2","68.8","35.4","93.7","12.8","48.7","20.4","23.5"
"2026","Keibert Ruiz","WSN","239","0.69369369","0.96103896","0.28645161","0.57827476","0.90607735","0.40387097","0.30409357","0.61538462","0.22064516","0.17391304","0.41666667","0.08903226","0.266666666","Keibert Ruiz","19610","660688","Ruiz, Keibert","660688","2026","11.7","3.8","0.267","0.449","0.297","0.746","0.32","0.27","0.344","0.284","67.7","0.3","15.4","13.6","45.8","40.5","7.1","1","10.7","-10.4","59.1","32.8","88.3","16.7","5","66","37.5","93.4","13.7","41.5","29.5","20.5"
"2023","Kerry Carpenter","DET","459","0.7587007","0.87461774","0.24614506","0.61662198","0.77173913","0.42604226","0.28809524","0.47107438","0.23986294","0.05844156","0.11111111","0.08794974","0.277511961","Kerry Carpenter","25961","681481","Carpenter, Kerry","681481","2023","25.1","7","0.278","0.471","0.34","0.811","0.347","0.338","0.435","0.422","70.5","9.1","12.7","9.5","32.2","24.1","7.4","13","15.3","3.5","53.7","34.3","90.1","13.1","10.3","72.2","33.6","81.8","27","45.1","27.6","22.7"
"2024","Kerry Carpenter","DET","296","0.74545455","0.86829268","0.25045537","0.59119497","0.69148936","0.43442623","0.24902724","0.40625","0.23406193","0.02247191","0","0.08105647","0.284090909","Kerry Carpenter","25961","681481","Carpenter, Kerry","681481","2024","25.3","7.4","0.284","0.587","0.345","0.932","0.39","0.379","0.503","0.486","71.5","14.4","16.2","11.7","34.1","24.6","7.5","9","17.5","1.5","48.6","34.5","90.5","17.6","17.8","70.4","32.3","81.6","30.3","37","37.5","19.8"
"2025","Kerry Carpenter","DET","464","0.77564103","0.87327824","0.26958525","0.60026738","0.77060134","0.43087558","0.27320955","0.3592233","0.2171659","0.02797203","0","0.08237327","0.251732101","Kerry Carpenter","25961","681481","Carpenter, Kerry","681481","2025","22.8","3.9","0.252","0.497","0.291","0.788","0.335","0.335","0.415","0.417","71.9","18.2","16.8","12.8","38.6","29.6","7.5","22","17","-0.3","49","34.8","91.4","21","12.6","71.6","34.1","80.5","26.2","33.1","33.1","24.3"
"2026","Kerry Carpenter","DET","259","0.68803419","0.80124224","0.2300885","0.59764706","0.80708661","0.41789577","0.34262948","0.5","0.24680433","0.09345794","0","0.10521141","0.207792207","Kerry Carpenter","25961","681481","Carpenter, Kerry","681481","2026","29","6.9","0.208","0.416","0.276","0.692","0.3","0.295","0.383","0.376","71.8","16.5","10.9","8.1","29","21.5","7.4","8","17.8","-1.1","48.7","35.3","89.8","21.4","9.6","67","36.3","81.9","28.6","32.1","39","20.8"
"2023","Ketel Marte","ARI","650","0.74006116","0.91735537","0.26339106","0.50317316","0.78558559","0.4442207","0.14391144","0.42307692","0.21828433","0.05978261","0.09090909","0.07410391","0.275922671","Ketel Marte","13613","606466","Marte, Ketel","606466","2023","16.8","10.9","0.276","0.485","0.358","0.843","0.361","0.342","0.392","0.365","72.9","33","17.7","14.2","31.2","24.9","7.4","8","7.9","-7","51.5","32.8","91.1","10.7","8","67.3","24.4","85.9","20.5","45.8","25.2","23"
"2024","Ketel Marte","ARI","583","0.79655172","0.8982684","0.27166276","0.51491713","0.80901288","0.42388759","0.1965812","0.40217391","0.21920375","0.03846154","0","0.0852459","0.291666666","Ketel Marte","13613","606466","Marte, Ketel","606466","2024","18.2","11.1","0.292","0.56","0.372","0.932","0.391","0.394","0.446","0.45","73.6","40.3","20.4","16.3","38.1","30.5","7.6","6","8.8","-4.4","53","33.7","94","9.4","12.3","71.4","26.1","85.8","21.3","48.9","24.8","21.4"
"2025","Ketel Marte","ARI","556","0.75555556","0.87745098","0.25775656","0.47351351","0.8196347","0.44152745","0.19914347","0.4516129","0.22291169","0.06134969","0.1","0.0778043","0.283333333","Ketel Marte","13613","606466","Marte, Ketel","606466","2025","14.9","11.5","0.283","0.517","0.376","0.893","0.381","0.39","0.407","0.42","74.6","45.3","20.1","15.8","36.2","28.5","7.8","14","10.1","-7.1","62","32","90.8","14.8","13.5","67.3","24.8","84.2","22.5","40.8","28.2","21.8"
"2026","Ketel Marte","ARI","461","0.74473684","0.90812721","0.23044269","0.57301808","0.83737864","0.43602183","0.28571429","0.47169811","0.22498484","0.05027933","0.11111111","0.10855064","0.252955082","Ketel Marte","13613","606466","Marte, Ketel","606466","2026","14.5","6.9","0.253","0.452","0.306","0.758","0.325","0.353","0.352","0.388","74.7","45.4","19.7","15.8","33.6","27","7.7","8","9.2","-8.3","59.3","31.8","90.5","12.9","10.4","68.1","32.1","88.2","20.9","42.8","27.8","23.1"
"2023","Kevin Kiermaier","TOR","408","0.76923077","0.89090909","0.28448276","0.55102041","0.62678063","0.42241379","0.18808777","0.36666667","0.21153846","0.01626016","0","0.08156499","0.264864864","Kevin Kiermaier","11038","595281","Kiermaier, Kevin","595281","2023","21.1","7.1","0.265","0.419","0.322","0.741","0.32","0.299","0.372","0.344","69.8","5.4","11.3","7.6","32.8","22.1","7.1","7","8.1","-2","45.8","29.7","86.7","5.6","3.5","71.6","27.4","78","30.6","55.7","18.7","21.1"
"2024","Kevin Kiermaier","- - -","281","0.81884058","0.80088496","0.27192118","0.57333333","0.62790698","0.44334975","0.2760181","0.40983607","0.21773399","0.02941176","0","0.06699507","0.196911196","Kevin Kiermaier","11038","595281","Kiermaier, Kevin","595281","2024","30.6","4.3","0.197","0.313","0.237","0.55","0.241","0.237","0.323","0.317","70.3","11.2","12.5","7.9","34.9","22.2","7.1","7","5.2","-0.2","40.5","30.7","86.4","7.3","3.9","76.3","33.1","70.5","37.5","55.8","18.8","20.4"
"2026","Kevin McGonigle","DET","469","0.75","0.92090395","0.25213675","0.47980416","0.85204082","0.43643162","0.12307692","0.47916667","0.20833333","0.01036269","0.5","0.10309829","0.285","Kevin McGonigle","33572","805808","McGonigle, Kevin","805808","2026","13.9","13.9","0.285","0.417","0.388","0.805","0.359","0.357","0.361","0.358","71.3","17.6","12.2","10.3","35.6","30.2","6.9","12","15.7","0.2","49.2","36.7","88","20.6","7.2","68.1","18.4","88.2","16.4","32.1","35.4","23.8"
"2023","Kevin Newman","CIN","253","0.70355731","0.92134831","0.27741228","0.51554404","0.91959799","0.42324561","0.21578947","0.6097561","0.20833333","0.08433735","0","0.09100877","0.253333333","Kevin Newman","17696","621028","Newman, Kevin","621028","2023","13.4","6.7","0.253","0.364","0.311","0.675","0.296","0.313","0.303","0.326","66.9","0","11.8","10.3","35.3","30.8","6.8","2","7.2","-2.2","58.5","32.8","86.5","12","2.5","64.8","26.8","89.3","14.8","44.9","22.7","27.8"
"2024","Kevin Newman","ARI","311","0.70707071","0.92380952","0.27835052","0.52505447","0.87966805","0.43017807","0.27802691","0.46774194","0.20899719","0.06818182","0.33333333","0.08247423","0.277777777","Kevin Newman","17696","621028","Newman, Kevin","621028","2024","15.4","4.8","0.278","0.375","0.311","0.686","0.298","0.275","0.335","0.306","67.5","2.6","6.6","5.6","38.6","32.9","6.7","11","5.8","-0.2","44.4","32.3","85.6","9.7","1.6","68.2","28.5","89.7","17.3","50","19.8","23"
"2025","Kevin Newman","LAA","116","0.69166667","0.92771084","0.28846154","0.58659218","0.88571429","0.43028846","0.25555556","0.47826087","0.21634615","0.07407407","0","0.06490385","0.201754385","Kevin Newman","17696","621028","Newman, Kevin","621028","2025","19.8","0.9","0.202","0.272","0.209","0.481","0.209","0.218","0.257","0.268","68.1","2.6","6.8","5.7","36.4","30.7","6.6","3","6.7","-2.3","45.6","31.7","86.6","9.2","2.2","70","32.1","89.1","17","52.2","21.7","21.7"
"2023","Kevin Pillar","ATL","206","0.74178404","0.87341772","0.28174603","0.6295082","0.73958333","0.40343915","0.41916168","0.52857143","0.22089947","0.07042254","0.2","0.09391534","0.228426395","Kevin Pillar","12434","607680","Pillar, Kevin","607680","2023","24.3","2.9","0.228","0.416","0.248","0.664","0.28","0.296","0.356","0.378","71","16.9","13.4","10.1","31.3","23.6","7.8","7","13.1","-6.7","51.6","32","87.9","17.8","8","72.8","40.4","82.3","26.5","35.3","28.7","28"
"2024","Kevin Pillar","- - -","314","0.73734177","0.91416309","0.26202322","0.57968127","0.78350515","0.41625207","0.325","0.52747253","0.23217247","0.13888889","0.2","0.08955224","0.228873239","Kevin Pillar","12434","607680","Pillar, Kevin","607680","2024","22","5.1","0.229","0.377","0.291","0.668","0.293","0.279","0.336","0.316","69.4","5.7","8.7","7","27.8","22.2","7.6","28","11.4","-8.7","57.7","32.5","84.6","17.9","3.7","67.8","37.9","85.6","24.5","36.1","31.5","22.4"
"2023","Kevin Smith","OAK","146","0.66216216","0.82653061","0.28516378","0.56944444","0.69918699","0.41618497","0.36440678","0.46511628","0.22736031","0.18918919","0.14285714","0.07129094","0.185185185","Kevin Smith","20242","675656","Smith, Kevin","675656","2023","34.9","3.4","0.185","0.326","0.22","0.546","0.236","0.236","0.347","0.346","69.4","2.9","10.6","7.2","27.7","18.8","7.4","1","7","2.6","52.9","31","88","13.6","9","64.7","42.4","79.4","31.8","47.2","32.6","16.9"
"2023","Kody Clemens","PHI","148","0.68253968","0.84496124","0.31034483","0.51476793","0.70491803","0.38916256","0.25714286","0.47222222","0.22988506","0.04651163","0.5","0.07060755","0.230215827","Kody Clemens","20572","665019","Clemens, Kody","665019","2023","27","5.4","0.23","0.367","0.277","0.644","0.281","0.274","0.356","0.346","null","null","null","null","null","null","null","null","null","null","null","null","90.4","15.2","6.1","63.5","30.2","79.2","27.9","40.4","30.3","24.2"
"2024","Kody Clemens","PHI","120","0.66428571","0.84946237","0.2991453","0.56060606","0.82882883","0.42307692","0.26966292","0.5","0.19017094","0.04878049","0","0.08760684","0.219298245","Kody Clemens","20572","665019","Clemens, Kody","665019","2024","24.2","4.2","0.219","0.447","0.258","0.705","0.301","0.257","0.376","0.314","70.5","4.3","12.5","9.6","33.1","25.4","7.3","1","11.9","-0.9","65.1","30","89.4","19.2","7.1","64","33.2","79.4","25.7","37.6","36.5","16.5"
"2025","Kody Clemens","- - -","386","0.73732719","0.88125","0.28384565","0.5265625","0.75667656","0.41857423","0.23235294","0.48101266","0.22236756","0.0173913","0","0.07521256","0.212643678","Kody Clemens","20572","665019","Clemens, Kody","665019","2025","24.1","7.5","0.213","0.434","0.281","0.715","0.307","0.331","0.368","0.404","72.2","17.5","18.6","14.5","34.8","27.1","7.3","9","12.3","-3","65.8","27.1","91.5","16.7","12","67.6","27.8","82.6","23.9","34.4","33.6","25.1"
"2026","Kody Clemens","MIN","378","0.70542636","0.89010989","0.26506849","0.5906822","0.74366197","0.41164384","0.27672956","0.52272727","0.21780822","0.04545455","0.14285714","0.10547945","0.24347826","Kody Clemens","20572","665019","Clemens, Kody","665019","2026","22.5","6.1","0.243","0.487","0.301","0.788","0.336","0.329","0.406","0.396","72","13","17.6","13.3","38.9","29.4","7.2","9","11.7","-2.4","63.5","28.5","92.7","17.4","12.2","68.4","32.1","81.9","25.9","38.3","32.6","22.3"
"2023","Kole Calhoun","CLE","174","0.78481013","0.92741935","0.23201175","0.57284768","0.75144509","0.44346549","0.17910448","0.58333333","0.19676946","0.08045977","0","0.1277533","0.216560509","Kole Calhoun","11200","594777","Calhoun, Kole","594777","2023","21.3","7.5","0.217","0.376","0.282","0.658","0.286","0.302","0.322","0.344","69.3","1","12.8","10.5","31.2","25.4","7","6","12.4","-5.1","52","31.6","86.6","19.9","6.6","73","27.3","84.1","22.9","32.8","32.8","23"
"2023","Kolten Wong","- - -","250","0.72727273","0.9375","0.29065041","0.52048193","0.75462963","0.42174797","0.18592965","0.35135135","0.20223577","0.04761905","0.25","0.08536585","0.183035714","Kolten Wong","12532","543939","Wong, Kolten","543939","2023","21.2","7.2","0.183","0.263","0.256","0.519","0.236","0.266","0.246","0.29","70.3","5.2","6.7","5.2","35.6","27.6","6.8","1","10.4","-3.9","48.7","33","85.6","14","1.7","67.5","27.5","88.2","21.7","46","29.9","17.2"
"2026","Konnor Griffin","PIT","247","0.71491228","0.87116564","0.23824451","0.59850374","0.72083333","0.41901776","0.39622642","0.38095238","0.2215256","0.06896552","0","0.12121212","0.275555555","Konnor Griffin","35376","804606","Griffin, Konnor","804606","2026","26.3","6.5","0.276","0.404","0.332","0.736","0.324","0.305","0.407","0.378","75.6","57.3","14.9","10.6","25.6","18.1","7.7","10","9.5","-1.3","44.8","32.7","87.8","5.9","8.1","67.5","38.8","80.5","31.7","53.1","17.9","25.3"
"2024","Korey Lee","CHW","394","0.87313433","0.7977208","0.28131561","0.61815336","0.64810127","0.44716585","0.31021898","0.25882353","0.19174248","0.06140351","0.14285714","0.07977607","0.209549071","Korey Lee","25543","686676","Lee, Korey","686676","2024","31","4.3","0.21","0.347","0.244","0.591","0.257","0.258","0.351","0.354","71.4","14","14.2","9.1","30","19.2","7.2","17","9.5","-0.6","50.9","29.3","88.3","9.6","7.5","80.2","35.3","71.5","37.1","49.4","23.5","21.2"
"2023","Kris Bryant","COL","335","0.77777778","0.88235294","0.23887588","0.54158965","0.76450512","0.42232631","0.19642857","0.32727273","0.21857923","0.01298701","0","0.12021858","0.233333333","Kris Bryant","15429","592178","Bryant, Kris","592178","2023","20.3","8.7","0.233","0.367","0.313","0.68","0.302","0.324","0.33","0.362","69.2","7.4","7.5","5.4","26.2","18.9","8","1","15.9","-5.4","46.3","37.7","85.7","14.4","6","70.3","25.4","84.2","25","37.9","31.9","25"
"2024","Kris Bryant","COL","155","0.73880597","0.7979798","0.22039474","0.56554307","0.64900662","0.43914474","0.25","0.4","0.23026316","0.07462687","0","0.11019737","0.218045112","Kris Bryant","15429","592178","Bryant, Kris","592178","2024","31","8.4","0.218","0.301","0.323","0.624","0.287","0.292","0.346","0.354","69.5","2.7","10.2","6.8","27.9","18.6","7.9","3","16.1","-4.1","53.6","37.8","85.1","18.5","4.7","66.8","31.1","76.2","36.9","36","25.6","30.2"
"2025","Kristian Campbell","BOS","263","0.66326531","0.85128205","0.27476636","0.46049661","0.71078431","0.41401869","0.19915254","0.4893617","0.22056075","0.04123711","0.25","0.09065421","0.222707423","Kristian Campbell","33644","692225","Campbell, Kristian","692225","2025","27.4","11","0.223","0.345","0.319","0.664","0.299","0.296","0.352","0.347","73.3","39","17.1","12.8","30.5","22.8","6.8","10","11.3","8.2","42.8","34.7","88.6","4.7","5.1","60.7","23.5","80.6","27.3","54.4","18.4","23.4"
"2023","Kyle Farmer","MIN","369","0.65963061","0.932","0.27090779","0.53424658","0.81089744","0.41744103","0.30218069","0.49484536","0.22944961","0.06956522","0.125","0.08220157","0.25595238","Kyle Farmer","14813","571657","Farmer, Kyle","571657","2023","23.3","6.2","0.256","0.408","0.317","0.725","0.316","0.314","0.376","0.374","66.6","1.1","9.5","7.6","35.7","28.5","6.8","3","12.5","0.2","45.7","32.9","86.4","13.2","6.8","62.7","32.3","87","23.2","42.5","25","25"
"2024","Kyle Farmer","MIN","242","0.68871595","0.89830508","0.29138322","0.5298913","0.81025641","0.41723356","0.25925926","0.55102041","0.21428571","0.10294118","0","0.07709751","0.213953488","Kyle Farmer","14813","571657","Farmer, Kyle","571657","2024","20.2","7.9","0.214","0.353","0.293","0.646","0.285","0.297","0.309","0.327","66.6","1.6","8.6","6.9","37.5","29.9","6.8","7","12.2","-2.4","45.8","31.4","87.7","17.9","5.4","63.2","32.9","86.8","22","35.1","36.3","22.6"
"2025","Kyle Farmer","COL","300","0.65536723","0.91810345","0.32152589","0.53524229","0.79835391","0.41235241","0.26066351","0.4","0.19164396","0.04878049","0","0.07447775","0.227436823","Kyle Farmer","14813","571657","Farmer, Kyle","571657","2025","22","5.7","0.227","0.365","0.28","0.645","0.282","0.285","0.329","0.333","66.6","1.3","12.1","9.7","38.1","30.5","6.8","10","12.6","-0.8","48.7","33.5","87","15.3","6.2","63.7","29.9","86.8","21.5","41.3","25.4","27.7"
"2023","Kyle Higashioka","NYY","260","0.72425249","0.86697248","0.2980198","0.51094891","0.75238095","0.40693069","0.29439252","0.28571429","0.21188119","0.07142857","0","0.08316832","0.23553719","Kyle Higashioka","5517","543309","Higashioka, Kyle","543309","2023","28.5","5.4","0.236","0.413","0.274","0.687","0.293","0.31","0.387","0.412","72.4","24.7","12.5","9.7","31.3","24.2","7.5","6","12.7","-6.3","59.3","32.8","90.1","15.5","11","67.1","31","81.6","28.6","40.1","27.3","25"
"2024","Kyle Higashioka","SDP","263","0.64808362","0.87634409","0.27024482","0.55116279","0.7721519","0.40489642","0.24789916","0.37288136","0.22410546","0.04672897","0.2","0.1007533","0.219512195","Kyle Higashioka","5517","543309","Higashioka, Kyle","543309","2024","28.1","5.7","0.22","0.476","0.263","0.739","0.314","0.299","0.416","0.393","71.7","17","13.7","10.6","31.4","24.3","7.3","12","13.1","-9.2","61.1","32.3","88.4","20.7","10.9","64.8","28.1","83.1","25.6","29.3","35.1","24.1"
"2025","Kyle Higashioka","TEX","327","0.66666667","0.89583333","0.2814699","0.51247601","0.79400749","0.40734949","0.22463768","0.41935484","0.21579359","0.05737705","0","0.09538702","0.240924092","Kyle Higashioka","5517","543309","Higashioka, Kyle","543309","2025","22","6.1","0.241","0.403","0.291","0.694","0.301","0.295","0.356","0.348","70.9","9.6","14","11.5","36.4","29.8","7.2","14","12.5","-6.8","55.2","32.3","88.9","17.2","8.6","61.4","27.5","87.2","21.9","36.1","30","25.8"
"2026","Kyle Higashioka","TEX","186","0.63829787","0.88333333","0.24575163","0.4984326","0.77987421","0.41699346","0.28813559","0.35294118","0.23137255","0.03703704","0.33333333","0.10588235","0.218181818","Kyle Higashioka","5517","543309","Higashioka, Kyle","543309","2026","25.3","10.2","0.218","0.37","0.306","0.676","0.303","0.295","0.352","0.341","71","11.3","11.6","8.9","32.6","24.9","7.3","9","12.7","-9.3","48.8","33","88.2","17.3","8.5","58.3","31.1","87","26.3","33.9","28","28"
"2023","Kyle Isbel","KCR","313","0.678125","0.92165899","0.28393966","0.48406375","0.8436214","0.44543035","0.26431718","0.38333333","0.2014197","0.05128205","0","0.06921029","0.239726027","Kyle Isbel","21614","664728","Isbel, Kyle","664728","2023","18.8","5.4","0.24","0.38","0.282","0.662","0.286","0.29","0.326","0.332","70.9","9.4","13.2","10.5","41","32.8","7.2","4","5.5","-6.5","43.3","22.8","89.4","14.6","5.5","63.5","28.8","89","20.8","42.4","26.3","21.6"
"2024","Kyle Isbel","KCR","426","0.65315315","0.95517241","0.28083491","0.50746269","0.83235294","0.42378242","0.24340176","0.48192771","0.21568627","0.07142857","0","0.07969639","0.229166666","Kyle Isbel","21614","664728","Isbel, Kyle","664728","2024","20.7","6.3","0.229","0.367","0.287","0.654","0.286","0.283","0.327","0.322","70.7","10.9","13","10.6","33.5","27.2","7.1","5","3.8","-4","42.7","25.3","88.1","9","3.9","61.1","30.8","90.6","19.3","52.6","19.9","19.9"
"2025","Kyle Isbel","KCR","409","0.64302059","0.96085409","0.29727891","0.48119122","0.83387622","0.43401361","0.23214286","0.36923077","0.19047619","0.03478261","0","0.07823129","0.255434782","Kyle Isbel","21614","664728","Isbel, Kyle","664728","2025","18.1","5.6","0.255","0.353","0.301","0.654","0.287","0.251","0.324","0.276","70.4","9","16","13.2","34","28","7.1","5","2.4","-4.3","36","24.3","87.8","8.7","1.6","61.9","28.6","91","18.2","52.3","17.4","21.3"
"2026","Kyle Isbel","KCR","183","0.61849711","0.96261682","0.26172466","0.5335689","0.8807947","0.42813918","0.26811594","0.51351351","0.20877458","0.08955224","0","0.10136157","0.243902439","Kyle Isbel","21614","664728","Isbel, Kyle","664728","2026","22.4","5.5","0.244","0.354","0.298","0.652","0.289","0.275","0.341","0.321","71.7","18","11.7","9.4","34","27.3","7.2","2","2.6","-4.1","41.8","25.8","88.6","13","3.1","62.2","33.5","92.3","19.2","48.1","17.1","24.8"
"2025","Kyle Karros","COL","156","0.69230769","0.88888889","0.28661417","0.515625","0.67424242","0.40314961","0.17730496","0.44","0.22204724","0.03571429","0.5","0.08818898","0.226277372","Kyle Karros","33252","691720","Karros, Kyle","691720","2025","26.3","9.6","0.226","0.277","0.308","0.585","0.268","0.258","0.306","0.29","69.1","2.5","7.6","5.7","28.3","21.3","7.1","9","7.2","-7","45.1","37.9","87.9","12.3","1","66.2","23.9","81.4","27.3","46.9","23.5","24.5"
"2026","Kyle Karros","COL","356","0.73295455","0.92248062","0.24109589","0.5221843","0.75816993","0.40136986","0.20698925","0.28571429","0.25479452","0.03333333","0.2","0.10273973","0.262295081","Kyle Karros","33252","691720","Karros, Kyle","691720","2026","20.8","12.6","0.262","0.426","0.362","0.788","0.347","0.34","0.386","0.375","70.3","6.9","11.7","9.1","31.5","24.5","7","24","7.3","-6.8","42.3","37.8","89.6","13.7","8.2","68.3","24.6","87.8","24.5","41.6","23.2","29.2"
"2024","Kyle Manzardo","CLE","156","0.69354839","0.86046512","0.29245283","0.52651515","0.71223022","0.41509434","0.1884058","0.30769231","0.21698113","0.0625","0","0.0754717","0.234482758","Kyle Manzardo","29794","700932","Manzardo, Kyle","700932","2024","26.3","5.8","0.234","0.421","0.282","0.703","0.303","0.276","0.384","0.344","71.8","13","13.4","10","34.2","25.7","7.6","4","17.2","-5.2","46.8","37.1","89.1","22.1","9.5","64.6","28","81","27.6","28.6","40","23.8"
"2025","Kyle Manzardo","CLE","531","0.72651007","0.8591224","0.29534192","0.51194539","0.72444444","0.43557978","0.22","0.45454545","0.19821606","0.03496503","0","0.07086224","0.234042553","Kyle Manzardo","29794","700932","Manzardo, Kyle","700932","2025","25.4","9","0.234","0.455","0.313","0.768","0.329","0.322","0.402","0.391","70.6","7.9","14.7","10.8","36.1","26.5","7.4","20","17.2","-0.4","52.7","37","90.3","21.3","11.8","67.1","27.4","79.3","27.7","30.3","35.3","24.4"
"2026","Kyle Manzardo","CLE","347","0.72910663","0.82213439","0.24838941","0.51166667","0.752443","0.42949177","0.25913621","0.34615385","0.2154617","0.09395973","0.07142857","0.10665712","0.211221122","Kyle Manzardo","29794","700932","Manzardo, Kyle","700932","2026","31.7","10.4","0.211","0.376","0.305","0.681","0.304","0.305","0.389","0.392","69.8","6.3","11.2","8.2","32.6","23.9","7.4","12","17.8","0","50.3","37.5","89.5","19.3","11.8","63.7","30.5","80","30.3","36.4","33.3","21.5"
"2024","Kyle McCann","OAK","157","0.74137931","0.72868217","0.27401575","0.50922509","0.47826087","0.42677165","0.16783217","0.20833333","0.22519685","0.0212766","1","0.07401575","0.235714285","Kyle McCann","25575","668832","McCann, Kyle","668832","2024","37.6","10.2","0.236","0.371","0.318","0.689","0.304","0.279","0.45","0.4","73.5","36.8","16.4","9.5","35.6","20.6","7.8","9","17.9","-2.4","42","33.4","89.6","12.5","12.3","66.8","25.4","64.5","45.2","45.7","32.1","18.5"
"2023","Kyle Schwarber","PHI","720","0.61618799","0.83262712","0.24983692","0.42421935","0.66965889","0.42824527","0.15675676","0.35344828","0.24135682","0.0242915","0","0.08056099","0.196581196","Kyle Schwarber","16478","656941","Schwarber, Kyle","656941","2023","29.9","17.5","0.197","0.474","0.343","0.817","0.35","0.362","0.434","0.456","77","73.7","20.6","15.2","29.1","21.4","7.9","7","13.2","-7.5","64.9","29.7","92.4","19","16.4","55.9","21.6","77.5","31.5","34.6","33.8","20.1"
"2024","Kyle Schwarber","PHI","692","0.66263441","0.82352941","0.26197183","0.45477599","0.67657993","0.4165493","0.15091463","0.28282828","0.23098592","0.01945525","0","0.09049296","0.247818499","Kyle Schwarber","16478","656941","Schwarber, Kyle","656941","2024","28.5","15.3","0.248","0.485","0.366","0.851","0.366","0.38","0.463","0.488","77.5","77.6","22.9","16.4","32.3","23.1","7.7","35","13","-4.2","66.9","29.3","93.6","15","15.6","60.7","21","76.3","32","40.9","28.6","22.7"
"2025","Kyle Schwarber","PHI","724","0.69164619","0.80817052","0.26610003","0.47372676","0.67576792","0.40438052","0.17231638","0.2704918","0.23144819","0.02666667","0","0.09807127","0.240066225","Kyle Schwarber","16478","656941","Schwarber, Kyle","656941","2025","27.2","14.9","0.24","0.563","0.365","0.928","0.391","0.401","0.496","0.513","77.3","77.1","24.7","17.5","32.2","22.9","7.5","51","14.6","-5.8","64.2","30.3","94.3","20.1","20.8","64.1","21.5","75.8","33.1","34.3","34.3","22.5"
"2026","Kyle Schwarber","PHI","457","0.71309771","0.85714286","0.24578436","0.51428571","0.65942029","0.41134389","0.21318681","0.32989691","0.23249872","0.06018519","0","0.11037302","0.251948051","Kyle Schwarber","16478","656941","Schwarber, Kyle","656941","2026","34.4","14.2","0.252","0.545","0.365","0.91","0.388","0.368","0.563","0.523","77.1","74.5","17.2","12","24.5","17.1","7.5","36","14.7","-9.4","67.7","29.4","93.3","22.1","17.9","67","25.4","76.3","34.6","27","34.3","28.7"
"2024","Kyle Stowers","- - -","209","0.86082474","0.80239521","0.23687424","0.61559889","0.62895928","0.43833944","0.27179487","0.43396226","0.23809524","0.07042254","0","0.08669109","0.208333333","Kyle Stowers","26151","669065","Stowers, Kyle","669065","2024","35.4","6.2","0.208","0.333","0.268","0.601","0.265","0.291","0.372","0.419","73.7","33.2","17.4","11.6","26.9","18","6.8","15","9.3","2","46.6","35","91","12.3","11","78.7","32.6","72.9","36.1","48.7","22.7","21.8"
"2025","Kyle Stowers","MIA","457","0.86853448","0.82878412","0.27102804","0.59916782","0.65277778","0.42114486","0.20537897","0.3452381","0.23890187","0.03389831","0","0.06892523","0.288220551","Kyle Stowers","26151","669065","Stowers, Kyle","669065","2025","27.4","10.5","0.288","0.544","0.368","0.912","0.386","0.375","0.504","0.487","75","51.8","17.7","12.3","30","20.9","6.7","24","11.6","0.5","52.7","33.9","91.1","14.1","19.1","79.5","27.9","75.3","32.5","38.7","30.1","25.8"
"2026","Kyle Stowers","MIA","357","0.79938272","0.86872587","0.24197162","0.59964413","0.62017804","0.41971621","0.29467085","0.30851064","0.23823749","0.07462687","0.1","0.10007468","0.232484076","Kyle Stowers","26151","669065","Stowers, Kyle","669065","2026","32.5","9.2","0.232","0.446","0.317","0.763","0.33","0.322","0.451","0.437","75.3","54.7","20.3","13.7","29.8","20.2","6.8","22","14.9","-2.3","54.8","33.1","91.9","17.3","11.9","74.8","33","75.2","36.2","37.8","30.8","23.4"
"2025","Kyle Teel","CHW","297","0.72941176","0.81854839","0.27755102","0.4519774","0.72083333","0.43346939","0.21235521","0.38181818","0.21142857","0.01052632","0","0.07755102","0.272727272","Kyle Teel","33549","691019","Teel, Kyle","691019","2025","25.9","12.5","0.273","0.411","0.375","0.786","0.349","0.337","0.419","0.398","69.4","10.2","12.6","9.1","32.8","23.7","6.7","8","11.1","4.8","39.6","38.8","88.3","14.4","9.6","65.7","23.7","77.5","29.1","37.1","29.8","29.2"
"2023","Kyle Tucker","HOU","674","0.82861401","0.91546763","0.26108949","0.50225836","0.82553957","0.4307393","0.14886165","0.45882353","0.22217899","0.0361991","0","0.08599222","0.283972125","Kyle Tucker","18345","663656","Tucker, Kyle","663656","2023","13.6","11.9","0.284","0.517","0.369","0.886","0.372","0.386","0.393","0.411","71.8","22.6","17.5","14.5","35.8","29.7","7.6","10","10.9","-8.8","46.5","37","90.2","14.8","10.6","71.9","21.6","87.4","18.5","38.6","32.7","24.2"
"2024","Kyle Tucker","HOU","339","0.75487465","0.92250923","0.2667162","0.45454545","0.79215686","0.41679049","0.10967742","0.32352941","0.23031204","0.01724138","0","0.08618128","0.288808664","Kyle Tucker","18345","663656","Tucker, Kyle","663656","2024","15.9","16.5","0.289","0.585","0.408","0.993","0.419","0.402","0.454","0.43","72.1","22.8","16.3","13.7","36.2","30.5","7.5","8","10.5","-5.9","45.9","36","91.1","21.2","12.9","67.8","17.5","87.3","19","27.1","41.3","24.4"
"2025","Kyle Tucker","CHC","597","0.82142857","0.90170132","0.27927147","0.46370968","0.77826087","0.43018213","0.1030303","0.37254902","0.21465742","0","null","0.07588899","0.266","Kyle Tucker","18345","663656","Tucker, Kyle","663656","2025","14.7","14.6","0.266","0.464","0.377","0.841","0.363","0.372","0.373","0.386","72","23.6","15.2","12.5","36.1","29.7","7.6","15","11.6","-8.1","49.3","33.9","90.1","17.2","10.8","70.9","17.6","85","20.2","33.9","32.7","26.7"
"2026","Kyle Tucker","LAD","421","0.82201405","0.89173789","0.25831821","0.54269175","0.776","0.41802783","0.16497462","0.44615385","0.23835451","0.05673759","0","0.08529946","0.2369146","Kyle Tucker","18345","663656","Tucker, Kyle","663656","2026","19","12.1","0.237","0.372","0.333","0.705","0.315","0.336","0.331","0.362","71.4","19.9","10.4","8.3","32.5","25.9","7.4","10","10.1","-6.5","44.6","36.1","88.9","16.8","6.6","73.1","24.5","84","22.7","37.3","32.1","24.7"
"2025","Kyren Paris","LAA","140","0.73291925","0.73728814","0.29433272","0.50649351","0.4957265","0.42230347","0.22689076","0.07407407","0.21755027","0.11111111","0","0.06581353","0.19047619","Kyren Paris","26420","677347","Paris, Kyren","677347","2025","42.1","7.1","0.19","0.381","0.266","0.647","0.283","0.265","0.452","0.416","73.2","35.3","12","6.3","29.1","15.4","7.5","0","15.3","-4.4","51.3","37.6","88.9","17.8","16.7","68.6","30.1","64","45.7","37.3","40.3","17.9"
"2023","LaMonte Wade Jr.","SFG","519","0.68817204","0.8984375","0.26558782","0.43352601","0.776","0.41170871","0.11439842","0.34482759","0.24131366","0.01754386","0","0.08138981","0.256410256","LaMonte Wade Jr.","18126","664774","Wade Jr., LaMonte","664774","2023","18.3","14.6","0.256","0.417","0.373","0.79","0.347","0.361","0.363","0.384","72.7","26.1","16.1","12.9","34.8","27.9","7","8","10.5","-6.6","44.5","32.2","88.4","17.4","9.1","62.1","18","87.8","20.8","39.5","28.7","23.7"
"2024","LaMonte Wade Jr.","SFG","401","0.69614512","0.90879479","0.2690665","0.43776824","0.73529412","0.42647956","0.14550265","0.32727273","0.23062843","0.00826446","0","0.0738255","0.259818731","LaMonte Wade Jr.","18126","664774","Wade Jr., LaMonte","664774","2024","22.4","15.5","0.26","0.381","0.38","0.761","0.337","0.356","0.374","0.403","72.4","25.9","16.9","13.3","34","26.8","6.8","12","9.3","-1.1","52.5","32.2","90.6","12.9","9.4","63.1","20.1","86.4","24.2","39.6","25.7","31.4"
"2025","LaMonte Wade Jr.","- - -","242","0.69470405","0.92376682","0.30895091","0.37938596","0.74566474","0.43888354","0.12435233","0.125","0.18575553","0.02898551","0","0.06641001","0.167464114","LaMonte Wade Jr.","18126","664774","Wade Jr., LaMonte","664774","2025","24","11.2","0.167","0.254","0.271","0.525","0.241","0.281","0.247","0.31","70","7.8","11.1","8.8","34.9","27.9","6.7","11","9.1","0.5","52.9","31.9","89.7","21.9","4.5","62.5","17","86.2","22.8","31.2","34.4","25.3"
"2023","Lane Thomas","WSN","682","0.64899713","0.90066225","0.26570232","0.50555556","0.79120879","0.41111534","0.21172638","0.48461538","0.23372668","0.06808511","0.125","0.08945565","0.267515923","Lane Thomas","16939","657041","Thomas, Lane","657041","2023","25.8","5.3","0.268","0.468","0.315","0.783","0.334","0.319","0.424","0.402","71.7","17","15.9","12.5","40","31.4","6.9","9","10.2","-3.5","65.2","29.2","88.5","10.8","9.6","61.1","27.2","87.3","23","43.4","23.5","25.9"
"2024","Lane Thomas","- - -","528","0.68606702","0.88174807","0.27259615","0.47816594","0.78995434","0.44038462","0.18266979","0.43589744","0.20528846","0.02941176","0","0.08173077","0.237288135","Lane Thomas","16939","657041","Thomas, Lane","657041","2024","25.9","8.3","0.237","0.4","0.309","0.709","0.309","0.311","0.377","0.381","71.6","16.8","15.2","12.1","32.5","25.8","6.8","19","8.9","-2.4","59.5","29.3","88.8","17","7.4","64.1","22.8","83","23.3","39.1","26.8","23.2"
"2025","Lane Thomas","CLE","142","0.73154362","0.82568807","0.26798561","0.48178138","0.66386555","0.4442446","0.12962963","0.28571429","0.1942446","0.01923077","0","0.09352518","0.16","Lane Thomas","16939","657041","Thomas, Lane","657041","2025","31","9.9","0.16","0.272","0.246","0.518","0.235","0.243","0.277","0.291","72.7","22","11.3","7.9","26","18.2","6.9","6","8.8","-3.5","65.6","27.4","87.8","23.5","4.8","64.3","22.3","74.2","32.1","36.1","25.3","18.1"
"2026","Lane Thomas","KCR","321","0.68732394","0.92622951","0.27413127","0.44781784","0.77542373","0.40694981","0.15436242","0.47826087","0.23011583","0.05217391","0.16666667","0.08880309","0.229390681","Lane Thomas","16939","657041","Thomas, Lane","657041","2026","24","11.8","0.229","0.394","0.324","0.718","0.319","0.316","0.364","0.36","72.4","23.7","13.5","10.9","31.8","25.7","6.9","18","8.7","-3.1","60.2","27.1","89.5","18.1","6.4","62.5","20.7","85.6","21.6","37.7","24.5","24.5"
"2023","Lars Nootbaar","STL","503","0.61071429","0.91812865","0.27000964","0.35538954","0.8048048","0.45178399","0.12362031","0.57142857","0.21841851","0.01612903","0","0.05978785","0.26056338","Lars Nootbaar","21454","663457","Nootbaar, Lars","663457","2023","19.7","14.3","0.261","0.418","0.367","0.785","0.344","0.357","0.372","0.391","72.2","22.9","12.5","11","37.1","32.6","7","5","8.9","-2.2","63.1","30.1","89.1","7.2","8.8","53.5","17.2","86.5","18.5","50.5","23","22.4"
"2024","Lars Nootbaar","STL","405","0.63445378","0.90066225","0.28691983","0.37837838","0.82706767","0.42374925","0.13165266","0.55319149","0.21518987","0.01626016","0","0.07414105","0.244252873","Lars Nootbaar","21454","663457","Nootbaar, Lars","663457","2024","19.5","12.8","0.244","0.417","0.342","0.759","0.331","0.358","0.36","0.4","72.6","28.1","21.3","17.7","37.1","30.9","6.8","15","8.1","0.5","49","29.9","91.8","6","9.9","56.5","17","86.6","19","51.6","19","24.2"
"2025","Lars Nootbaar","STL","583","0.63109756","0.91545894","0.27808393","0.41090555","0.76777251","0.43535396","0.16403162","0.5060241","0.21449767","0.03529412","0","0.07206443","0.233791748","Lars Nootbaar","21454","663457","Nootbaar, Lars","663457","2025","20.4","11","0.234","0.361","0.325","0.686","0.304","0.317","0.33","0.349","73.4","37.5","19.5","15.7","36","29","6.9","20","9","-2.7","55","27.9","91.3","16.5","10.2","56","22","87","20.9","37.8","26.1","25.4"
"2026","Lars Nootbaar","STL","165","0.55367232","0.89795918","0.26144756","0.39661017","0.83760684","0.43574594","0.15602837","0.45454545","0.20827179","0.015625","0","0.09453471","0.24822695","Lars Nootbaar","21454","663457","Nootbaar, Lars","663457","2026","21.2","13.9","0.248","0.376","0.352","0.728","0.325","0.342","0.354","0.381","72.8","33","17.5","14.6","40.7","34","6.8","8","7.6","1.8","53","29.6","92.3","7.8","9.3","51.7","18.3","88.9","18.7","46.7","29","22.4"
"2023","Lawrence Butler","OAK","129","0.71710526","0.90825688","0.304","0.48039216","0.68367347","0.408","0.28440367","0.25806452","0.218","0.02857143","0","0.07","0.211382113","Lawrence Butler","22542","671732","Butler, Lawrence","671732","2023","27.1","3.1","0.211","0.341","0.24","0.581","0.251","0.294","0.324","0.386","74.1","42.2","16.8","12.1","30.2","21.8","7.2","5","8.1","-7","42.8","33.4","88.3","16.2","9","65.3","27.1","80.8","29.7","42.7","32.6","14.6"
"2024","Lawrence Butler","OAK","451","0.73788546","0.85074627","0.25013774","0.53985507","0.75167785","0.45619835","0.19164619","0.35897436","0.22424242","0.03174603","0.25","0.06942149","0.262135922","Lawrence Butler","22542","671732","Butler, Lawrence","671732","2024","23.9","7.8","0.262","0.49","0.317","0.807","0.345","0.341","0.426","0.421","74.1","43.1","17.5","13","32.4","24","7.1","12","3.9","0.9","38.4","31.4","91.1","11.3","11.1","69.2","27.2","80.4","26.9","43.5","26.3","26"
"2025","Lawrence Butler","ATH","630","0.72018349","0.84501062","0.25983313","0.51581722","0.65587734","0.45212555","0.20689655","0.3245614","0.2189114","0.03448276","0.16666667","0.06912992","0.233743409","Lawrence Butler","22542","671732","Butler, Lawrence","671732","2025","28.4","9.4","0.234","0.404","0.306","0.71","0.31","0.304","0.395","0.385","73.7","39","17.9","12.4","30.7","21.2","7.1","26","6.8","1.8","43.9","30.4","90.5","9.2","9.2","68","26.1","76.4","32.9","46.7","22.7","25.5"
"2026","Lawrence Butler","ATH","311","0.75528701","0.86","0.26062992","0.52007648","0.72794118","0.41181102","0.18685121","0.40740741","0.22755906","0.02362205","0","0.1","0.204460966","Lawrence Butler","22542","671732","Butler, Lawrence","671732","2026","26.3","12.5","0.204","0.319","0.305","0.624","0.283","0.31","0.321","0.364","73.6","36.8","14","10.3","25.8","19","7","10","5.1","5","38.3","31.3","89.1","4.8","7.4","68.3","24.1","77","28.1","52.6","20","23.7"
"2023","Lenyn Sosa","CHW","173","0.67901235","0.86363636","0.25796178","0.58846154","0.81699346","0.41401274","0.43918919","0.56923077","0.23566879","0.06896552","0.25","0.09235669","0.201219512","Lenyn Sosa","22896","672820","Sosa, Lenyn","672820","2023","23.1","2.9","0.201","0.348","0.224","0.572","0.241","0.29","0.304","0.369","70.6","15.6","12.2","9.4","34.5","26.7","7.4","3","9.6","5.1","52.5","35.6","89.4","14.1","7.8","65.3","40.8","84.1","24","42.2","26.6","25"
"2024","Lenyn Sosa","CHW","369","0.69101124","0.90650407","0.25853304","0.59834711","0.84530387","0.43936093","0.36111111","0.61538462","0.20915033","0.1015625","0.15384615","0.0929557","0.253561253","Lenyn Sosa","22896","672820","Sosa, Lenyn","672820","2024","20.9","3.3","0.254","0.359","0.283","0.642","0.28","0.321","0.337","0.392","71.7","17","12.5","10.1","33.4","27.1","7.4","6","8.2","3.8","48.5","33.6","89","12.3","6.1","67.9","37.4","87","19.8","40.4","22.7","30.7"
"2025","Lenyn Sosa","CHW","544","0.59925788","0.90712074","0.26215953","0.59111111","0.84210526","0.43774319","0.3911007","0.52694611","0.20768482","0.14210526","0.14814815","0.09241245","0.264478764","Lenyn Sosa","22896","672820","Sosa, Lenyn","672820","2025","23.3","3.3","0.264","0.434","0.293","0.727","0.313","0.326","0.392","0.411","72.5","26.1","16.2","12.7","34.5","27","7.4","9","10.4","0.5","55.1","32.6","90.7","18.4","10.4","61.4","41","86","23.5","32.2","29.6","29.1"
"2026","Lenyn Sosa","- - -","117","0.61165049","0.92063492","0.23462415","0.64324324","0.84033613","0.4214123","0.51578947","0.69387755","0.21640091","0.23214286","0.38461538","0.12756264","0.194690265","Lenyn Sosa","22896","672820","Sosa, Lenyn","672820","2026","21.4","0.9","0.195","0.283","0.207","0.49","0.213","0.249","0.262","0.309","72.4","22.6","13.5","10.6","30","23.5","7.6","1","12.3","-3.4","48.9","34.8","88.7","20","5.6","64.8","50","89.7","21.5","40","25.6","23.3"
"2024","Leo Jiménez","TOR","210","0.6625","0.86163522","0.28335301","0.53008596","0.71351351","0.4120425","0.23404255","0.45454545","0.22195986","0.04285714","0","0.08264463","0.229050279","Leo Jimenez","23782","677870","Jiménez, Leo","677870","2024","28.1","5.7","0.229","0.358","0.329","0.687","0.308","0.313","0.365","0.373","69.7","6.1","10.3","7.6","30.4","22.4","7.4","2","8.9","1.7","47.4","34.5","87.6","12.3","8.1","64.2","28.1","80.3","27","41.5","23.6","29.3"
"2026","Leo Jiménez","MIA","138","0.63829787","0.85555556","0.24736842","0.5308642","0.8372093","0.42631579","0.20610687","0.40740741","0.22982456","0.01818182","0","0.09649123","0.210084033","Leo Jimenez","23782","677870","Jiménez, Leo","677870","2026","18.8","8.7","0.21","0.294","0.312","0.606","0.281","0.329","0.277","0.348","72.1","16.2","17.2","13.4","34.9","27.3","7.3","5","6.3","-0.4","45.9","29.9","91.2","5.6","5.4","65.4","24.4","83.1","23.5","54.3","19.1","24.5"
"2025","Leo Rivas","SEA","111","0.66887417","0.8019802","0.29038462","0.31555556","0.77464789","0.43269231","0.01851852","0","0.20769231","0","null","0.06923077","0.244444444","Leo Rivas","21009","660844","Rivas, Leo","660844","2025","21.6","18","0.244","0.333","0.387","0.72","0.333","0.288","0.34","0.263","66.6","2.7","5.3","4","38.9","29.3","7.1","3","15.2","-2.8","56.8","38.1","86.3","13.1","3","55.4","8.1","81","22.6","43.9","30.3","19.7"
"2026","Leo Rivas","SEA","120","0.63829787","0.9","0.26404494","0.35217391","0.7037037","0.43071161","0.12931034","0.46666667","0.21722846","0.06382979","0","0.08801498","0.131313131","Leo Rivas","21009","660844","Rivas, Leo","660844","2026","30","12.5","0.131","0.172","0.263","0.435","0.217","0.238","0.203","0.241","65.4","0","1.6","1.2","35.4","27.6","7.1","8","16.3","-4.5","52.7","36.3","86.2","20.2","1.5","55","17.7","83.1","24.1","37.9","31.8","19.7"
"2023","Leody Taveras","TEX","554","0.80639432","0.8876652","0.26733143","0.51704545","0.74945055","0.41785375","0.23360656","0.50877193","0.2317189","0.05714286","0","0.08309592","0.266144814","Leody Taveras","18900","665750","Taveras, Leody","665750","2023","21.1","6.3","0.266","0.421","0.312","0.733","0.316","0.32","0.374","0.38","71.2","15.1","16.6","12.7","36.4","27.8","7.3","4","4.4","-2.6","36.7","31.6","90.1","10.2","7.2","70.9","28.2","84","24.2","45.9","22.7","26.4"
"2024","Leody Taveras","TEX","529","0.78106509","0.87878788","0.25249004","0.52739726","0.76406926","0.43625498","0.22338205","0.3271028","0.23854582","0.03424658","0","0.07270916","0.229166666","Leody Taveras","18900","665750","Taveras, Leody","665750","2024","21.2","7.9","0.229","0.352","0.289","0.641","0.282","0.299","0.321","0.346","71.2","14.7","14","10.3","32.8","24.1","7.5","6","6.9","-5","38.3","32.4","89","14.7","5.9","69.5","29.2","82.5","26.2","41.1","27.2","23.2"
"2025","Leody Taveras","- - -","180","0.70408163","0.94927536","0.28282828","0.55487805","0.71978022","0.47330447","0.26890756","0.5","0.17171717","0.06","0","0.07215007","0.204678362","Leody Taveras","18900","665750","Taveras, Leody","665750","2025","27.8","2.8","0.205","0.304","0.226","0.53","0.23","0.232","0.305","0.309","71.2","16.9","12.7","9.4","27.9","20.8","7.4","1","6.3","-4","40.6","31.2","88.5","21.2","6.4","67.2","34.6","83.2","25.2","36","24.8","24.8"
"2026","Leody Taveras","BAL","332","0.72204473","0.88495575","0.2420727","0.51098901","0.80286738","0.42227378","0.25249169","0.36842105","0.23279196","0.07518797","0","0.10286156","0.226480836","Leody Taveras","18900","665750","Taveras, Leody","665750","2026","24.7","10.2","0.226","0.348","0.31","0.658","0.295","0.29","0.343","0.337","72.8","27.1","10.1","7.5","26.5","19.8","7.5","7","7.2","-4.4","40.7","33.1","87.4","15.4","4.7","67.7","30.4","84.9","25.3","45.6","22.8","22.8"
"2025","Liam Hicks","MIA","390","0.61771058","0.95104895","0.30123617","0.37257824","0.844","0.43656474","0.12956811","0.41025641","0.19583604","0","null","0.06636304","0.246987951","Liam Hicks","29844","689414","Hicks, Liam","689414","2025","14.4","11","0.247","0.346","0.346","0.692","0.313","0.315","0.304","0.308","67.4","2.6","9","7.7","41.6","35.8","6.7","11","9","-1.8","48.9","32.6","84.6","10.6","3.6","55.3","17.6","90.8","15.1","43.6","23.8","28.7"
"2026","Liam Hicks","MIA","392","0.64032698","0.96170213","0.26158232","0.45111492","0.92775665","0.41553813","0.22683706","0.69014085","0.22309337","0.05","0.14285714","0.09978617","0.279411764","Liam Hicks","29844","689414","Hicks, Liam","689414","2026","9.7","9.4","0.279","0.435","0.358","0.793","0.348","0.31","0.34","0.292","68.3","4.3","12","10.9","39.3","35.7","6.8","7","7.3","-6","51.3","31.7","85.2","13.8","3.9","57.4","27.1","97.2","10.7","46.6","23.6","19.7"
"2023","Liover Peguero","PIT","213","0.78571429","0.86363636","0.27620222","0.56104651","0.70466321","0.42416769","0.26060606","0.34883721","0.20345253","0.05128205","0","0.09617756","0.237373737","Liover Peguero","24273","678894","Peguero, Liover","678894","2023","31.5","5.2","0.237","0.374","0.28","0.654","0.284","0.267","0.39","0.364","73","28.2","14.7","10.4","28.6","20.3","7.3","5","4.5","-5.2","39","27.4","89.3","4.1","5.2","72.9","28.4","79.6","29.4","52.2","20.9","22.4"
"2023","Logan O'Hoppe","LAA","199","0.79581152","0.84210526","0.25098555","0.55192878","0.69354839","0.44283837","0.3030303","0.28","0.21681997","0.05882353","0","0.08935611","0.236263736","Logan O'Hoppe","24729","681351","O'Hoppe, Logan","681351","2023","24.1","7","0.236","0.5","0.296","0.796","0.337","0.347","0.413","0.429","69.9","8","14.9","10.5","35.7","25.3","7.4","7","16.3","-8.1","54.9","31.4","90.5","19.6","15.6","70.1","34.1","81","32.1","37.8","28.9","20"
"2024","Logan O'Hoppe","LAA","522","0.76831683","0.82731959","0.25466465","0.60779537","0.68537074","0.41401916","0.2860262","0.33587786","0.23096319","0.07035176","0","0.100353","0.244258872","Logan O'Hoppe","24729","681351","O'Hoppe, Logan","681351","2024","29.7","6.3","0.244","0.409","0.303","0.712","0.311","0.333","0.411","0.446","70.6","17.3","14.7","10.1","33.1","22.7","7.3","41","15","-1.8","54.2","33.8","90.4","15.3","12","72.6","34","77.4","33.6","38","29.4","26.4"
"2025","Logan O'Hoppe","LAA","451","0.75876289","0.8451087","0.27588168","0.60875706","0.6774942","0.40273038","0.25814536","0.3592233","0.22696246","0.09036145","0.06666667","0.09442548","0.212765957","Logan O'Hoppe","24729","681351","O'Hoppe, Logan","681351","2025","30.8","5.3","0.213","0.371","0.258","0.629","0.273","0.301","0.368","0.412","71.9","20.2","17.8","12.3","34.6","23.9","7.6","17","15.5","-3.4","52.3","33","90.9","17.3","13.3","73.8","31.7","77.7","32.9","40.2","29.7","23.4"
"2026","Logan O'Hoppe","LAA","256","0.73390558","0.92982456","0.25189189","0.56763926","0.74299065","0.40756757","0.34782609","0.325","0.24864865","0.11764706","0.1","0.09189189","0.209401709","Logan O'Hoppe","24729","681351","O'Hoppe, Logan","681351","2026","24.9","6.6","0.209","0.294","0.27","0.564","0.255","0.264","0.297","0.311","72.1","25.5","14.6","10.7","30.5","22.4","7.4","14","13","-8.1","60.7","30.9","86.9","17.6","9.8","71.9","34.9","86","28.8","38.2","30.1","21.4"
"2023","Lourdes Gurriel Jr.","ARI","592","0.7470489","0.93453725","0.26759928","0.53615702","0.82851638","0.4368231","0.23868313","0.51724138","0.21931408","0.05325444","0.22222222","0.07626354","0.261343012","Lourdes Gurriel Jr.","19238","666971","Gurriel Jr., Lourdes","666971","2023","17.4","5.6","0.261","0.463","0.309","0.772","0.329","0.325","0.373","0.368","69.8","4.8","16","13.3","40.7","34","7.3","6","8.4","-1","48.1","34.9","89.7","10.6","8.4","67.5","30.3","88.2","18.7","43.3","24.4","26.7"
"2024","Lourdes Gurriel Jr.","ARI","553","0.74471831","0.90780142","0.27268363","0.57652474","0.81636727","0.41718675","0.2633833","0.56097561","0.22419587","0.08379888","0","0.08593375","0.278752436","Lourdes Gurriel Jr.","19238","666971","Gurriel Jr., Lourdes","666971","2024","18.3","5.2","0.279","0.435","0.322","0.757","0.327","0.325","0.376","0.373","70.5","9.4","13.3","10.8","31.5","25.7","7.5","12","8.3","-3.8","48.3","35.8","88.4","15.7","6.7","69.5","33","88.2","20.2","38.1","27.1","26.1"
"2025","Lourdes Gurriel Jr.","ARI","546","0.73952641","0.90640394","0.27532598","0.58323632","0.81636727","0.43079238","0.28146453","0.5203252","0.21915747","0.0738255","0.27272727","0.07472417","0.248","Lourdes Gurriel Jr.","19238","666971","Gurriel Jr., Lourdes","666971","2025","13.9","5.7","0.248","0.418","0.295","0.713","0.307","0.315","0.327","0.338","70.6","9.6","13.2","10.8","35.4","29.1","7.5","16","10.5","-5.8","50.4","36.9","87.8","16.3","7.2","69.6","34.5","87.9","20.2","37.4","27.3","26.3"
"2026","Lourdes Gurriel Jr.","ARI","189","0.67096774","0.92307692","0.22760646","0.63321799","0.84153005","0.42437592","0.39759036","0.48484848","0.24375918","0.07042254","0","0.10425844","0.206896551","Lourdes Gurriel Jr.","19238","666971","Gurriel Jr., Lourdes","666971","2026","18","5.3","0.207","0.287","0.254","0.541","0.242","0.277","0.261","0.307","70.7","10.5","9.5","7.5","34.4","27.1","7.5","6","10.5","-6","49.4","37.9","87.3","15.1","4.9","68","40","88.9","24","42","21.7","23.8"
"2023","Luis Arraez","MIA","617","0.70820189","0.95100223","0.29338269","0.57945946","0.93470149","0.42804257","0.24107143","0.87962963","0.20731143","0.03246753","0.6","0.0712633","0.353658536","Luis Arraez","18568","650333","Arraez, Luis","650333","2023","5.5","5.7","0.354","0.469","0.393","0.862","0.369","0.355","0.374","0.359","63.8","0.2","7.6","7","49.5","45.7","5.9","3","7.3","6.1","49","38.5","88.3","11.5","3.5","68.6","31.9","94.4","7.9","42.8","24.1","31.3"
"2024","Luis Arraez","- - -","672","0.67485549","0.97002141","0.28642384","0.5398313","0.95486111","0.44163907","0.29661017","0.82857143","0.19536424","0.06486486","0.5","0.07657285","0.313971742","Luis Arraez","18568","650333","Arraez, Luis","650333","2024","4.3","3.6","0.314","0.392","0.346","0.738","0.323","0.33","0.32","0.329","63.1","0.2","4.6","4.4","45.8","43.1","6","8","7.4","4.8","43.3","38.2","86.3","13.7","1.6","63","35.3","95.3","6.9","42.2","25.2","27.7"
"2025","Luis Arraez","SDP","675","0.65217391","0.98181818","0.30766113","0.5392062","0.95870736","0.4187272","0.29338843","0.91549296","0.1961897","0.06282723","0.58333333","0.07742197","0.291935483","Luis Arraez","18568","650333","Arraez, Luis","650333","2025","3.1","5","0.292","0.392","0.327","0.719","0.313","0.303","0.302","0.29","62.5","0.4","2.2","2.1","45.7","43.4","5.8","8","5.6","4.8","40.7","37.3","86.1","12.2","1.1","62.6","34.3","95.9","5.3","45.1","22.5","28"
"2026","Luis Arraez","SFG","451","0.67125984","0.93548387","0.30881459","0.53272451","0.94571429","0.3993921","0.30965909","0.88073394","0.21398176","0.03125","0.5","0.07781155","0.330882352","Luis Arraez","18568","650333","Arraez, Luis","650333","2026","4.4","5.5","0.331","0.451","0.366","0.817","0.351","0.305","0.348","0.296","63.2","0","1.8","1.7","46.5","42.8","5.9","2","9","2.8","52.8","37.1","86.9","15.5","0.5","64.5","32.5","93.7","7.8","39","29","27.8"
"2023","Luis Campusano","SDP","174","0.79012346","0.8984375","0.26955075","0.63855422","0.8490566","0.41430948","0.28275862","0.68292683","0.24126456","0.08888889","0","0.07487521","0.319018404","Luis Campusano","22217","669134","Campusano, Luis","669134","2023","12.1","4","0.319","0.491","0.356","0.847","0.364","0.353","0.394","0.38","68.6","5.7","14.6","12.3","38.3","32.4","7.6","1","7.9","-1.2","63.6","26.5","88.5","13.2","7.7","74","35.5","86","18.1","40.6","21","28.7"
"2024","Luis Campusano","SDP","299","0.74137931","0.88837209","0.28292683","0.54942529","0.82845188","0.42439024","0.26388889","0.56140351","0.21073171","0.13095238","0.18181818","0.08195122","0.227436823","Luis Campusano","22217","669134","Campusano, Luis","669134","2024","13.7","6.7","0.227","0.361","0.281","0.642","0.282","0.298","0.294","0.315","69.1","7.1","12.3","10","37.2","30.3","7.6","2","6.9","0.4","58.5","25.6","87.7","9.9","4.7","69.1","31.9","85.6","20.5","45.1","24.9","22.4"
"2026","Luis Campusano","SDP","107","0.65811966","0.88311688","0.26233184","0.52380952","0.77272727","0.37668161","0.24107143","0.44444444","0.25112108","0.08163265","0","0.10986547","0.285714285","Luis Campusano","22217","669134","Campusano, Luis","669134","2026","23.4","14","0.286","0.505","0.393","0.898","0.391","0.339","0.465","0.38","71.9","20.8","12.1","9.4","29","22.6","7.9","9","11","-7.6","64.3","25.4","87.5","12.2","9.1","64.3","26.7","86.7","26.3","37.9","22.7","30.3"
"2023","Luis García Jr.","WSN","482","0.78571429","0.93506494","0.23058824","0.59414226","0.85446009","0.42176471","0.26728111","0.63793103","0.25529412","0.06369427","0.2","0.09235294","0.266219239","Luis Garcia Jr.","20391","671277","García Jr., Luis","671277","2023","12.4","5.6","0.266","0.385","0.304","0.689","0.297","0.309","0.316","0.33","71.1","18.1","14.7","11.4","38","29.5","7.2","2","9.9","1.6","58","31.5","88.3","4.6","5.8","74.1","31","87.7","17.9","53.4","18.2","25.1"
"2024","Luis García Jr.","WSN","528","0.72349272","0.92241379","0.25544344","0.59102244","0.80590717","0.42591609","0.30536131","0.57251908","0.22782793","0.08187135","0.35714286","0.09081253","0.282","Luis Garcia Jr.","20391","671277","García Jr., Luis","671277","2024","16.3","5.1","0.282","0.444","0.318","0.762","0.328","0.335","0.374","0.383","71.6","22.5","16.1","12.8","35.2","28.1","7.3","10","9.8","2","60.3","29","89.1","8.2","8","69.1","36","87.4","21.3","48.4","25.1","23.9"
"2025","Luis García Jr.","WSN","526","0.76431718","0.90778098","0.24700762","0.59414758","0.83297645","0.42763874","0.35874439","0.5375","0.24265506","0.07236842","0.45454545","0.08269859","0.25204918","Luis Garcia Jr.","20391","671277","García Jr., Luis","671277","2025","16","5.1","0.252","0.412","0.289","0.701","0.3","0.339","0.334","0.384","72.4","28","18.1","14.7","37.8","30.6","7.4","18","10.7","-2.5","62.6","28.6","90.2","9.2","9","71.5","38","89","21.7","45.5","24.5","24.5"
"2026","Luis García Jr.","WSN","362","0.74061433","0.93087558","0.22678019","0.63254113","0.84682081","0.42337461","0.39072848","0.6779661","0.23374613","0.08666667","0.38461538","0.11609907","0.28115942","Luis Garcia Jr.","20391","671277","García Jr., Luis","671277","2026","16","4.4","0.281","0.548","0.312","0.86","0.365","0.353","0.42","0.406","73.8","39.2","18.7","15.5","33.5","27.8","7.4","9","10.5","-2.3","63.4","27.7","91.4","11.7","11.6","70","40.2","88.4","19.3","44.1","20.5","27.4"
"2023","Luis Guillorme","NYM","120","0.64885496","0.95294118","0.27234927","0.45971564","0.79381443","0.43866944","0.11214953","0.58333333","0.22245322","0.03125","0","0.06652807","0.224299065","Luis Guillorme","16451","641645","Guillorme, Luis","641645","2023","23.3","8.3","0.224","0.327","0.288","0.615","0.269","0.238","0.314","0.27","64.8","0","0","0","40.9","36","7.2","0","8.2","7","57.7","30.7","85.9","11.8","1.2","59.8","23.1","90.2","17.6","42.7","25.6","25.6"
"2024","Luis Guillorme","- - -","187","0.67226891","0.90625","0.29565217","0.45794393","0.86394558","0.39875776","0.16477273","0.55172414","0.21863354","0.02857143","0","0.08695652","0.204968944","Luis Guillorme","16451","641645","Guillorme, Luis","641645","2024","19.3","12.3","0.205","0.273","0.301","0.574","0.263","0.285","0.261","0.292","64.9","1","4.5","3.7","38.5","32","7.5","4","5.1","14.6","38.5","34.8","85.5","5.7","2.3","60.4","23.9","86.1","18.9","53.1","21.9","22.7"
"2023","Luis Matos","SFG","253","0.75630252","0.92777778","0.26415094","0.49739583","0.85340314","0.42619312","0.22164948","0.53488372","0.21531632","0.02352941","0","0.09433962","0.25","Luis Matos","26467","682641","Matos, Luis","682641","2023","13","7.9","0.25","0.342","0.319","0.661","0.295","0.307","0.297","0.313","72.1","21.1","12.9","11","35.9","30.5","7.1","3","1.9","-1.2","37.2","24.6","87.1","6.3","2","69.9","25.4","90.6","17.2","45.7","23.4","28.4"
"2024","Luis Matos","SFG","156","0.71851852","0.93814433","0.24816176","0.61842105","0.89361702","0.41911765","0.4296875","0.69090909","0.23529412","0.03773585","0","0.09742647","0.213333333","Luis Matos","26467","682641","Matos, Luis","682641","2024","15.4","3.2","0.213","0.347","0.237","0.584","0.25","0.271","0.283","0.308","71.6","18.2","12","10.3","30.1","25.7","7.2","2","5.4","-11.2","53.7","25.3","86.9","14.1","3.9","68.9","40.1","92.4","15.6","38.6","29.1","21.3"
"2025","Luis Matos","SFG","184","0.65909091","0.92241379","0.25618632","0.6013986","0.87790698","0.41630277","0.35443038","0.5","0.22998544","0.13432836","0.22222222","0.09752547","0.220930232","Luis Matos","26467","682641","Matos, Luis","682641","2025","14.7","6","0.221","0.424","0.266","0.69","0.296","0.274","0.321","0.293","72","22.6","12.2","10.2","34","28.3","7.3","9","7.1","-6.7","57.4","26.9","88","14.1","7.5","65.6","37.7","87.8","20.1","46.6","25.3","17.1"
"2023","Luis Rengifo","LAA","445","0.8221709","0.90449438","0.26052948","0.56463596","0.73684211","0.40493381","0.22167488","0.38888889","0.244284","0.04","0.16666667","0.09025271","0.26395939","Luis Rengifo","19858","650859","Rengifo, Luis","650859","2023","18.4","9.2","0.264","0.444","0.339","0.783","0.339","0.323","0.373","0.351","70.9","13.7","16","12.1","37.3","28.3","7.3","2","9.8","-0.4","53.2","34","89.1","11","7.7","74.5","28.7","83.2","24.5","46.8","28.2","19"
"2024","Luis Rengifo","LAA","304","0.79553903","0.90654206","0.24907407","0.65732759","0.81311475","0.42962963","0.31128405","0.4125","0.23796296","0.04444444","0.5","0.08333333","0.300353356","Luis Rengifo","19858","650859","Rengifo, Luis","650859","2024","14.5","5.3","0.3","0.417","0.347","0.764","0.335","0.3","0.366","0.322","69.6","11.9","9.5","7.5","34.4","27","7.2","9","9.4","1.1","52.3","33.3","87","6.7","2.5","80","35.6","86.1","22.3","55.4","17.1","23.3"
"2025","Luis Rengifo","LAA","541","0.76029963","0.88423645","0.26593625","0.56126915","0.79532164","0.45517928","0.27295285","0.54545455","0.20069721","0.03184713","0.2","0.07818725","0.23752495","Luis Rengifo","19858","650859","Rengifo, Luis","650859","2025","19.2","6.1","0.238","0.335","0.287","0.622","0.275","0.302","0.309","0.345","69.5","7.3","11.3","8.9","34.6","27.2","7.1","13","7.2","3.8","48.5","33.6","87.1","6.7","5","71.6","30.6","85.6","21.9","50.6","18.5","25.2"
"2026","Luis Rengifo","- - -","250","0.78242678","0.89839572","0.25184405","0.53640777","0.84615385","0.4341412","0.27227723","0.6","0.21285564","0.07291667","0.28571429","0.10115911","0.23076923","Luis Rengifo","19858","650859","Rengifo, Luis","650859","2026","12.4","9.2","0.231","0.303","0.304","0.607","0.274","0.304","0.267","0.305","71.3","18.4","13.1","10.7","37.2","30.3","7.2","2","7.1","1.4","43.1","33.8","88.4","4.2","4.6","72.2","30.5","86.9","19.7","54.9","16.4","24.1"
"2023","Luis Robert Jr.","CHW","595","0.83948339","0.83736264","0.24647567","0.6750547","0.70016207","0.41564347","0.34651601","0.34782609","0.2414734","0.12264151","0.15384615","0.09640746","0.263736263","Luis Robert Jr.","20043","673357","Robert Jr., Luis","673357","2023","28.9","5","0.264","0.542","0.315","0.857","0.358","0.347","0.488","0.47","75.8","62.3","15.1","10.6","24.4","17.2","7.9","12","11.8","-6.2","51.7","35.2","89.1","16.1","15.5","78.2","40.5","78.7","33.5","36.4","30.3","24.7"
"2024","Luis Robert Jr.","CHW","425","0.80821918","0.83389831","0.22684897","0.5923913","0.67431193","0.45742697","0.3125","0.27826087","0.22871349","0.05714286","0.125","0.08701057","0.223918575","Luis Robert Jr.","20043","673357","Robert Jr., Luis","673357","2024","33.2","6.6","0.224","0.379","0.278","0.657","0.285","0.283","0.399","0.395","74.5","47.2","15.5","10.4","28.1","18.9","7.7","12","9.7","-1.8","49.1","36.2","90.1","13.5","9.9","72.9","35.8","76.6","36.1","38.7","26.9","27.7"
"2025","Luis Robert Jr.","CHW","431","0.82739726","0.85761589","0.23950131","0.58035714","0.68717949","0.44094488","0.31111111","0.41071429","0.23622047","0.07086614","0","0.08333333","0.222513089","Luis Robert Jr.","20043","673357","Robert Jr., Luis","673357","2025","26","9.3","0.223","0.364","0.297","0.661","0.289","0.321","0.35","0.401","75.6","57.4","16.4","11.8","28.4","20.3","7.8","19","12.1","-5.1","53.8","36.6","89.4","18.2","10.3","76.3","32.6","77.9","31.7","38.3","28.5","23.4"
"2026","Luis Robert Jr.","NYM","126","0.73684211","0.89285714","0.23553719","0.56613757","0.75700935","0.39049587","0.3203125","0.43902439","0.26446281","0.01886792","0","0.10950413","0.2","Luis Robert Jr.","20043","673357","Robert Jr., Luis","673357","2026","22.2","12.7","0.2","0.336","0.302","0.638","0.289","0.309","0.308","0.339","76.2","65.3","15.7","11.9","24.1","18.3","7.7","5","9.9","-4.6","53.2","35.2","88.9","13.6","3.7","67.1","33.9","87.2","26.7","47.6","24.4","17.1"
"2024","Luis Torrens","NYM","130","0.69863014","0.90196078","0.28627451","0.51388889","0.74774775","0.42352941","0.19469027","0.59090909","0.22156863","0.02857143","0","0.06862745","0.228813559","Luis Torrens","15905","620443","Torrens, Luis","620443","2024","21.5","6.9","0.229","0.373","0.292","0.665","0.292","0.324","0.333","0.379","71.4","10.4","11.1","8.9","32.1","25.7","7.3","2","11.4","0.5","62.9","29.8","89.6","13.1","6.6","67.4","25","85.1","21.9","42.9","25.3","25.3"
"2025","Luis Torrens","NYM","283","0.68249258","0.84347826","0.3152479","0.55654102","0.82868526","0.42188962","0.19626168","0.57142857","0.20018709","0.04477612","0","0.0626754","0.226053639","Luis Torrens","15905","620443","Torrens, Luis","620443","2025","19.8","6.7","0.226","0.345","0.284","0.629","0.278","0.338","0.311","0.394","70.7","8.9","18.1","14.6","36.4","29.4","7.2","10","9.7","6.2","55.8","29.9","90.6","6.2","10.7","68.5","25.9","83.1","20.7","50.5","20.9","26.7"
"2026","Luis Torrens","NYM","200","0.72251309","0.91304348","0.25","0.53333333","0.7797619","0.41230366","0.30337079","0.61111111","0.23298429","0.1","0.375","0.10471204","0.219780219","Luis Torrens","15905","620443","Torrens, Luis","620443","2026","20.5","6","0.22","0.319","0.283","0.602","0.271","0.279","0.3","0.312","70.2","8.2","11.1","8.8","33.7","26.6","7","5","7","7.8","50.3","30.6","88","6.6","3.6","65","33.7","86.4","22","54.5","16.8","23.8"
"2023","Luis Urías","- - -","177","0.62","0.86290323","0.26990553","0.44480519","0.73722628","0.41565452","0.20496894","0.42424242","0.21727395","0.01388889","0","0.09716599","0.194444444","Luis Urias","16622","649966","Urías, Luis","649966","2023","23.2","11.9","0.194","0.299","0.337","0.636","0.298","0.299","0.294","0.296","67.8","3.1","10.7","8.1","33.9","25.5","7.7","5","19.5","-3.1","47.9","30.9","84.9","14.7","5.8","55.7","24.3","81.4","26.4","46.6","30.1","13.6"
"2024","Luis Urías","SEA","109","0.6446281","0.87179487","0.26769912","0.57352941","0.77777778","0.45132743","0.17777778","0.5625","0.19911504","0","null","0.08185841","0.191489361","Luis Urias","16622","649966","Urías, Luis","649966","2024","31.2","8.3","0.191","0.394","0.303","0.697","0.309","0.314","0.386","0.395","68.1","4.9","9.4","7.3","27.6","21.3","7.7","1","17.5","-5","56.9","30.3","87.1","19.2","11.7","65.8","28.2","81.1","23.1","33.3","28.3","23.3"
"2025","Luis Urías","ATH","330","0.66755319","0.92828685","0.28878648","0.45202952","0.87755102","0.41628264","0.17314488","0.65306122","0.21735791","0.03960396","0.75","0.07757296","0.229965156","Luis Urias","16622","649966","Urías, Luis","649966","2025","13.6","9.4","0.23","0.338","0.315","0.653","0.293","0.3","0.286","0.295","69.4","7.8","9.7","8.7","36.1","32.2","7.5","11","11.2","-2","71.1","27.8","86.2","14.5","3.7","59.4","22.9","91.2","13.3","44.1","23.7","20.8"
"2025","Luisangel Acuña","NYM","193","0.68131868","0.93548387","0.26491994","0.56737589","0.81875","0.41048035","0.24528302","0.35897436","0.23144105","0.109375","0","0.09315866","0.234285714","Luisangel Acuna","26548","682668","Acuña, Luisangel","682668","2025","19.2","6.7","0.234","0.274","0.293","0.567","0.258","0.271","0.279","0.297","70.7","17.7","14.6","11.5","35.4","27.8","7.3","6","3.7","4.1","41.8","25.4","87.9","3.4","1.4","68.7","31","89.4","22.3","56","17.7","22"
"2026","Luisangel Acuña","CHW","175","0.71830986","0.91176471","0.2358804","0.59055118","0.8","0.42192691","0.28873239","0.31707317","0.2358804","0.078125","0","0.10631229","0.245398773","Luisangel Acuna","26548","682668","Acuña, Luisangel","682668","2026","18.9","4","0.245","0.282","0.277","0.559","0.251","0.278","0.287","0.322","72","28","17.3","13.4","38.6","29.9","7.5","11","8.7","1.5","66.9","25.5","89.1","2.1","3.7","69.9","35.1","86.7","24.9","59.7","15.7","20.9"
"2025","Luke Keaschall","MIN","207","0.6784141","0.92857143","0.29328165","0.45141066","0.79861111","0.4121447","0.14619883","0.48","0.22093023","0.01754386","0","0.07364341","0.302197802","Luke Keaschall","33321","807712","Keaschall, Luke","807712","2025","14","9.2","0.302","0.445","0.382","0.827","0.363","0.324","0.379","0.327","67.1","2.2","10.8","9.2","41.8","35.7","6.4","17","8.4","-1.8","50.5","35.5","86.2","10.5","5.2","63.2","20","86.7","18.5","46.1","22.7","26"
"2026","Luke Keaschall","MIN","395","0.69135802","0.925","0.27364865","0.45286195","0.84386617","0.40135135","0.18944099","0.55737705","0.21756757","0.04402516","0.14285714","0.10743243","0.258160237","Luke Keaschall","33321","807712","Keaschall, Luke","807712","2026","15.2","10.1","0.258","0.341","0.352","0.693","0.314","0.301","0.31","0.292","69.3","9.9","7.4","6.3","32.1","27.3","6.8","23","10.6","-4.2","50.5","36.8","84.9","16.8","2.8","61.8","22.4","90","17","38.5","27.2","25.1"
"2023","Luke Maile","CIN","199","0.6712963","0.85517241","0.28198433","0.49845201","0.76397516","0.42167102","0.18902439","0.35483871","0.21409922","0.04761905","0","0.08224543","0.234636871","Luke Maile","13355","571912","Maile, Luke","571912","2023","24.6","7","0.235","0.391","0.308","0.699","0.307","0.315","0.365","0.377","68.3","2.8","17.9","14","38.4","30.1","6.7","3","13","2.7","64.8","34.8","87.7","14.7","10.7","63.4","26.5","79.9","26","43.5","28.2","21.4"
"2024","Luke Maile","CIN","154","0.71895425","0.88181818","0.24018838","0.51957295","0.71917808","0.4411303","0.2","0.32258065","0.2433281","0","null","0.07535322","0.177777777","Luke Maile","13355","571912","Maile, Luke","571912","2024","33.8","8.4","0.178","0.252","0.268","0.52","0.241","0.244","0.297","0.304","67.6","1.3","5.2","3.8","27.2","20","6.7","7","14","-2.2","53.6","34.1","84.7","11.3","3.5","66.2","26.3","83","28.8","43.5","23.5","29.4"
"2023","Luke Raley","TBR","406","0.7867036","0.88028169","0.23365696","0.60342368","0.54373522","0.45372168","0.24581006","0.29545455","0.23171521","0.016","0","0.08090615","0.249299719","Luke Raley","19354","670042","Raley, Luke","670042","2023","31.5","6.9","0.249","0.49","0.333","0.823","0.353","0.328","0.477","0.434","75.7","60.6","15.7","9.9","23.6","14.9","7.4","9","14.6","-7.7","59.1","28.7","91.1","17.3","12.9","74.7","31.3","73.2","38.9","43.5","27.6","17.2"
"2024","Luke Raley","SEA","455","0.796875","0.85994398","0.26122449","0.5994695","0.59070796","0.43965015","0.19893899","0.28","0.21982507","0.01470588","0","0.07930029","0.242574257","Luke Raley","19354","670042","Raley, Luke","670042","2024","29.7","5.9","0.243","0.463","0.32","0.783","0.339","0.321","0.445","0.416","74.9","50.4","16.7","11.3","26.8","18.2","7.2","16","13.1","-4","61.3","31.5","90.1","13.5","11.1","75.3","27.9","76.4","34.5","47.3","24.5","21.2"
"2025","Luke Raley","SEA","219","0.85253456","0.78918919","0.26113117","0.61707989","0.54464286","0.4368231","0.20338983","0.27777778","0.21299639","0.04054054","0","0.08904934","0.202185792","Luke Raley","19354","670042","Raley, Luke","670042","2025","29.2","8.7","0.202","0.311","0.319","0.63","0.291","0.312","0.335","0.373","73.8","38","15.3","9.1","30.1","17.9","7.1","11","14.5","-1.8","54","31.5","89.5","9.8","10.6","80.7","27.2","68.4","40.8","52.8","22.8","20.3"
"2026","Luke Raley","SEA","285","0.78810409","0.8254717","0.24588665","0.62107623","0.61371841","0.40767824","0.3229572","0.18072289","0.23491773","0.1147541","0","0.11151737","0.226923076","Luke Raley","19354","670042","Raley, Luke","670042","2026","32.6","5.3","0.227","0.442","0.286","0.728","0.314","0.344","0.439","0.489","75.3","57.4","18.4","11.4","30","18.5","7.3","11","14.6","-3.1","59.1","31.3","90.8","15.3","15.9","76.9","34.1","71.7","40.7","36.5","28.8","28.2"
"2023","Maikel Garcia","KCR","515","0.71577123","0.87893462","0.29009553","0.44693396","0.80211082","0.4263449","0.1498708","0.53448276","0.19457014","0.01129944","0","0.08898944","0.271551724","Maikel Garcia","22715","672580","Garcia, Maikel","672580","2023","22.3","7.4","0.272","0.358","0.323","0.681","0.299","0.32","0.35","0.381","69.7","4.9","18.6","15.5","42.4","35.3","7.1","6","7.3","7.8","58.8","28.6","91.8","6.1","3.9","63.7","20.5","84.4","19.5","48.3","18.3","29.2"
"2024","Maikel Garcia","KCR","626","0.67837079","0.92339545","0.30169492","0.4628866","0.8596882","0.41101695","0.15944882","0.4691358","0.21525424","0.02352941","0.25","0.0720339","0.231304347","Maikel Garcia","22715","672580","Garcia, Maikel","672580","2024","16.5","6.7","0.231","0.332","0.281","0.613","0.27","0.305","0.292","0.337","70.7","10.8","15.9","13.8","40.9","35.4","7.1","12","4.5","4.8","45.2","28.2","90.4","6.4","3.7","63.6","21.3","89.1","15.7","49.5","20.4","26.6"
"2025","Maikel Garcia","KCR","666","0.63967611","0.94936709","0.29416435","0.42366412","0.84684685","0.41603811","0.16141002","0.55172414","0.2139738","0.02617801","0","0.07582374","0.285714285","Maikel Garcia","22715","672580","Garcia, Maikel","672580","2025","12.6","9.3","0.286","0.449","0.351","0.8","0.347","0.335","0.361","0.346","71.9","17.1","21.3","18.5","44","38.2","7.3","11","4.7","0.7","44.4","27.1","91.3","9.7","5.6","58","20.8","90.6","15","44.9","21.6","27.2"
"2026","Maikel Garcia","KCR","294","0.63126844","0.94859813","0.3","0.40268456","0.84444444","0.39557522","0.18487395","0.61363636","0.21061947","0.04716981","0","0.09380531","0.261194029","Maikel Garcia","22715","672580","Garcia, Maikel","672580","2026","15.3","8.2","0.261","0.373","0.32","0.693","0.307","0.316","0.326","0.339","72","19.8","16.7","14.8","38","33.7","7.1","8","3.8","0.2","41.3","28.3","90.1","9.2","4.9","55.6","22.7","92.7","14.2","44.9","21.3","26.7"
"2023","Manny Machado","SDP","601","0.79018613","0.88436831","0.25875657","0.51673228","0.76","0.44483363","0.24186992","0.49579832","0.21541156","0.07567568","0.07142857","0.08099825","0.257826887","Manny Machado","11493","592518","Machado, Manny","592518","2023","18.1","8.3","0.258","0.462","0.319","0.781","0.334","0.334","0.375","0.375","76.7","65.9","19.7","15.6","30","23.8","7.7","9","6.4","-2.1","51.1","25.3","91","15","10.5","69.7","29.3","83.6","23.9","40.2","28.9","22"
"2024","Manny Machado","SDP","643","0.80343214","0.87572816","0.26853791","0.54174573","0.7793345","0.44155844","0.25478927","0.46616541","0.21868454","0.07647059","0","0.0712191","0.274873524","Manny Machado","11493","592518","Machado, Manny","592518","2024","19.3","7","0.275","0.472","0.325","0.797","0.34","0.34","0.399","0.4","75.2","52.3","20.7","16.3","31.9","25","7.8","23","6.8","0","54.2","25.6","92.5","12.7","11","72.3","29.8","83.8","24.4","43.3","22","26.6"
"2025","Manny Machado","SDP","678","0.78217822","0.86075949","0.26709482","0.53624454","0.752443","0.43256517","0.23785595","0.4084507","0.22553835","0.07070707","0.42857143","0.07480166","0.274796747","Manny Machado","11493","592518","Machado, Manny","592518","2025","19.3","8.1","0.275","0.46","0.335","0.795","0.341","0.355","0.394","0.413","74.5","42.9","22.1","16.7","35.4","26.7","7.8","20","7.5","-0.2","54.3","26.5","92.9","14.3","12.9","70.1","29.8","81.4","26.1","38.9","29.2","24.9"
"2026","Manny Machado","SDP","446","0.72413793","0.88253968","0.2477221","0.55190539","0.74761905","0.4333713","0.23857868","0.44680851","0.22437358","0.05421687","0","0.09453303","0.215938303","Manny Machado","11493","592518","Machado, Manny","592518","2026","21.5","11.2","0.216","0.44","0.301","0.741","0.318","0.33","0.361","0.378","74.6","44.6","15.9","12","30","22.6","7.9","18","7.4","-2","55.8","26.2","90.5","13.4","11","67.6","30.6","81.9","26.5","40.7","28.3","24.3"
"2023","Manuel Margot","TBR","336","0.7347561","0.86721992","0.2677551","0.56092843","0.80344828","0.42204082","0.22727273","0.44615385","0.23346939","0.10638298","0","0.07673469","0.263665594","Manuel Margot","14712","622534","Margot, Manuel","622534","2023","16.4","5.4","0.264","0.376","0.31","0.686","0.299","0.301","0.329","0.332","71.5","16.3","14.1","10.5","31.3","23.3","7.2","1","5","-0.5","47.5","27.5","87.9","10.5","3.9","69.5","31.4","83.2","24.4","47.1","20.8","24.3"
"2024","Manuel Margot","MIN","343","0.77419355","0.875","0.26070336","0.52150538","0.8419244","0.4266055","0.27090301","0.56790123","0.22859327","0.07272727","0.25","0.08409786","0.238095238","Manuel Margot","14712","622534","Margot, Manuel","622534","2024","15.7","6.1","0.238","0.337","0.289","0.626","0.276","0.31","0.295","0.339","72","19.8","13.7","11.1","31.3","25.3","7.3","5","6.2","-1.1","48.2","27.7","88.2","13.8","4.9","68.3","30.4","86.6","20.6","41.9","23.8","24.9"
"2023","Marcell Ozuna","ATL","592","0.75891341","0.86577181","0.24894336","0.55252525","0.75319927","0.41842773","0.25559701","0.41605839","0.22654269","0.05976096","0.13333333","0.10608622","0.273584905","Marcell Ozuna","10324","542303","Ozuna, Marcell","542303","2023","22.6","9.6","0.274","0.558","0.346","0.904","0.381","0.395","0.462","0.483","75","52.8","20.8","16","35","26.8","7.5","7","13","-1.3","49.9","36.7","91.8","15.6","16.7","69.8","29.8","82.8","26.7","39.9","32.4","21.9"
"2024","Marcell Ozuna","ATL","688","0.78686131","0.83302412","0.23834377","0.53865979","0.67304625","0.40501044","0.23816356","0.48192771","0.24251914","0.03658537","0.16666667","0.11412665","0.301980198","Marcell Ozuna","10324","542303","Ozuna, Marcell","542303","2024","24.7","10.8","0.302","0.546","0.378","0.924","0.395","0.404","0.496","0.512","73.9","42.1","20.2","13.9","33.9","23.3","7.4","4","15.1","-2","52.5","36.5","92.1","14.4","15.5","72.6","26.4","77.4","31.4","38","31.6","27.3"
"2025","Marcell Ozuna","ATL","592","0.66865672","0.859375","0.25426945","0.42818671","0.7672956","0.4227704","0.17900172","0.39423077","0.22049336","0.03703704","0","0.10246679","0.232032854","Marcell Ozuna","10324","542303","Ozuna, Marcell","542303","2025","24.3","15.9","0.232","0.4","0.355","0.755","0.334","0.354","0.374","0.407","72.8","31.3","14.9","11.2","32","24","7.2","3","13.8","-0.6","52.4","36.9","89.9","14.1","11.5","58","22.4","81.1","25.8","40.3","32.6","22.3"
"2026","Marcell Ozuna","PIT","276","0.64359862","0.84408602","0.23963516","0.51968504","0.71969697","0.4212272","0.18456376","0.32727273","0.24709784","0.05405405","0","0.0920398","0.202429149","Marcell Ozuna","10324","542303","Ozuna, Marcell","542303","2026","29","9.8","0.202","0.324","0.286","0.61","0.275","0.304","0.335","0.385","73.5","36.9","12.8","8.9","29.4","20.3","7.5","4","15.8","-6.6","48.4","36.5","89.2","20.2","7.9","61.3","26.7","80.7","30.5","33.5","28.7","26.3"
"2025","Marcelo Mayer","BOS","136","0.70481928","0.93162393","0.3254902","0.56852792","0.65178571","0.38627451","0.25454545","0.21428571","0.21568627","0.05405405","0","0.07254902","0.228346456","Marcelo Mayer","29668","691785","Mayer, Marcelo","691785","2025","30.1","5.9","0.228","0.402","0.272","0.674","0.29","0.263","0.389","0.348","74","39.8","16.8","12.6","28.9","21.6","7.8","6","7.2","-2.5","43","32","90","6.7","9.2","68.6","29.6","86.8","28.6","48.3","26.4","23"
"2026","Marcelo Mayer","BOS","228","0.76262626","0.90066225","0.23684211","0.61185984","0.72246696","0.4437799","0.19553073","0.34285714","0.21411483","0.05681818","0.2","0.10526316","0.219512195","Marcelo Mayer","29668","691785","Mayer, Marcelo","691785","2026","19.3","7","0.22","0.312","0.282","0.594","0.267","0.259","0.288","0.277","74.6","47.2","12.2","9.1","27.6","20.6","7.9","8","8.4","-6.9","41.8","30.8","86.1","8.8","6.1","73.3","29.2","85.2","26.5","51.8","25","15.2"
"2023","Marcus Semien","TEX","753","0.81781915","0.92520325","0.26866738","0.50830565","0.79575163","0.43015363","0.14564831","0.51219512","0.20114327","0.03571429","0","0.10003573","0.276119402","Marcus Semien","12533","543760","Semien, Marcus","543760","2023","14.6","9.6","0.276","0.478","0.348","0.826","0.354","0.335","0.377","0.351","68.7","4.9","10.1","8.6","37.3","31.7","7.6","8","13.8","-4.5","59.8","33.5","88.4","19.1","6.6","72.9","21.6","88.8","18","34","35.4","23.5"
"2024","Marcus Semien","TEX","718","0.84649776","0.93133803","0.25561905","0.55918728","0.77251185","0.4312381","0.171875","0.43434343","0.21942857","0.05284553","0.07692308","0.09371429","0.236923076","Marcus Semien","12533","543760","Semien, Marcus","543760","2024","14.6","8.9","0.237","0.391","0.308","0.699","0.306","0.32","0.319","0.337","68.3","4.2","12","9.8","37.4","30.6","7.7","27","13.4","-6.8","56.9","32.1","87.4","17","6.6","75.9","25.4","88.3","20.2","39.6","30","22.5"
"2025","Marcus Semien","TEX","534","0.83882784","0.91703057","0.26313253","0.53633218","0.75913978","0.41783133","0.17718941","0.37931034","0.23662651","0.03508772","0","0.08240964","0.229787234","Marcus Semien","12533","543760","Semien, Marcus","543760","2025","17.4","9.4","0.23","0.364","0.305","0.669","0.295","0.318","0.309","0.341","68.5","5.3","12.5","9.9","36.8","29.1","7.7","24","15.7","-3.7","57.1","34.9","88.3","19.4","6.8","75.2","23.5","86.2","22.6","34.5","33.4","23.1"
"2026","Marcus Semien","NYM","353","0.8","0.89788732","0.27286703","0.5310219","0.78694158","0.42121445","0.27874564","0.4","0.22059954","0.04504505","0","0.08531899","0.210526315","Marcus Semien","12533","543760","Semien, Marcus","543760","2026","22.7","7.1","0.211","0.353","0.267","0.62","0.273","0.309","0.317","0.369","68.6","1.8","9.6","7.5","34","26.8","7.8","21","15.1","-3.2","58.3","33.6","86.5","18.6","7.8","71","30.2","85.1","24.1","34.4","30.8","25.5"
"2023","Mark Canha","- - -","507","0.65630397","0.90789474","0.27769784","0.4595843","0.81909548","0.41534772","0.17473684","0.54216867","0.22781775","0.03636364","0.33333333","0.07913669","0.262068965","Mark Canha","11445","592192","Canha, Mark","592192","2023","15.6","9.7","0.262","0.4","0.355","0.755","0.333","0.323","0.339","0.325","67.8","3.2","9.5","8.1","34.6","29.5","7.3","7","12.9","-4","53.4","31.1","87.9","13.1","4.7","59","23.8","88.7","18.3","43.9","25.4","21.8"
"2024","Mark Canha","- - -","462","0.64220183","0.87142857","0.28006166","0.45294118","0.77922078","0.43679342","0.17156863","0.65714286","0.20966084","0.02097902","0.33333333","0.07348407","0.241730279","Mark Canha","11445","592192","Canha, Mark","592192","2024","20.8","11","0.242","0.346","0.344","0.69","0.31","0.293","0.329","0.303","68.4","3.9","10.5","8.3","35.8","28.5","7.2","14","10.8","1.6","60.4","31.7","88.4","9.6","3.3","59.4","23.6","82.9","21.8","49.3","21.9","21.9"
"2025","Mark Canha","KCR","125","0.67142857","0.88297872","0.27667984","0.48695652","0.78571429","0.45454545","0.26041667","0.44","0.18972332","0.025","0","0.07905138","0.21238938","Mark Canha","11445","592192","Canha, Mark","592192","2025","19.2","5.6","0.212","0.265","0.272","0.537","0.244","0.268","0.258","0.291","68.6","6.8","11.9","9.2","35.6","27.7","7.4","7","11.4","-0.9","53.8","32.4","86.6","19.9","2.2","61.2","28.6","84.8","23.7","36.3","25.3","23.1"
"2023","Mark Vientos","NYM","233","0.72444444","0.7791411","0.26564345","0.57660167","0.69082126","0.42384888","0.37894737","0.41666667","0.22432113","0.09589041","0","0.08618654","0.211009174","Mark Vientos","22184","668901","Vientos, Mark","668901","2023","30.5","4.3","0.211","0.367","0.253","0.62","0.267","0.309","0.357","0.422","73.5","39.8","19.9","12.9","35.9","23.2","7.4","9","14.7","1.1","57.6","33.3","92.5","9.5","10.7","70.2","36.4","71.6","36.7","53.7","22.8","16.8"
"2024","Mark Vientos","NYM","454","0.751606","0.8034188","0.26594533","0.5611413","0.66828087","0.4191344","0.26631854","0.37254902","0.21810934","0.05882353","0","0.09681093","0.266343825","Mark Vientos","22184","668901","Vientos, Mark","668901","2024","29.7","7.3","0.266","0.516","0.322","0.838","0.356","0.333","0.483","0.446","71.8","20.6","18.8","12.6","35.4","23.8","7.6","18","15.4","1.5","57.4","32.1","91.2","11.4","14.2","68.5","32.3","75","34.4","44.2","24.4","24.4"
"2025","Mark Vientos","NYM","463","0.74895397","0.81564246","0.27097506","0.59383754","0.71698113","0.4047619","0.28039702","0.3539823","0.22845805","0.1183432","0.05","0.09580499","0.233490566","Mark Vientos","22184","668901","Vientos, Mark","668901","2025","24.8","6.5","0.233","0.413","0.289","0.702","0.303","0.32","0.371","0.395","71.2","14.6","17.9","12.6","38.2","26.7","7.5","25","14.6","1.3","62.2","31.9","91.4","11.5","11.5","70.8","32.9","77.4","32.5","41.5","27.2","24.9"
"2026","Mark Vientos","NYM","254","0.79906542","0.8245614","0.23439211","0.61904762","0.70850202","0.43702081","0.34343434","0.44117647","0.21686747","0.11764706","0","0.11171961","0.210970464","Mark Vientos","22184","668901","Vientos, Mark","668901","2026","24","4.7","0.211","0.388","0.256","0.644","0.28","0.31","0.34","0.383","73.4","28.7","18.8","13.1","33.1","23.1","7.5","12","13.1","0","60.7","31.8","89.5","15.7","10.1","74.5","36.6","79.5","31.5","42.7","31.5","16.9"
"2023","Martín Maldonado","HOU","407","0.69703872","0.80065359","0.27714646","0.55504587","0.67493113","0.41287879","0.27478754","0.34020619","0.22285354","0.07246377","0.1","0.08712121","0.190607734","Martin Maldonado","6887","455117","Maldonado, Martín","455117","2023","34.2","7.4","0.191","0.348","0.258","0.606","0.266","0.269","0.368","0.373","71.7","15.2","11.3","7.4","26.1","17.2","7.7","7","16.5","-4.6","46.6","31.7","88.4","18.1","8.5","65.5","32.8","76.1","34.3","38.7","31.5","20.9"
"2024","Martín Maldonado","CHW","147","0.64497041","0.81651376","0.30395683","0.55042017","0.64122137","0.42805755","0.27826087","0.21875","0.20683453","0.02941176","0","0.06115108","0.118518518","Martin Maldonado","6887","455117","Maldonado, Martín","455117","2024","34.7","5.4","0.119","0.23","0.174","0.404","0.181","0.221","0.237","0.305","70.8","9.8","12","8","30.7","20.4","7.6","4","15.1","-7.7","58.4","30.3","88","20.1","8","64.1","31.8","76.2","36.1","40.2","35.6","11.5"
"2025","Martín Maldonado","SDP","161","0.52906977","0.84615385","0.30228471","0.51587302","0.53846154","0.44288225","0.28431373","0.34482759","0.17926186","0.02325581","0","0.07557118","0.204081632","Martin Maldonado","6887","455117","Maldonado, Martín","455117","2025","35.4","5","0.204","0.327","0.245","0.572","0.251","0.251","0.37","0.371","71.2","14.9","15.4","9.3","38.5","23.3","7.6","8","15","-7.6","53.2","31.8","86","16.1","9.4","56.6","31.8","72.7","38.4","42.7","24","19.8"
"2023","Masataka Yoshida","BOS","580","0.63826607","0.91569087","0.30450614","0.4606383","0.81293303","0.42785617","0.19203747","0.56097561","0.19435594","0.0621118","0.2","0.07328175","0.288640595","Masataka Yoshida","31837","807799","Yoshida, Masataka","807799","2023","14","5.9","0.289","0.445","0.338","0.783","0.339","0.325","0.366","0.349","71.4","19.7","13.7","11.4","39.8","33.2","7.4","5","5.9","0.6","39.8","31","89","3.9","6.6","58.6","27.4","86.5","18.3","55","19.4","21.4"
"2024","Masataka Yoshida","BOS","421","0.67590618","0.94321767","0.29441306","0.51145038","0.88059701","0.41117389","0.19886364","0.5","0.22096673","0.01709402","0","0.07344633","0.28042328","Masataka Yoshida","31837","807799","Yoshida, Masataka","807799","2024","12.4","6.4","0.28","0.415","0.349","0.764","0.336","0.327","0.344","0.332","70.9","15.1","13.2","11.6","33.8","29.8","7.3","4","6.7","0.9","44.3","33","88","10.5","5.5","64.8","25.3","91.3","14.6","43.9","24.4","26.2"
"2025","Masataka Yoshida","BOS","205","0.64516129","0.94285714","0.3034965","0.48355263","0.84353741","0.42517483","0.19727891","0.51724138","0.20559441","0.04255319","0","0.06573427","0.265957446","Masataka Yoshida","31837","807799","Yoshida, Masataka","807799","2025","11.7","4.9","0.266","0.388","0.307","0.695","0.302","0.314","0.314","0.329","71.9","21.4","20.1","17.5","46.6","40.7","7.4","4","9.9","-1.6","51.7","32.8","90.2","5.7","6.6","58.5","27.3","92.2","15.4","56","16.7","22"
"2026","Masataka Yoshida","BOS","238","0.57399103","0.9609375","0.26204465","0.51622419","0.84571429","0.39835488","0.2705314","0.73214286","0.24324324","0.02439024","0.5","0.09635723","0.260663507","Masataka Yoshida","31837","807799","Yoshida, Masataka","807799","2026","10.5","9.7","0.261","0.379","0.34","0.719","0.322","0.323","0.312","0.313","71.4","15.3","15.5","13.2","42.8","36.5","7.1","0","8.3","-1","50.2","32.7","88.6","9.6","2.7","57.6","28.5","90.2","15.5","49.2","23.5","22.5"
"2023","Masyn Winn","STL","137","0.65217391","0.86666667","0.30093458","0.4254386","0.83505155","0.42616822","0.22522523","0.6","0.20747664","0.05714286","0","0.06542056","0.172131147","Masyn Winn","27479","691026","Winn, Masyn","691026","2023","19","7.3","0.172","0.238","0.23","0.468","0.211","0.252","0.217","0.274","68.7","5.1","10.8","8.7","35","28.1","7.3","2","6.4","0.2","40.4","31.1","86","12.8","2","59.7","25","82.2","21.6","47.5","24.8","16.8"
"2024","Masyn Winn","STL","637","0.68378378","0.92094862","0.28985507","0.49768733","0.81784387","0.42342342","0.24064171","0.6","0.21974148","0.06432749","0.27272727","0.06698002","0.267461669","Masyn Winn","27479","691026","Winn, Masyn","691026","2024","17.1","6.4","0.267","0.416","0.314","0.73","0.315","0.296","0.355","0.33","70.2","11.4","11.9","9.8","32.2","26.5","7.3","14","4.5","-1.6","39.3","28.4","87","13.2","3.7","62.7","30.5","87.1","19","41.2","24.3","26.5"
"2025","Masyn Winn","STL","537","0.67571644","0.89508929","0.29388298","0.46741344","0.8671024","0.43528369","0.21854305","0.52525253","0.20079787","0.0443038","0.14285714","0.07003546","0.252545824","Masyn Winn","27479","691026","Winn, Masyn","691026","2025","19","6.3","0.253","0.363","0.31","0.673","0.297","0.286","0.332","0.317","71.1","17.1","12.3","10","31.6","25.7","7.5","9","5.4","-3.6","43.1","29.1","88.3","16","4.8","62.3","25.9","85.8","19.6","39.2","24.4","25.4"
"2026","Masyn Winn","STL","409","0.65437788","0.8943662","0.27381703","0.4811463","0.80877743","0.41829653","0.19263456","0.42647059","0.22271293","0.05925926","0.125","0.0851735","0.240997229","Masyn Winn","27479","691026","Winn, Masyn","691026","2026","19.8","8.6","0.241","0.321","0.315","0.636","0.288","0.3","0.308","0.326","71.1","14.4","14.2","11.1","35.2","27.7","7.3","7","5.1","-0.9","40.6","28.2","88.1","12.2","3.2","60.8","25.1","85.7","22.7","43.7","19.9","27.3"
"2023","Matt Carpenter","SDP","237","0.68560606","0.87845304","0.26035503","0.42022472","0.70588235","0.43885602","0.15525114","0.23529412","0.21597633","0.05813953","0","0.08481262","0.175531914","Matt Carpenter","8090","572761","Carpenter, Matt","572761","2023","28.3","17.3","0.176","0.319","0.322","0.641","0.293","0.308","0.31","0.339","69.1","7.3","7.1","5.5","19","14.5","8.1","0","17.4","-4.9","45.8","37.2","87","24.4","11.2","60.7","21.2","82.3","28.3","27.8","40.5","19"
"2024","Matt Carpenter","STL","157","0.7173913","0.89393939","0.2754491","0.42033898","0.65322581","0.44161677","0.17142857","0.375","0.20958084","0.04081633","0","0.07335329","0.233576642","Matt Carpenter","8090","572761","Carpenter, Matt","572761","2024","32.5","9.6","0.234","0.372","0.314","0.686","0.303","0.29","0.403","0.382","69.3","3.5","8.3","6.1","27.2","19.9","8.1","4","16.2","-4.1","56.7","37.6","85.8","24.2","7","62.2","20.3","80.8","28.9","28.4","35.2","27.3"
"2023","Matt Chapman","TOR","581","0.77352941","0.79087452","0.27743778","0.44221585","0.71490281","0.42717258","0.12952381","0.39705882","0.21419829","0.02512563","0","0.08119135","0.239685658","Matt Chapman","16505","656305","Chapman, Matt","656305","2023","28.4","10.7","0.24","0.424","0.33","0.754","0.328","0.336","0.411","0.424","75.5","56.4","16.7","11.6","30.8","21.4","7.6","1","8.8","-2.8","62","27.5","93.4","18.5","17.2","66.6","18.9","72.9","31.1","35","30.6","23.1"
"2024","Matt Chapman","SFG","647","0.6875","0.85686654","0.2780037","0.49615056","0.79655172","0.43216266","0.17825312","0.47","0.20739372","0.04035874","0.33333333","0.08243993","0.246956521","Matt Chapman","16505","656305","Chapman, Matt","656305","2024","24.4","9.9","0.247","0.463","0.328","0.791","0.34","0.342","0.412","0.416","76.6","63.9","18.5","14.2","28.3","21.6","7.4","21","6.1","-2.8","50.9","26.5","93.2","16.2","12.7","63.4","24.3","81.1","23.5","38.4","28.4","23.2"
"2025","Matt Chapman","SFG","535","0.7073955","0.85909091","0.2817029","0.44491525","0.75","0.42753623","0.15044248","0.45588235","0.20471014","0.04210526","0","0.08605072","0.231277533","Matt Chapman","16505","656305","Chapman, Matt","656305","2025","23.6","13.3","0.231","0.43","0.34","0.77","0.336","0.34","0.382","0.388","74.9","50.7","18.1","13.8","30.2","23","7.5","20","5.5","-3.6","53","25.4","92.2","15.7","9.9","63.8","20.1","80.7","25.3","40.4","24.7","22.3"
"2026","Matt Chapman","SFG","352","0.69587629","0.85555556","0.27343199","0.50341297","0.80677966","0.41296688","0.18960245","0.4516129","0.23044397","0.03389831","0.25","0.08315715","0.234527687","Matt Chapman","16505","656305","Chapman, Matt","656305","2026","23","10.5","0.235","0.368","0.324","0.692","0.308","0.286","0.347","0.313","76.1","61.1","13.3","10.3","22","17","7.4","11","3.6","-1.7","43","25.7","88.2","11.3","6.6","62.9","26.4","84.6","23.1","45.4","20.5","21.8"
"2023","Matt Duffy","KCR","209","0.68918919","0.89542484","0.296","0.50755287","0.7797619","0.44133333","0.23972603","0.42857143","0.19466667","0.09803922","0","0.068","0.2513089","Matt Duffy","13836","622110","Duffy, Matt","622110","2023","18.7","5.7","0.251","0.325","0.306","0.631","0.281","0.298","0.308","0.331","67.5","0.8","9.4","7.6","40.6","32.6","6.7","6","6.4","-2.2","33.6","36","86.4","8.8","2.6","64.8","28.9","84.2","23","50.6","19.5","26"
"2023","Matt McLain","CIN","403","0.60341151","0.87985866","0.28050239","0.47813822","0.69321534","0.42404306","0.20266667","0.5","0.2242823","0.00840336","0","0.07117225","0.290410958","Matt McLain","29695","680574","McLain, Matt","680574","2023","28.5","7.7","0.29","0.507","0.357","0.864","0.37","0.332","0.49","0.429","70.3","9.7","19","12.9","39.3","26.6","7","3","13.6","0.1","52.1","33.6","89.3","13.8","10.8","57.8","25.4","80.2","28","40","26.4","27.2"
"2025","Matt McLain","CIN","577","0.63165906","0.8939759","0.27791878","0.4731286","0.69979716","0.44077834","0.20240481","0.33663366","0.21108291","0.04216867","0.14285714","0.07021997","0.219607843","Matt McLain","29695","680574","McLain, Matt","680574","2025","28.9","9.5","0.22","0.343","0.3","0.643","0.286","0.29","0.354","0.361","69.6","5.2","12.9","9.4","33.2","24.2","6.8","30","11.4","0.3","56.6","32.1","88.8","16.3","7.8","59.9","26.3","80.2","28.5","39.7","30","21.4"
"2026","Matt McLain","CIN","309","0.67515924","0.87735849","0.25507717","0.48818898","0.72580645","0.41267262","0.20512821","0.46428571","0.22177092","0.05147059","0.14285714","0.11047929","0.190298507","Matt McLain","29695","680574","McLain, Matt","680574","2026","26.9","11.7","0.19","0.328","0.293","0.621","0.282","0.317","0.321","0.379","71.7","12.9","14.5","10.8","34.5","25.6","6.9","12","11","0","57.5","30.7","88.8","20.3","9.2","61.8","25.3","82","27.4","34.8","33.7","21.4"
"2025","Matt Mervis","MIA","134","0.81756757","0.69421488","0.2761194","0.60538117","0.68148148","0.41604478","0.27731092","0.36363636","0.22201493","0.08695652","0","0.0858209","0.175","Matt Mervis","27845","670223","Mervis, Matt","670223","2025","37.3","8.2","0.175","0.383","0.254","0.637","0.274","0.223","0.396","0.3","73.6","36.6","13","8","26.5","16.4","8.3","6","18.7","-11.2","49.4","33.8","88.3","22.3","8.5","74.2","35.3","68.2","39.9","36.6","35.2","14.1"
"2023","Matt Olson","ATL","720","0.77747989","0.7862069","0.24126779","0.54385965","0.77279102","0.42399741","0.18817204","0.50714286","0.24062096","0.05154639","0.13333333","0.09411384","0.282894736","Matt Olson","14344","621566","Olson, Matt","621566","2023","23.2","14.4","0.283","0.604","0.389","0.993","0.413","0.395","0.504","0.476","74.8","49","17.5","13.5","29.8","22.9","7.3","7","8.2","-0.6","47.8","35.5","93.7","16.1","16.4","71.6","26.1","75.5","28.4","38.7","34.4","20.9"
"2024","Matt Olson","ATL","685","0.79810298","0.82852292","0.25042416","0.55748031","0.76271186","0.43094673","0.22222222","0.57142857","0.23515439","0.05284553","0.30769231","0.08347472","0.246666666","Matt Olson","14344","621566","Olson, Matt","621566","2024","24.8","10.4","0.247","0.457","0.333","0.79","0.339","0.342","0.411","0.415","73.8","38.6","15.1","11.1","26.4","19.4","7.4","11","8.3","-1.5","44.2","34.1","91.5","16.1","12.5","72.4","28.8","78","26.3","35.9","30.3","26"
"2025","Matt Olson","ATL","724","0.72546729","0.80676329","0.27071474","0.49314079","0.75841874","0.43801392","0.18222892","0.54545455","0.20999367","0.0233463","0.16666667","0.08127767","0.272435897","Matt Olson","14344","621566","Olson, Matt","621566","2025","24.3","12.6","0.272","0.484","0.366","0.85","0.366","0.36","0.442","0.432","73.9","41.1","18.4","13.8","29.5","22.1","7.5","21","8.8","1.2","48","33.9","93.3","14.8","14.4","66.6","24.9","78.2","26.2","39.7","28.3","24.7"
"2026","Matt Olson","ATL","475","0.71923077","0.86631016","0.25922233","0.4924154","0.80094787","0.42721834","0.20620843","0.53763441","0.22482552","0.07865169","0.21428571","0.0887338","0.263657957","Matt Olson","14344","621566","Olson, Matt","621566","2026","24.8","10.3","0.264","0.525","0.341","0.866","0.369","0.357","0.459","0.441","74.9","50.7","19","14.7","29.9","23.1","7.6","18","10.1","-2.4","51","33.7","92.7","18.2","14.4","64.3","26.9","80.3","25.1","37.3","34","19.9"
"2025","Matt Shaw","CHC","437","0.65544554","0.87613293","0.29360465","0.51747312","0.81558442","0.43255814","0.25698324","0.56521739","0.20813953","0.08849558","0.3","0.06569767","0.226463104","Matt Shaw","33322","807713","Shaw, Matt","807713","2025","21.5","8.7","0.226","0.394","0.295","0.689","0.3","0.302","0.341","0.344","69.6","11.5","10.2","8.1","28.2","22.5","7","18","11.1","-1.8","64.9","26.7","84.9","13.4","7","63.4","30.7","83.4","22.5","39.6","25.7","25.4"
"2026","Matt Shaw","CHC","147","0.61904762","0.87912088","0.24540902","0.53731343","0.86111111","0.44741235","0.35","0.66666667","0.20033389","0.078125","0","0.10684474","0.246153846","Matt Shaw","33322","807713","Shaw, Matt","807713","2026","18.4","8.2","0.246","0.415","0.322","0.737","0.324","0.301","0.353","0.321","69","7.3","9.9","8.1","32","26.3","7","3","10","1.5","64.9","28.7","86.8","14.8","4.8","60.6","35.6","87.2","19.7","41.9","23.8","24.8"
"2023","Matt Thaiss","LAA","307","0.80606061","0.77443609","0.26591459","0.49174312","0.67164179","0.43916197","0.11610487","0.35483871","0.21514907","0.03030303","0","0.07977438","0.213740458","Matt Thaiss","19318","642136","Thaiss, Matt","642136","2023","27","11.7","0.214","0.34","0.319","0.659","0.295","0.332","0.339","0.4","73.2","37.3","11.9","7.6","28.8","18.4","7.9","5","11.7","1.4","58.9","30.3","88.5","9.2","10.4","72.6","18.9","70.5","34.2","42.9","27.5","24.2"
"2024","Matt Thaiss","LAA","186","0.83333333","0.75151515","0.26259947","0.42485549","0.53061224","0.45888594","0.13690476","0.39130435","0.22281167","0.02380952","0","0.05570292","0.203821656","Matt Thaiss","19318","642136","Thaiss, Matt","642136","2024","31.2","15.1","0.204","0.299","0.323","0.622","0.286","0.295","0.339","0.355","72.4","23.4","14.3","9","29.7","18.6","7.7","9","10.5","3.4","58.7","31.3","86.6","12.9","8","68.3","22","65.4","39.6","40","28","23"
"2025","Matt Thaiss","- - -","190","0.84186047","0.82872928","0.27994792","0.48991354","0.70588235","0.45182292","0.11585366","0.31578947","0.21354167","0","null","0.0546875","0.217948717","Matt Thaiss","19318","642136","Thaiss, Matt","642136","2025","24.2","15.3","0.218","0.288","0.349","0.637","0.298","0.294","0.307","0.3","72.2","23","12.9","9.4","26.6","19.3","7.5","9","7","0.9","52.4","27.7","88.9","14.3","4.5","74","20.7","75.4","28.9","43.8","24.1","24.1"
"2023","Matt Vierling","DET","530","0.6446281","0.89230769","0.28537736","0.48729282","0.86848073","0.42688679","0.2255814","0.50515464","0.20283019","0.03888889","0","0.08490566","0.260960334","Matt Vierling","21558","663837","Vierling, Matt","663837","2023","21.1","8.3","0.261","0.388","0.329","0.717","0.315","0.322","0.36","0.371","71.3","12.6","16.3","13.1","29.1","23.4","7.5","5","4.5","1.5","41.3","30.3","89.1","9.1","4.7","59","28.7","86.9","19.4","49.1","20.3","23.8"
"2024","Matt Vierling","DET","567","0.66973886","0.91972477","0.28515112","0.47758081","0.79475983","0.42006132","0.15537849","0.5","0.21988611","0.02339181","0.25","0.07490145","0.256756756","Matt Vierling","21558","663837","Vierling, Matt","663837","2024","21.3","7.2","0.257","0.423","0.312","0.735","0.317","0.312","0.373","0.366","71.1","11.7","15.5","12.6","35.9","29.1","7.4","7","6.5","0.9","50.6","29.6","89.8","11.7","7.5","62.1","22","87.2","19.5","42","23.6","26.4"
"2025","Matt Vierling","DET","100","0.73880597","0.92929293","0.30733945","0.41111111","0.86486486","0.41284404","0.21590909","0.47368421","0.20183486","0.08823529","0","0.07798165","0.238636363","Matt Vierling","21558","663837","Vierling, Matt","663837","2025","24","7","0.239","0.307","0.31","0.617","0.278","0.338","0.315","0.406","71.7","11","15.6","13.4","32.7","27.9","7.4","2","6.8","1.8","40.8","31.5","92.2","20.4","12.1","61.5","25.2","89.6","18.5","33.3","42.4","19.7"
"2026","Matt Vierling","DET","291","0.67434211","0.93170732","0.27864345","0.52801724","0.83673469","0.42529789","0.25416667","0.6557377","0.21998167","0.13253012","0.09090909","0.07607699","0.206766917","Matt Vierling","21558","663837","Vierling, Matt","663837","2026","16.8","6.5","0.207","0.335","0.255","0.59","0.258","0.304","0.277","0.337","70.9","7.6","13.4","11","35.7","29.3","7.4","2","8.8","-1.4","58.1","31.4","87.9","17.4","5","63.4","32.4","89.2","18.2","37.2","28.3","23.3"
"2023","Matt Wallner","MIN","254","0.82022472","0.74429224","0.25550239","0.49115044","0.67567568","0.43253589","0.2","0.35416667","0.22966507","0.03488372","0","0.08229665","0.248826291","Matt Wallner","26466","670242","Wallner, Matt","670242","2023","31.5","11","0.249","0.507","0.37","0.877","0.377","0.375","0.505","0.501","77.3","75.3","17.2","11.3","25","16.5","7.5","11","13.3","-1.1","49.3","34.2","91.9","21","18.8","69.8","26.9","68.6","36.3","31.6","33.8","21.8"
"2024","Matt Wallner","MIN","261","0.81954887","0.72477064","0.25825243","0.52183908","0.61674009","0.4223301","0.18025751","0.35714286","0.22621359","0.05208333","0.2","0.09320388","0.259090909","Matt Wallner","26466","670242","Wallner, Matt","670242","2024","36.4","9.2","0.259","0.523","0.372","0.895","0.385","0.359","0.575","0.522","77.3","73.3","18.4","11.8","24","15.4","7.3","15","11.8","-3.1","47.8","32.2","92.8","21.6","17.5","71.8","25.9","68.8","38.4","31","34.1","23"
"2025","Matt Wallner","MIN","392","0.82819383","0.77659574","0.29196141","0.49404762","0.62650602","0.43215434","0.22712934","0.33333333","0.20385852","0.04464286","0","0.07202572","0.202380952","Matt Wallner","26466","670242","Wallner, Matt","670242","2025","29.1","11.7","0.202","0.464","0.311","0.775","0.334","0.325","0.417","0.401","76.6","68.4","16.9","11","25.2","16.3","7.4","21","12.4","-6","56.2","28.3","91","21.1","13.9","72","28.4","72.1","35.5","34.4","33.5","18.8"
"2026","Matt Wallner","MIN","135","0.72058824","0.83673469","0.24199288","0.65714286","0.53416149","0.43594306","0.19354839","0.20833333","0.22064057","0.1754386","0","0.10142349","0.166666666","Matt Wallner","26466","670242","Wallner, Matt","670242","2026","39.3","7.4","0.167","0.292","0.259","0.551","0.253","0.281","0.351","0.408","75.2","56.8","12.7","7.6","22.3","13.3","7.5","15","10.9","-4.8","57.1","27.8","88.4","8.1","10.4","74.2","31.6","68.2","44","50.7","20.9","23.9"
"2023","Matthew Batten","SDP","139","0.55555556","0.89333333","0.24680073","0.44537815","0.77358491","0.43510055","0.234375","0.56666667","0.23400366","0.10869565","0.6","0.08409506","0.258333333","Matthew Batten","20157","676946","Batten, Matthew","676946","2023","21.6","12.2","0.258","0.358","0.355","0.713","0.321","0.27","0.353","0.274","68.7","5","7.4","5.6","35.3","26.7","7","4","2.2","-1.9","38.5","22.8","85","15","1.1","51","30.7","78.1","27.4","41.8","22","25.3"
"2023","Mauricio Dubón","HOU","492","0.78858351","0.90348525","0.28306403","0.65248227","0.83695652","0.42190305","0.38023952","0.71653543","0.19988031","0.06289308","0.2","0.0951526","0.278372591","Mauricio Dubon","16530","643289","Dubón, Mauricio","643289","2023","14.2","3.9","0.278","0.411","0.309","0.72","0.311","0.303","0.343","0.334","69.8","12.1","10.2","8.4","34.4","28.2","7.6","4","4.6","2.5","44","33.1","87","9.5","4.5","76.1","40.8","85.9","17.7","45.5","22.5","27.8"
"2024","Mauricio Dubón","HOU","428","0.84422111","0.88095238","0.27391604","0.6625","0.83490566","0.440468","0.32989691","0.72916667","0.20027529","0.10483871","0.30769231","0.08534067","0.268656716","Mauricio Dubon","16530","643289","Dubón, Mauricio","643289","2024","12.9","3.7","0.269","0.361","0.296","0.657","0.286","0.276","0.31","0.297","69.4","6.6","6.8","5.6","33.2","27.4","7.6","14","5.1","1.8","43.3","31","86.1","14.6","2.8","79.4","41.3","84","18.8","43.9","23.9","23.9"
"2025","Mauricio Dubón","HOU","398","0.7460733","0.91578947","0.28380386","0.6010929","0.88181818","0.40787519","0.31683168","0.65625","0.22511144","0.08928571","0.1","0.08320951","0.241192411","Mauricio Dubon","16530","643289","Dubón, Mauricio","643289","2025","10.6","6","0.241","0.355","0.289","0.644","0.283","0.278","0.288","0.282","68.1","2.7","7.8","6.7","32.8","28.2","7.4","10","5.5","1","45.8","29.8","84.5","13.1","1.2","72.5","35.2","90.3","15.8","42.6","26","20.5"
"2026","Mauricio Dubón","ATL","427","0.75064267","0.91780822","0.25177994","0.60615883","0.89037433","0.39935275","0.35828877","0.64925373","0.2420712","0.0969697","0.375","0.10679612","0.259541984","Mauricio Dubon","16530","643289","Dubón, Mauricio","643289","2026","13.6","6.3","0.26","0.399","0.31","0.709","0.311","0.31","0.331","0.33","69","3.4","7.9","6.8","32.8","28","7.6","11","4.1","0.9","38.3","30.6","86.6","15.3","4.5","71.3","37.5","89.9","16.4","40.9","24","26.1"
"2023","Max Kepler","MIN","491","0.77935223","0.92467532","0.25675676","0.5125448","0.7995338","0.43503119","0.2184466","0.46666667","0.21413721","0.04972376","0","0.09407484","0.260273972","Max Kepler","12144","596146","Kepler, Max","596146","2023","21.6","9.2","0.26","0.484","0.332","0.816","0.348","0.362","0.407","0.427","72.2","22.6","15.9","13.3","32.9","27.5","7.5","7","7.1","-6","48.4","30.6","91.9","14.7","12.2","70.4","24.8","88.1","19.8","37.5","31","25.6"
"2024","Max Kepler","MIN","399","0.81891892","0.92739274","0.24699599","0.59165425","0.75566751","0.44793057","0.22543353","0.38461538","0.23097463","0.03603604","0","0.0740988","0.252717391","Max Kepler","12144","596146","Kepler, Max","596146","2024","20.1","5.5","0.253","0.38","0.302","0.682","0.298","0.302","0.343","0.349","71.3","19.3","13.6","10.6","32.8","25.5","7.5","15","7","-8.8","43.9","31","88.9","16.8","6.2","74.6","30.4","84.8","24.4","35.1","31.3","25.8"
"2025","Max Kepler","PHI","474","0.765286","0.92525773","0.27765608","0.52219321","0.77","0.41949617","0.1891253","0.225","0.23165389","0.07692308","0","0.07119387","0.215827338","Max Kepler","12144","596146","Kepler, Max","596146","2025","19.6","10.1","0.216","0.391","0.3","0.691","0.3","0.332","0.327","0.372","71.3","16","16.7","13.3","36.7","29.1","7.4","27","7.8","-7","44.5","31.8","90.8","16.3","11.6","70.1","26.7","86.9","23.5","36.2","32.8","23.7"
"2023","Max Muncy","LAD","579","0.64119601","0.83419689","0.24225352","0.45825427","0.71014493","0.42414487","0.17345133","0.35714286","0.22736419","0.03409091","0.11111111","0.10623742","0.211618257","Max Muncy","13301","571970","Muncy, Max","571970","2023","26.4","14.7","0.212","0.475","0.333","0.808","0.344","0.362","0.41","0.441","71.2","14.8","15","11.1","34.3","25.4","7.1","4","15.8","-4.5","49.1","33.5","91.2","21.7","14.6","57.3","23.6","79.2","29.6","33.4","38.5","18.5"
"2024","Max Muncy","LAD","293","0.69055375","0.85377358","0.25413907","0.48170732","0.64135021","0.40728477","0.13402062","0.35897436","0.24089404","0.02542373","0","0.09768212","0.23206751","Max Muncy","13301","571970","Muncy, Max","571970","2024","26.3","15.4","0.232","0.494","0.358","0.852","0.362","0.353","0.436","0.421","71.2","14.6","14.1","9.9","33.1","23.1","7.2","4","17.5","-3.9","44.8","35","90.2","26.6","10.9","63.8","20.2","76.2","31","25.3","43.4","19.9"
"2025","Max Muncy","LAD","388","0.71078431","0.86206897","0.24727273","0.4931694","0.75069252","0.44363636","0.11716621","0.53488372","0.22242424","0.03496503","0","0.08666667","0.242811501","Max Muncy","13301","571970","Muncy, Max","571970","2025","21.4","16.5","0.243","0.47","0.376","0.846","0.366","0.374","0.4","0.414","71.1","14.2","17","13.1","33.1","25.5","7","12","17.8","-4.8","49.4","34.7","91.3","19.6","13.6","65.5","19.9","82.9","23.5","31.5","40.9","23"
"2025","Max Muncy","ATH","220","0.72016461","0.90285714","0.29490291","0.52824859","0.60427807","0.42961165","0.25595238","0.41860465","0.2038835","0.11864407","0","0.07160194","0.213592233","Max Muncy","29779","691777","Muncy, Max","691777","2025","30.9","4.5","0.214","0.379","0.259","0.638","0.277","0.267","0.373","0.357","73.1","34.2","12.2","8.5","27.5","19.2","7.3","13","9.3","-5.6","48.9","31.2","87.1","9.3","10.1","68.2","31.1","80.3","32.6","45.3","22.3","22.3"
"2026","Max Muncy","LAD","376","0.70933333","0.87969925","0.25218561","0.52327448","0.71779141","0.41896436","0.19287834","0.49230769","0.2266308","0.02631579","0","0.10221923","0.25609756","Max Muncy","13301","571970","Muncy, Max","571970","2026","23.7","12","0.256","0.503","0.351","0.854","0.368","0.358","0.441","0.426","71.5","14.3","16.3","11.9","35.2","25.6","7","10","16.3","-6.4","52.1","33.8","90.3","15.9","13.8","64.3","25.3","82","27.5","40.6","32.6","20.5"
"2026","Max Muncy","ATH","178","0.73619632","0.84166667","0.22829132","0.575","0.73913043","0.44817927","0.3164557","0.22","0.22128852","0.09589041","0","0.1022409","0.222929936","Max Muncy","29779","691777","Muncy, Max","691777","2026","34.3","7.9","0.223","0.389","0.298","0.687","0.301","0.29","0.413","0.394","74.4","49.7","16.3","11","26","17.6","7.6","10","9.9","-5.5","53.2","31.3","90.8","13.3","11.1","68.5","34.5","79.2","33.5","46.5","24.2","20.2"
"2024","Max Schuemann","OAK","459","0.67673179","0.86351706","0.30681199","0.43513514","0.63975155","0.40326975","0.1475","0.50847458","0.21798365","0.03030303","0","0.0719346","0.219696969","Max Schuemann","24488","680474","Schuemann, Max","680474","2024","25.9","10.2","0.22","0.308","0.311","0.619","0.281","0.3","0.321","0.352","68.3","2.1","8.8","6.4","38.5","28.3","6.7","15","12.1","0.7","60.6","32.3","89","16.6","5.6","62.7","21.7","78.8","28.5","37.4","31.1","23.8"
"2025","Max Schuemann","ATH","213","0.76131687","0.85945946","0.28997613","0.49008499","0.70520231","0.42124105","0.09289617","0.41176471","0.21837709","0.01694915","0","0.07040573","0.196721311","Max Schuemann","24488","680474","Schuemann, Max","680474","2025","16.4","10.3","0.197","0.273","0.295","0.568","0.262","0.297","0.248","0.298","68.6","2.8","10.6","8","37.1","28.2","6.8","7","8.1","3","53.8","30.5","87.3","12.4","2.6","69.5","19","83","24.4","45.4","23.7","23.7"
"2023","Michael A. Taylor","MIN","388","0.74515235","0.82527881","0.23656619","0.53529412","0.67582418","0.44560944","0.24566474","0.34117647","0.22673657","0.10791367","0.06666667","0.09108781","0.219718309","Michael A. Taylor","11489","572191","Taylor, Michael A.","572191","2023","33.5","6.7","0.22","0.442","0.278","0.72","0.308","0.309","0.434","0.436","74","44","15.8","11.6","22","16.2","7.3","7","13.8","-0.2","47.6","32.7","88.1","13.4","13.5","68.7","31.4","76.1","34.1","45","28.8","20.5"
"2024","Michael A. Taylor","PIT","300","0.75077882","0.77593361","0.26705491","0.52102377","0.58596491","0.45507488","0.20472441","0.23076923","0.21131448","0.075","0","0.06655574","0.19330855","Michael A. Taylor","11489","572191","Taylor, Michael A.","572191","2024","35","7.7","0.193","0.29","0.253","0.543","0.242","0.27","0.332","0.381","73.9","40.6","14.7","9.2","28.3","17.7","7.2","20","14.2","0.5","47.5","31.4","89.3","13.7","11.7","68","30.4","72.9","39.2","45.3","25.6","23.3"
"2025","Michael A. Taylor","CHW","325","0.77688172","0.78892734","0.29360695","0.49637681","0.5729927","0.43567482","0.232","0.24137931","0.1973165","0.08602151","0","0.07340174","0.2","Michael A. Taylor","11489","572191","Taylor, Michael A.","572191","2025","33.8","7.1","0.2","0.366","0.259","0.625","0.27","0.271","0.377","0.379","72.3","26.6","17.1","10.7","32.8","20.6","7.1","29","14.1","0.7","52.7","31.2","90.8","17.9","10.5","70.7","30.6","72.6","37.7","37.7","31.9","22"
"2024","Michael Busch","CHC","567","0.7733564","0.86800895","0.24439746","0.49344569","0.70777989","0.45158562","0.16190476","0.35294118","0.22198732","0.0257732","0.2","0.0820296","0.24798387","Michael Busch","26319","683737","Busch, Michael","683737","2024","28.6","11.1","0.248","0.44","0.335","0.775","0.336","0.324","0.428","0.408","70.2","11.2","13.2","9.5","35","25.1","7.3","18","15.6","1","43.7","37.8","89.9","17.2","11.3","68.6","23.4","80","28.4","38.8","32","22.8"
"2025","Michael Busch","CHC","592","0.73748103","0.89917695","0.28356282","0.51375246","0.70936902","0.43803787","0.15157895","0.26388889","0.20438898","0.01162791","0","0.07401033","0.261450381","Michael Busch","26319","683737","Busch, Michael","683737","2025","23.5","9.5","0.261","0.523","0.343","0.866","0.369","0.378","0.447","0.461","69.6","6.9","18.5","14","39.2","29.6","7","18","16.3","-1.1","50.5","36.7","92.2","17","17.1","68.8","23","84","25.1","36.2","37","23.5"
"2026","Michael Busch","CHC","483","0.69529652","0.9","0.2564237","0.48536585","0.72110553","0.42999476","0.18439716","0.37179487","0.22181437","0.01714286","0","0.09176717","0.240694789","Michael Busch","26319","683737","Busch, Michael","683737","2026","23.2","13.7","0.241","0.392","0.358","0.75","0.336","0.336","0.37","0.371","68.3","4.4","13.5","10.2","38.3","29","7","18","15.6","-2.7","50","34","88.4","14.6","9.8","64.1","25","84.7","25.4","40.3","34.6","21.4"
"2023","Michael Conforto","SFG","470","0.73319756","0.91666667","0.25842105","0.5202952","0.72576832","0.42789474","0.16859122","0.34246575","0.22789474","0.03067485","0.4","0.08578947","0.238916256","Michael Conforto","16376","624424","Conforto, Michael","624424","2023","22.6","11.3","0.239","0.384","0.334","0.718","0.315","0.33","0.354","0.378","73","30.1","12.3","9.6","31.6","24.6","7.2","2","11.8","-0.9","56.9","31.3","88.9","11.9","7.9","69.1","24.3","82.6","24.9","44.7","27.3","22.4"
"2024","Michael Conforto","SFG","488","0.68208092","0.88700565","0.26439124","0.52694611","0.74772727","0.42536933","0.17045455","0.45333333","0.22414671","0.06508876","0.09090909","0.08609272","0.237442922","Michael Conforto","16376","624424","Conforto, Michael","624424","2024","24.2","8.6","0.237","0.45","0.309","0.759","0.327","0.353","0.394","0.434","74","42.5","17.3","13.3","32.8","25.2","7.4","5","12.3","-0.3","53.7","32","90.2","14.8","11.9","65.4","24.6","81.9","25.2","41.5","29.1","20.4"
"2025","Michael Conforto","LAD","486","0.74021352","0.86778846","0.27428014","0.47932961","0.75291375","0.43679844","0.17312073","0.36842105","0.21425085","0.01960784","0","0.07467057","0.198564593","Michael Conforto","16376","624424","Conforto, Michael","624424","2025","24.9","11.5","0.199","0.333","0.305","0.638","0.287","0.33","0.315","0.383","73.9","42.4","14.1","10.8","27.4","21.1","7.3","7","10.1","1.3","47.4","32","89.9","12.9","9.7","66.2","23.3","82","24.9","42","30","22.3"
"2026","Michael Conforto","CHC","186","0.71204188","0.91911765","0.26200274","0.46511628","0.72142857","0.41289438","0.22891566","0.31578947","0.22770919","0.07042254","0","0.09739369","0.242236024","Michael Conforto","16376","624424","Conforto, Michael","624424","2026","28.5","12.4","0.242","0.478","0.339","0.817","0.352","0.334","0.451","0.42","72.4","28.9","14.2","10.3","31","22.3","7.2","6","11.5","-5.3","52.1","31","91.8","19.3","11.9","61.3","27.5","83","29.4","33","38.5","24.8"
"2023","Michael Harris II","ATL","539","0.72115385","0.872","0.26612078","0.57718894","0.78842315","0.44421699","0.33819951","0.55395683","0.21033777","0.09677419","0.13333333","0.07932446","0.293069306","Michael Harris II","25931","671739","Harris II, Michael","671739","2023","18.7","4.6","0.293","0.477","0.331","0.808","0.345","0.356","0.405","0.421","73.6","33.5","22.8","17.8","34.5","27","7.9","5","5.3","0.9","44.1","29.4","90.9","7.6","10","68.1","38.1","82.3","24.4","48","17.4","28.2"
"2024","Michael Harris II","ATL","470","0.74501109","0.85416667","0.26765579","0.60561497","0.78587196","0.44391691","0.34670487","0.51239669","0.20712166","0.10948905","0.13333333","0.08130564","0.263636363","Michael Harris II","25931","671739","Harris II, Michael","671739","2024","20","4.9","0.264","0.418","0.304","0.722","0.312","0.346","0.368","0.414","74.7","48","19.5","15","30.7","23.5","8.1","11","6.9","-1.7","49.2","29.9","90.5","7.5","10","69.6","39.8","81.5","25.1","49","19.5","24.9"
"2025","Michael Harris II","ATL","641","0.73229706","0.93160377","0.26645191","0.61814346","0.79180887","0.43626323","0.40085288","0.45212766","0.21583065","0.16949153","0.16666667","0.08145421","0.248772504","Michael Harris II","25931","671739","Harris II, Michael","671739","2025","20","2.5","0.249","0.409","0.268","0.677","0.289","0.315","0.349","0.383","74.3","40.4","19.1","14.7","31.4","24.1","8","22","6.8","-0.8","49.8","30.7","90.2","7.4","9.1","71.3","43","88.2","24.4","50.6","21.3","22.3"
"2026","Michael Harris II","ATL","410","0.70224719","0.932","0.24551724","0.65470085","0.83028721","0.40344828","0.42228739","0.48611111","0.23517241","0.19642857","0.21212121","0.11586207","0.293059125","Michael Harris II","25931","671739","Harris II, Michael","671739","2026","19.5","3.9","0.293","0.494","0.322","0.816","0.35","0.354","0.42","0.425","74.9","50.1","21.1","16.2","31.2","24","8.2","13","7.1","-1.9","46.3","31","91.1","11.5","11.9","69.8","44.8","88.6","25.1","43.9","24.7","24.7"
"2025","Michael Helman","TEX","110","0.75","0.83908046","0.28641975","0.58510638","0.77272727","0.46419753","0.2739726","0.55","0.18024691","0.07142857","0","0.0691358","0.232323232","Michael Helman","24605","680737","Helman, Michael","680737","2025","19.1","6.4","0.232","0.455","0.29","0.745","0.319","0.254","0.367","0.277","70.1","2.1","8.7","6.8","24","18.8","7.7","7","11.9","-9.1","74.1","28","82.7","19.6","8.6","72.5","33","81.3","24.1","42","29.6","13.6"
"2023","Michael Massey","KCR","461","0.75967413","0.89008043","0.26655809","0.60079051","0.80921053","0.41205212","0.25","0.51401869","0.23235613","0.1097561","0.16666667","0.08903366","0.228971962","Michael Massey","27684","686681","Massey, Michael","686681","2023","21.5","5.2","0.229","0.381","0.274","0.655","0.283","0.318","0.332","0.381","70.7","9.5","11","9.5","30.1","25.9","7.2","8","12.2","-5.8","57.4","33.7","88.6","19.7","7.8","72.7","32.3","86.3","22.4","31.4","30.5","28.1"
"2024","Michael Massey","KCR","356","0.73668639","0.93975904","0.25413534","0.55912162","0.85196375","0.44511278","0.34285714","0.57407407","0.23684211","0.04705882","0.25","0.06390977","0.259036144","Michael Massey","27684","686681","Massey, Michael","686681","2024","15.7","4.2","0.259","0.449","0.294","0.743","0.317","0.315","0.357","0.355","70.8","8.8","12","10.1","35.9","30.1","7.2","6","12.8","-7","61.7","32.4","89.2","16.8","7.1","67.5","37.3","91.3","17.9","39.7","33","21.3"
"2025","Michael Massey","KCR","277","0.71863118","0.91005291","0.25962488","0.62091503","0.84210526","0.45310958","0.29147982","0.64615385","0.2201382","0.08823529","0.5","0.06712734","0.244274809","Michael Massey","27684","686681","Massey, Michael","686681","2025","15.5","3.2","0.244","0.313","0.268","0.581","0.254","0.265","0.284","0.297","70.1","6.8","10","8.2","32.8","27.2","7.2","4","13.3","-6.3","59.8","31.4","87.5","22.2","4","69.5","37.6","87.3","18.5","31.3","30.8","25.4"
"2026","Michael Massey","KCR","289","0.68363636","0.91489362","0.26290631","0.60381862","0.83794466","0.40057361","0.34024896","0.53658537","0.23040153","0.07207207","0","0.10611855","0.269662921","Michael Massey","27684","686681","Massey, Michael","686681","2026","17.3","5.5","0.27","0.431","0.307","0.738","0.319","0.3","0.363","0.338","72","14.9","13.5","11.1","36.2","29.8","7.2","10","15.8","-1.6","58.4","33.6","90.1","16.9","6.3","66.5","38.6","88.8","20.4","38.1","34.1","22.9"
"2024","Michael Siani","STL","334","0.67091837","0.85171103","0.30434783","0.50810811","0.70921986","0.43090062","0.24313725","0.38709677","0.19798137","0.04651163","0","0.06677019","0.228187919","Michael Siani","22557","672279","Siani, Michael","672279","2024","27.5","6.3","0.228","0.285","0.285","0.57","0.257","0.246","0.32","0.304","68.9","5.9","6.8","4.9","32.1","23","7.2","14","8.6","2.7","43.6","31.6","84.4","5.1","2.3","64.7","29.5","76.9","29.5","61","15.1","21.1"
"2024","Michael Stefanic","LAA","124","0.6137931","0.98876404","0.30082988","0.43661972","0.88172043","0.44190871","0.13541667","0.61538462","0.19917012","0.07142857","0","0.05809129","0.218181818","Michael Stefanic","25353","683021","Stefanic, Michael","683021","2024","16.1","8.1","0.218","0.255","0.301","0.556","0.258","0.258","0.252","0.252","64.4","0.6","3.4","3.1","38.1","34.4","6.3","3","3.1","2.7","31.4","33.7","85.1","7","1.1","55.5","23.1","95.4","10.5","60.4","13.2","22"
"2023","Michael Toglia","COL","152","0.77083333","0.9009009","0.24827586","0.56147541","0.58394161","0.42068966","0.23571429","0.12121212","0.24137931","0.15384615","0","0.08965517","0.163120567","Michael Toglia","25845","669911","Toglia, Michael","669911","2023","32.9","6.6","0.163","0.284","0.224","0.508","0.225","0.258","0.292","0.346","75.2","52.3","18.8","12","31.9","20.4","7.6","1","12.6","-4.8","37.1","34.4","90.2","16.7","5.5","72.3","30.1","79.1","38.8","38.5","33","25.3"
"2024","Michael Toglia","COL","458","0.73922902","0.82822086","0.23076923","0.49347568","0.66105769","0.4411303","0.22319475","0.26470588","0.23914181","0.08823529","0.06666667","0.08895866","0.218045112","Michael Toglia","25845","669911","Toglia, Michael","669911","2024","32.1","11.8","0.218","0.456","0.311","0.767","0.329","0.36","0.444","0.499","73.1","29.2","18.5","12.5","31.9","21.5","7.5","21","15.1","-2.7","40.9","35.4","92.1","15.1","17.3","66.8","27.3","77.5","34.9","35.3","36.1","24.7"
"2025","Michael Toglia","COL","337","0.74772036","0.81300813","0.24298375","0.54918033","0.6238806","0.45051699","0.22727273","0.24285714","0.22747415","0.09345794","0","0.07902511","0.189542483","Michael Toglia","25845","669911","Toglia, Michael","669911","2025","39.2","8.3","0.19","0.353","0.258","0.611","0.265","0.271","0.398","0.411","72.7","22.6","13.6","9","27","17.9","7.6","15","14.8","-2.6","44.2","35.9","89.9","17.7","10.4","67.4","30.8","74.5","37.3","36.4","28.4","29.5"
"2025","Mickey Gasper","MIN","110","0.64566929","0.90243902","0.28159645","0.43157895","0.82926829","0.42128603","0.10204082","0.5","0.2172949","0.02777778","0","0.07982262","0.157894736","Mickey Gasper","24759","681508","Gasper, Mickey","681508","2025","18.2","9.1","0.158","0.232","0.257","0.489","0.229","0.236","0.209","0.218","70.6","7.8","9.5","7.8","37.3","30.5","6.5","5","9.2","-4.8","56.4","27","87.8","19.4","1.3","57.8","20.4","87.2","18.5","42.9","31.2","13"
"2026","Mickey Gasper","BOS","119","0.73148148","0.97468354","0.24379233","0.44670051","0.78409091","0.44469526","0.14","0.42857143","0.22573363","0.07894737","0","0.08577878","0.242990654","Mickey Gasper","24759","681508","Gasper, Mickey","681508","2026","17.6","7.6","0.243","0.308","0.305","0.613","0.277","0.28","0.295","0.299","72","15.1","13.1","10.8","40.1","33.1","6.6","3","12.1","-7.8","59.9","28.4","88.3","16.4","4.5","60.1","23.6","93.9","18.5","44.3","29.5","20.5"
"2023","Mickey Moniak","LAA","323","0.81569966","0.80334728","0.25456125","0.70638298","0.65963855","0.40834057","0.4265233","0.32773109","0.24239791","0.13761468","0.13333333","0.09470026","0.279742765","Mickey Moniak","19956","666160","Moniak, Mickey","666160","2023","35.2","2.8","0.279","0.494","0.306","0.8","0.338","0.306","0.512","0.463","72.8","28.6","13.8","8.2","28.6","17","7.7","6","13.8","-4.6","46.2","35.3","89","19.7","12.9","78.4","46.9","72","38.9","32.3","31.3","28.3"
"2024","Mickey Moniak","LAA","418","0.78880407","0.83225806","0.25602606","0.62573964","0.73286052","0.44039088","0.33333333","0.44166667","0.23452769","0.05660377","0.33333333","0.06905537","0.219387755","Mickey Moniak","19956","666160","Moniak, Mickey","666160","2024","27.3","5","0.219","0.38","0.266","0.646","0.281","0.286","0.358","0.367","73.1","28.4","13.1","9.4","28.5","20.5","7.7","10","12.6","-3.7","51.7","33.9","88.1","19.8","9.4","75.1","39.7","77.8","30.6","36.2","29","21.1"
"2025","Mickey Moniak","COL","461","0.78366446","0.89014085","0.28347935","0.62105263","0.71912833","0.41614518","0.33147632","0.40336134","0.22465582","0.07438017","0.11111111","0.07571965","0.269585253","Mickey Moniak","19956","666160","Moniak, Mickey","666160","2025","23.9","4.8","0.27","0.518","0.306","0.824","0.348","0.337","0.44","0.426","73.7","37.3","16.9","12.6","33.2","24.7","7.7","19","11.6","-4.3","47.2","33.6","89.7","17.4","13.8","74.8","38","81.9","28.2","33.6","36.7","26"
"2026","Mickey Moniak","COL","264","0.7991453","0.88235294","0.25686059","0.69164265","0.79166667","0.38090011","0.4","0.34444444","0.24698134","0.12380952","0.15384615","0.11525796","0.278688524","Mickey Moniak","19956","666160","Moniak, Mickey","666160","2026","25.4","5.3","0.279","0.561","0.322","0.883","0.373","0.304","0.481","0.379","74.4","47.1","13.4","10","30.8","22.9","7.8","9","13.9","-7.4","54.1","33.4","89.5","22.1","11.1","76.4","42.4","84.7","29.1","33.9","38.3","17.8"
"2023","Miguel Amaya","CHC","156","0.69230769","0.86324786","0.27083333","0.51153846","0.7518797","0.41666667","0.25185185","0.52941176","0.21634615","0.06666667","0","0.09615385","0.213740458","Miguel Amaya","21693","665804","Amaya, Miguel","665804","2023","25.6","7.7","0.214","0.359","0.329","0.688","0.31","0.329","0.345","0.377","73.7","37","9.5","7.2","23.8","18.1","7.4","3","10.1","-6.6","62.9","27.9","87","18.6","9.7","64.3","28.4","82.5","27.3","36.6","35.5","18.3"
"2024","Miguel Amaya","CHC","363","0.78431373","0.90714286","0.27652982","0.60299625","0.7826087","0.41363284","0.28231293","0.51807229","0.22773044","0.08490566","0","0.08210689","0.231707317","Miguel Amaya","21693","665804","Amaya, Miguel","665804","2024","17.1","6.3","0.232","0.357","0.288","0.645","0.283","0.302","0.307","0.332","72.8","32","11.8","9.4","29.3","23.3","7.1","6","7.8","-4","52.6","31.6","88.4","11.1","4.8","74.2","33.7","86","22.5","45.3","23","25.2"
"2025","Miguel Amaya","CHC","103","0.78217822","0.91139241","0.26233766","0.57792208","0.7752809","0.4","0.3956044","0.47222222","0.23636364","0.07692308","0","0.1012987","0.28125","Miguel Amaya","21693","665804","Amaya, Miguel","665804","2025","21.4","3.9","0.281","0.5","0.314","0.814","0.346","0.295","0.424","0.355","72.2","22.2","12.6","9.7","28","21.6","7.7","2","11.3","-11.1","53.5","34.9","86.4","18.6","6.6","71.4","36.8","83.2","26","36.8","31.6","23.7"
"2026","Miguel Amaya","CHC","177","0.64971751","0.87826087","0.24081633","0.55244755","0.76582278","0.38911565","0.2617801","0.44","0.25986395","0","null","0.11020408","0.241610738","Miguel Amaya","21693","665804","Amaya, Miguel","665804","2026","23.2","10.2","0.242","0.356","0.354","0.71","0.325","0.303","0.356","0.32","70.2","10.1","8.8","6.6","31.9","24","7.4","3","12.3","-8.2","56.9","34.4","87.2","21.8","6.4","65.1","28.8","82.8","25.6","33.9","31.2","22.9"
"2024","Miguel Andujar","OAK","319","0.68227425","0.9754902","0.2542517","0.56938776","0.87455197","0.41666667","0.36900369","0.66","0.23044218","0.0862069","0.1","0.09863946","0.284768211","Miguel Andujar","15878","609280","Andujar, Miguel","609280","2024","13.2","4.1","0.285","0.377","0.32","0.697","0.306","0.287","0.331","0.308","71.5","22.1","11.5","9.9","30.8","26.5","7.6","8","5.7","-2.9","57.4","25.7","86.1","9.2","2.7","66","36","93","16","50.6","18","22.2"
"2025","Miguel Andujar","- - -","341","0.77198697","0.94092827","0.25288303","0.61509434","0.84355828","0.43657331","0.27941176","0.57894737","0.22405272","0.1047619","0.27272727","0.08649094","0.317757009","Miguel Andujar","15878","609280","Andujar, Miguel","609280","2025","14.4","5","0.318","0.47","0.352","0.822","0.354","0.298","0.396","0.327","71.7","18.3","12.6","10.5","32.1","26.8","7.8","8","6.3","-6.8","54","25.8","88","11","4.7","72.4","35.7","89.5","17.8","46.7","21.9","23.4"
"2026","Miguel Andujar","SDP","254","0.7231405","0.90285714","0.26021505","0.626703","0.84347826","0.39462366","0.38888889","0.71428571","0.2516129","0.09195402","0.25","0.09354839","0.259414225","Miguel Andujar","15878","609280","Andujar, Miguel","609280","2026","15","4.3","0.259","0.423","0.303","0.726","0.313","0.298","0.347","0.327","71.2","19.2","11.8","9.7","31.7","26.1","7.6","9","7.3","-4.1","58.2","26","88.3","6.5","4.5","68.7","40.8","88.3","18.5","53.2","17.9","22.9"
"2023","Miguel Cabrera","DET","370","0.70360825","0.86813187","0.28095583","0.56597222","0.76687117","0.41708907","0.18727915","0.43396226","0.20492397","0.1119403","0","0.09703114","0.257485029","Miguel Cabrera","1744","408234","Cabrera, Miguel","408234","2023","20","8.4","0.257","0.353","0.322","0.675","0.299","0.301","0.333","0.336","68.2","0.7","15","11.9","38.9","30.8","7.4","7","6.2","5.2","49.5","32.4","89.1","7.4","4.2","68.3","28.4","81.7","25.6","49.8","18.3","27.4"
"2023","Miguel Rojas","LAD","423","0.7154047","0.9379562","0.26323024","0.55592105","0.87278107","0.41786942","0.29268293","0.60416667","0.22542955","0.08823529","0.16666667","0.09347079","0.236363636","Miguel Rojas","7802","500743","Rojas, Miguel","500743","2023","11.3","6.1","0.236","0.322","0.29","0.612","0.271","0.286","0.27","0.289","68.6","7.3","10","8.7","40.6","34.9","6.9","2","4.5","-2.3","44.8","33","87.3","11","2.9","67.8","32.8","91.5","16.5","46.2","20.9","26.2"
"2024","Miguel Rojas","LAD","337","0.70807453","0.93859649","0.26589595","0.52281369","0.87636364","0.43435178","0.21455939","0.625","0.21552436","0.00980392","0","0.08422791","0.283387622","Miguel Rojas","7802","500743","Rojas, Miguel","500743","2024","10.1","6.8","0.283","0.41","0.337","0.747","0.327","0.312","0.333","0.314","67.7","4.1","7.8","6.7","37","32","7","9","3.9","-4.2","37","31.1","85","9.7","2.5","65.4","27.2","91.5","13.9","49.5","17.3","26.4"
"2025","Miguel Rojas","LAD","317","0.66564417","0.95852535","0.27958834","0.47265625","0.82644628","0.43910806","0.21161826","0.43137255","0.20668954","0.06896552","0","0.07461407","0.262068965","Miguel Rojas","7802","500743","Rojas, Miguel","500743","2025","14.5","7.6","0.262","0.397","0.318","0.715","0.312","0.293","0.335","0.311","68.1","4.3","10.8","9","41","34.4","7.1","15","7.4","-4.2","48.3","32.2","87.6","12.9","4.1","63.1","26.9","90.7","17.9","45.7","23.1","23.9"
"2026","Miguel Rojas","LAD","168","0.69281046","0.94339623","0.25932203","0.56277056","0.83846154","0.39152542","0.28472222","0.63414634","0.2440678","0.0483871","0","0.10508475","0.283783783","Miguel Rojas","7802","500743","Rojas, Miguel","500743","2026","9.5","6","0.284","0.405","0.325","0.73","0.317","0.32","0.32","0.323","69.1","5.8","12.9","11.2","39.2","33.9","7.1","6","7.8","-7.7","48.6","29.9","87","14.8","6.4","68.2","31.6","90.1","16.2","46.4","20.7","22.1"
"2023","Miguel Vargas","LAD","304","0.75692308","0.88211382","0.26993355","0.48314607","0.7751938","0.44352159","0.11462451","0.44827586","0.21013289","0.01086957","0","0.07641196","0.1953125","Miguel Vargas","20178","678246","Vargas, Miguel","678246","2023","20.1","12.5","0.195","0.367","0.305","0.672","0.295","0.305","0.302","0.318","null","null","null","null","null","null","null","null","null","null","null","null","86.8","16.6","6","68.3","20.8","82.6","22.3","38","31.5","21.5"
"2024","Miguel Vargas","- - -","237","0.75954198","0.84924623","0.25966303","0.49103139","0.79908676","0.4420218","0.14285714","0.7","0.20812686","0.02197802","0.5","0.09018831","0.150485436","Miguel Vargas","20178","678246","Vargas, Miguel","678246","2024","24.1","10.5","0.15","0.257","0.249","0.506","0.233","0.265","0.235","0.285","69.8","8.3","7.2","5.8","28.7","23","7.7","10","11.3","-3.5","61.8","36.1","86.2","21.3","4.6","67.3","21.8","79.7","21.6","32.2","36.2","22.4"
"2025","Miguel Vargas","CHW","569","0.78187404","0.89194499","0.28024107","0.47393822","0.81059063","0.44597503","0.14376321","0.45588235","0.20361601","0.02453988","0","0.07016789","0.234126984","Miguel Vargas","20178","678246","Vargas, Miguel","678246","2025","17.6","9.8","0.234","0.401","0.316","0.717","0.314","0.319","0.334","0.34","70.6","11.6","13.1","10.8","35.8","29.4","7.6","17","12","-3.1","64.5","35.4","89.7","22.6","9.4","69.6","21.5","83.8","20.6","29","35.1","25.3"
"2026","Miguel Vargas","CHW","463","0.78354978","0.86740331","0.25838926","0.49804941","0.83550914","0.43008949","0.15228426","0.61666667","0.22035794","0.03067485","0","0.09116331","0.242346938","Miguel Vargas","20178","678246","Vargas, Miguel","678246","2026","16.8","12.7","0.242","0.48","0.348","0.828","0.358","0.39","0.377","0.423","74.1","44.7","18.2","14.8","33.7","27.4","7.8","3","12.6","-3.4","66.6","34.4","90.6","20.1","14.5","69.6","21.9","82","20.3","30.2","36.5","23.9"
"2023","Mike Ford","SEA","251","0.69498069","0.87777778","0.25096899","0.48752834","0.65581395","0.42732558","0.17521368","0.36585366","0.22674419","0.05102041","0","0.09496124","0.228310502","Mike Ford","15585","645801","Ford, Mike","645801","2023","32.3","9.6","0.228","0.475","0.323","0.798","0.343","0.309","0.462","0.402","70.9","14.4","15.7","11.5","26.4","19.3","7.1","16","15.1","-9.5","55.1","29.1","88.8","21","17.3","64.6","22.9","80.4","30.4","31.7","35.3","19.4"
"2023","Mike Moustakas","- - -","386","0.75245098","0.83387622","0.27309237","0.59077381","0.76322418","0.4497992","0.26072607","0.39240506","0.20281124","0.08108108","0","0.07429719","0.24715909","Mike Moustakas","4892","519058","Moustakas, Mike","519058","2023","24.6","6","0.247","0.392","0.293","0.685","0.294","0.271","0.361","0.329","71.4","24.6","11.2","8.5","33.7","25.4","7.3","4","8.4","-6.9","51.5","26.8","89","18","5.7","71.6","32.9","80.4","27.3","34.3","29.1","24.5"
"2023","Mike Tauchman","CHC","401","0.74353448","0.84637681","0.27118644","0.43513514","0.76397516","0.43249562","0.11458333","0.47727273","0.22443016","0.02439024","0","0.07188778","0.252225519","Mike Tauchman","15274","643565","Tauchman, Mike","643565","2023","21.4","14","0.252","0.377","0.362","0.739","0.33","0.343","0.356","0.377","68.4","4.4","12.9","10.2","37.8","29.8","6.8","12","2.8","8.1","33.2","34.3","88.4","8.1","5.5","64.5","18.8","81.1","24.5","47.1","19.6","29.8"
"2024","Mike Tauchman","CHC","350","0.79812207","0.87941176","0.27716331","0.47439759","0.78412698","0.43201041","0.14662757","0.46","0.22186077","0.01886792","0","0.06896552","0.248322147","Mike Tauchman","15274","643565","Tauchman, Mike","643565","2024","20","13.4","0.248","0.366","0.357","0.723","0.325","0.332","0.343","0.354","69.3","4.5","12.6","10.1","30.6","24.4","7","11","6.5","2.7","41.5","34.3","89","15.5","7.5","69.8","22.7","81.4","22.5","38.9","31.4","23.1"
"2025","Mike Tauchman","CHW","385","0.75251509","0.85294118","0.31179423","0.45648855","0.75585284","0.41091593","0.20414201","0.49275362","0.21204517","0.01923077","0","0.06524467","0.262686567","Mike Tauchman","15274","643565","Tauchman, Mike","643565","2025","22.3","11.7","0.263","0.4","0.356","0.756","0.335","0.321","0.38","0.358","69","5.9","12.7","9.8","33","25.5","7.2","16","8.3","1.3","47.6","34.2","89","16.5","6.8","67.2","23.8","81.5","24.3","36.8","29.6","27.2"
"2023","Mike Trout","LAA","362","0.80607477","0.83478261","0.27720207","0.44757433","0.74475524","0.4138601","0.13259669","0.3125","0.23445596","0.05217391","0","0.07448187","0.262987012","Mike Trout","10155","545361","Trout, Mike","545361","2023","28.5","12.5","0.264","0.492","0.368","0.86","0.369","0.39","0.473","0.51","72.9","14.3","0","0","0","0","7.4","0","2.9","6","14.3","38.6","91.9","19.3","16","69.8","19.6","75.9","29.2","33.5","32","26.2"
"2024","Mike Trout","LAA","126","0.73619632","0.89166667","0.28397213","0.42741935","0.80188679","0.43205575","0.15178571","0.58823529","0.19512195","0.01960784","0","0.08885017","0.220183486","Mike Trout","10155","545361","Trout, Mike","545361","2024","21.4","12.7","0.22","0.541","0.325","0.866","0.365","0.407","0.422","0.486","75.5","56.3","14.7","12.1","23.7","19.5","7.6","4","8","-2.3","49.5","37.3","89.2","25.2","17.1","63.6","18.6","84.5","20.5","24.4","39","23.2"
"2025","Mike Trout","LAA","556","0.66763848","0.84279476","0.27639001","0.36565836","0.71289538","0.4528606","0.1640625","0.27380952","0.20628525","0.05625","0","0.06446414","0.23245614","Mike Trout","10155","545361","Trout, Mike","545361","2025","32","15.6","0.232","0.439","0.359","0.798","0.343","0.358","0.456","0.486","74","40","16.4","11.8","27.5","19.8","7.5","25","7.6","0.2","44.6","36.4","90.9","17.5","15.8","55.9","20.8","79.4","29.9","34.2","30.3","28.2"
"2026","Mike Trout","LAA","405","0.66507177","0.89568345","0.24588235","0.44130127","0.81730769","0.41588235","0.15931373","0.38461538","0.24","0.06586826","0","0.09823529","0.24382716","Mike Trout","10155","545361","Trout, Mike","545361","2026","24.4","18.5","0.244","0.46","0.393","0.853","0.37","0.398","0.429","0.477","75.1","53.3","16.9","13.4","27.6","21.9","7.5","12","7.3","-2.4","44.9","35.6","90.2","17.6","17.8","61.7","19.7","87","23.1","36.7","33.6","23"
"2023","Mike Yastrzemski","SFG","381","0.70967742","0.87662338","0.27590591","0.41690544","0.75257732","0.44373808","0.13622291","0.43181818","0.20534011","0.02542373","0","0.07501589","0.233333333","Mike Yastrzemski","14854","573262","Yastrzemski, Mike","573262","2023","26","11.8","0.233","0.445","0.33","0.775","0.333","0.326","0.404","0.394","70.6","7.9","11.6","8.8","26","19.6","7.4","3","12","-2","64.1","32.3","90","19.6","9.8","62.7","20.3","82.9","23.6","32.9","32.5","25.2"
"2024","Mike Yastrzemski","SFG","474","0.7047619","0.85945946","0.26909277","0.48502304","0.72921615","0.44490005","0.13842482","0.43103448","0.21476166","0.04316547","0","0.07124552","0.231308411","Mike Yastrzemski","14854","573262","Yastrzemski, Mike","573262","2024","26.2","8","0.231","0.437","0.302","0.739","0.319","0.304","0.396","0.373","70.9","5.5","14.2","10.7","35.7","26.9","7.6","11","12.4","-1.6","66.1","31.2","90.4","19.1","10.5","63.8","23.9","80","26.1","36.3","32","21.6"
"2025","Mike Yastrzemski","- - -","558","0.65277778","0.88888889","0.28112798","0.46909828","0.82721382","0.42819957","0.14341847","0.53424658","0.2208243","0.02484472","0","0.06984816","0.232704402","Mike Yastrzemski","14854","573262","Yastrzemski, Mike","573262","2025","19.4","12.9","0.233","0.403","0.333","0.736","0.321","0.329","0.344","0.357","71.1","9.7","14","11.7","34.9","29.1","7.5","15","10.9","-2.7","66.5","30.4","90.8","20.4","8.5","61.2","22.1","85.8","19","32.7","33.5","24.5"
"2026","Mike Yastrzemski","ATL","279","0.59803922","0.90710383","0.26243568","0.45491803","0.79279279","0.41852487","0.24344569","0.49230769","0.22898799","0.07619048","0","0.09005146","0.223577235","Mike Yastrzemski","14854","573262","Yastrzemski, Mike","573262","2026","24.7","10","0.224","0.35","0.312","0.662","0.298","0.293","0.34","0.334","71.3","7.1","12.6","9.8","35.4","27.6","7.5","11","10.8","-3.3","62.7","30.9","90.1","16.7","6.2","56.8","26.8","85","24.3","39.9","30.9","23"
"2023","Mike Zunino","CLE","140","0.75912409","0.85576923","0.22607261","0.5","0.5","0.46864686","0.23357664","0.1875","0.22607261","0.10416667","0","0.07920792","0.177419354","Mike Zunino","13265","572287","Zunino, Mike","572287","2023","43.6","10.7","0.177","0.306","0.271","0.577","0.261","0.242","0.402","0.36","null","null","null","null","null","null","null","null","null","null","null","null","85.9","15.1","7.9","61.9","32.8","70.4","42.8","47.6","23.8","17.5"
"2023","Miles Mastrobuoni","CHC","149","0.56","0.8452381","0.24793388","0.42578125","0.78899083","0.4231405","0.20289855","0.67857143","0.22809917","0.08196721","0.4","0.10082645","0.240601503","Miles Mastrobuoni","20017","670156","Mastrobuoni, Miles","670156","2023","21.5","8.7","0.241","0.301","0.308","0.609","0.275","0.299","0.309","0.342","68.1","3.5","16.4","12.9","47.8","37.6","6.7","1","10.7","-0.5","56.3","34.4","87.5","13.7","1.9","52.9","24","82.6","22.6","45.2","18.3","27.9"
"2024","Miles Mastrobuoni","CHC","106","0.57391304","0.86363636","0.30183727","0.5177305","0.78082192","0.37007874","0.18085106","0.76470588","0.24671916","0.06451613","0.5","0.08136483","0.193877551","Miles Mastrobuoni","20017","670156","Mastrobuoni, Miles","670156","2024","16","6.6","0.194","0.224","0.245","0.469","0.214","0.3","0.218","0.329","66.7","2.3","3.8","3","46.7","36.8","6.5","1","6.1","2.9","44.2","33.4","87.4","13.9","2.4","57.4","25.9","85.2","20.3","43.9","31.7","22"
"2025","Miles Mastrobuoni","SEA","175","0.59808612","0.936","0.31240658","0.43859649","0.784","0.42600897","0.10852713","0.71428571","0.19282511","0.02173913","0","0.06875934","0.25","Miles Mastrobuoni","20017","670156","Mastrobuoni, Miles","670156","2025","16.6","9.7","0.25","0.296","0.324","0.62","0.282","0.318","0.292","0.342","67.4","1.8","9.1","7.6","39.2","32.4","6.6","0","7.8","-2","43.6","32.8","88","6.2","2.3","56.6","19.1","86.7","16.1","51.2","20.9","26.4"
"2023","Mitch Garver","TEX","344","0.67396594","0.89169675","0.28741259","0.41652893","0.76190476","0.42307692","0.10457516","0.34375","0.21398601","0.0462963","0","0.07552448","0.27027027","Mitch Garver","15161","641598","Garver, Mitch","641598","2023","23.8","12.8","0.27","0.5","0.37","0.87","0.374","0.365","0.448","0.433","70.8","11","16.7","13.4","34.9","28","7.2","8","12.1","-4.2","64.2","29.6","90","20.5","12.6","61.9","17.4","83.9","23.7","29.9","33.2","26.2"
"2024","Mitch Garver","SEA","430","0.64059197","0.83828383","0.26060606","0.41959799","0.71257485","0.43856749","0.14425428","0.22033898","0.22534435","0.04379562","0","0.07548209","0.171662125","Mitch Garver","15161","641598","Garver, Mitch","641598","2024","30.9","12.3","0.172","0.341","0.286","0.627","0.281","0.284","0.335","0.34","71.2","9.9","14.5","10.3","34.7","24.8","7.3","15","14.1","-8","65.8","29.4","89.9","18.3","8.5","57.6","20","78.6","30.8","35.9","30.8","22.8"
"2025","Mitch Garver","SEA","290","0.6851312","0.82553191","0.2941681","0.42710472","0.64423077","0.41766724","0.13675214","0.25","0.20068611","0.00980392","0","0.08747856","0.208661417","Mitch Garver","15161","641598","Garver, Mitch","641598","2025","27.6","10.3","0.209","0.343","0.297","0.64","0.284","0.298","0.337","0.361","71.7","15.5","17.8","12.6","39.3","27.9","7.3","11","15.5","-7.2","61.5","29.3","91.5","19.4","7.9","59.6","20.6","78.1","30.7","35.6","31.6","22"
"2026","Mitch Garver","SEA","144","0.64084507","0.76923077","0.2358804","0.49042146","0.7109375","0.43355482","0.15942029","0.27272727","0.22923588","0.1147541","0","0.1013289","0.178861788","Mitch Garver","15161","641598","Garver, Mitch","641598","2026","33.3","13.9","0.179","0.301","0.299","0.6","0.278","0.301","0.337","0.382","72.5","18.8","14.5","9.9","34.2","23.3","7.4","7","15.2","-7.9","64.6","28.6","90.7","18.4","9.3","61.7","24.9","75.9","34.1","33.3","37.3","24"
"2023","Mitch Haniger","SFG","229","0.69318182","0.87431694","0.28540541","0.50387597","0.69230769","0.41837838","0.22167488","0.35555556","0.21945946","0.01408451","0","0.07675676","0.208530805","Mitch Haniger","14274","571745","Haniger, Mitch","571745","2023","28.4","6.6","0.209","0.365","0.266","0.631","0.274","0.313","0.347","0.407","71.9","21.8","13.6","10","33.3","24.5","7.2","7","12.7","-0.2","50.4","32.2","91","15.9","10.9","64.1","25.6","80.8","27.8","35.4","31.3","26.5"
"2024","Mitch Haniger","SEA","423","0.69936034","0.83231707","0.26678043","0.47968545","0.64754098","0.43401593","0.1825","0.39726027","0.22753129","0.05555556","0","0.07167235","0.207894736","Mitch Haniger","14274","571745","Haniger, Mitch","571745","2024","29.8","9.5","0.208","0.334","0.286","0.62","0.277","0.298","0.346","0.381","72.8","25.8","16.4","11.4","34.7","24.1","7.1","22","14.6","-0.7","55.2","32.3","90.6","13.7","9.1","63.6","23.9","76.4","32.3","42.7","28.6","22.4"
"2023","MJ Melendez","KCR","602","0.78649922","0.7744511","0.26106557","0.51883239","0.68421053","0.4352459","0.19889503","0.32407407","0.22254098","0.03535354","0","0.08114754","0.234521575","MJ Melendez","22197","669004","Melendez, MJ","669004","2023","28.2","10.3","0.235","0.398","0.316","0.714","0.31","0.326","0.387","0.413","72.1","21.2","17.8","12.7","38.1","27.2","7.7","8","14.2","1.3","48.8","32.1","93.2","16.9","11.4","69.3","26.9","72.6","34.4","35.4","34.6","25.3"
"2024","MJ Melendez","KCR","451","0.81481481","0.81565657","0.26341463","0.58676654","0.73404255","0.43414634","0.2345679","0.44210526","0.2195122","0.03921569","0","0.08292683","0.206310679","MJ Melendez","22197","669004","Melendez, MJ","669004","2024","25.1","7.8","0.206","0.4","0.273","0.673","0.292","0.321","0.353","0.396","72.8","32.6","15.1","10.7","29.6","21.1","7.7","14","9.8","-3.6","53.9","29.1","91.1","14.6","8.4","77.9","28.3","75.9","29.5","41.8","28.8","20.4"
"2026","MJ Melendez","NYM","144","0.70454545","0.84946237","0.21463415","0.58490566","0.65806452","0.43089431","0.21084337","0.48571429","0.2699187","0.05769231","0","0.08455285","0.191666666","MJ Melendez","22197","669004","Melendez, MJ","669004","2026","34.7","11.8","0.192","0.35","0.315","0.665","0.302","0.28","0.389","0.346","74.1","40.6","18.3","12.5","30.9","21.1","7.9","5","13.3","-5.5","58.8","30","94.2","23.6","11.1","67.4","29.5","73.9","34.5","26.4","43.1","19.4"
"2026","Moisés Ballesteros","CHC","175","0.69798658","0.88461538","0.22610015","0.5917603","0.75316456","0.40515933","0.32947977","0.57894737","0.26251897","0.04285714","0","0.10622155","0.23076923","Moises Ballesteros","28820","694208","Ballesteros, Moisés","694208","2026","20.6","9.7","0.231","0.385","0.303","0.688","0.303","0.31","0.337","0.347","73.3","40","18.3","13.8","35.2","26.6","7.2","9","8.6","2.4","59.2","28.3","90.1","10.6","9.1","68.4","35.2","83.5","26.9","46.7","22.1","24.6"
"2023","Mookie Betts","LAD","693","0.6625","0.94549266","0.26548673","0.41756272","0.84120172","0.41150442","0.12305296","0.43037975","0.23672566","0.04700855","0","0.08628319","0.306506849","Mookie Betts","13611","605141","Betts, Mookie","605141","2023","15.4","13.9","0.307","0.579","0.408","0.987","0.416","0.408","0.45","0.438","71.3","20.8","15","13.5","41.6","37.4","7.2","17","11.8","-6.7","57","36.3","92.4","20.6","12.4","60.5","16.6","91.8","16.7","27.6","35.7","29.3"
"2024","Mookie Betts","LAD","516","0.71456311","0.95108696","0.25158769","0.43630214","0.84496124","0.43331705","0.13983051","0.5","0.23058134","0.02890173","0","0.08451392","0.288888888","Mookie Betts","13611","605141","Betts, Mookie","605141","2024","11","11.8","0.289","0.491","0.372","0.863","0.371","0.364","0.376","0.367","68.9","9.5","11.6","10.1","42.5","37.3","6.9","19","8.4","-3.7","50.9","34.2","89.9","21.4","6","60.8","21.1","93.9","14.9","27.2","35.3","29"
"2025","Mookie Betts","LAD","663","0.67410714","0.9602649","0.27317073","0.43867925","0.82795699","0.43089431","0.16603774","0.53409091","0.21544715","0.03535354","0","0.0804878","0.258064516","Mookie Betts","13611","605141","Betts, Mookie","605141","2025","10.3","9.2","0.258","0.406","0.326","0.732","0.318","0.33","0.315","0.33","68.9","7.9","13.5","11.9","46.9","41.2","7","30","9.1","-5.5","55.6","34.7","89.1","18","5.5","59.9","21.6","92.4","15.3","32.8","34.5","26.7"
"2026","Mookie Betts","LAD","305","0.69592476","0.95045045","0.29185727","0.42105263","0.89","0.43458371","0.13537118","0.41935484","0.2095151","0.02857143","0","0.06404392","0.228571428","Mookie Betts","13611","605141","Betts, Mookie","605141","2026","12.1","7.5","0.229","0.404","0.289","0.693","0.3","0.328","0.31","0.344","69.6","7.7","14.4","13","47.6","43","7","16","7.9","-5.1","56.5","33","90.6","19.3","8.2","61.5","19.2","93.9","12.6","29.9","36.5","27.5"
"2026","Munetaka Murakami","CHW","313","0.69822485","0.74152542","0.25261584","0.4952919","0.57034221","0.39686099","0.15141956","0.125","0.23692078","0.03947368","0","0.11360239","0.24015748","Munetaka Murakami","37120","808959","Murakami, Munetaka","808959","2026","32.6","18.2","0.24","0.547","0.38","0.927","0.393","0.378","0.549","0.52","75.1","53.7","25","14.9","34.7","20.7","7.9","17","18.8","-1.4","45.1","35.5","94.2","14.8","20.3","63.8","22.1","66.9","42.6","41.2","39.9","15"
"2023","Myles Straw","CLE","518","0.67363344","0.92124105","0.31240583","0.44202067","0.87272727","0.43746861","0.17391304","0.734375","0.18483174","0.02307692","0","0.06529382","0.238095238","Myles Straw","17620","664702","Straw, Myles","664702","2023","18.7","8.1","0.238","0.297","0.301","0.598","0.268","0.273","0.288","0.294","66","1","2.8","2.4","35.7","31.1","6.7","2","2.3","4.2","32.5","33.8","86.3","9.4","0.5","60.1","23.8","88.5","14.1","48.5","20.7","25.5"
"2025","Myles Straw","TOR","299","0.66666667","0.92241379","0.31521739","0.5","0.85714286","0.43115942","0.21164021","0.575","0.17119565","0.03296703","0.33333333","0.08242754","0.262172284","Myles Straw","17620","664702","Straw, Myles","664702","2025","16.7","6.4","0.262","0.367","0.313","0.68","0.299","0.295","0.331","0.326","67","2.3","8.9","7.5","39.3","33.2","6.8","11","6.5","3.2","44","35.9","87.2","14.8","3.9","62.6","27.4","87","17.3","40.6","26.2","26.6"
"2026","Myles Straw","TOR","189","0.66666667","0.95138889","0.30337079","0.40955631","0.89166667","0.41151685","0.13793103","0.55","0.20365169","0","null","0.08146067","0.217647058","Myles Straw","17620","664702","Straw, Myles","664702","2026","13.2","7.4","0.218","0.312","0.273","0.585","0.261","0.301","0.263","0.314","68.7","5.9","8.9","7.9","39","34.7","7","6","7.2","-2","53.4","33.8","86.1","15.4","4","59.1","20.7","92.6","11.5","43.3","27.3","20"
"2025","Nacho Alvarez Jr.","ATL","208","0.60629921","0.87662338","0.31013431","0.46438746","0.80368098","0.42857143","0.18181818","0.53846154","0.17460317","0.08450704","0","0.08669109","0.234042553","Nacho Alvarez Jr.","31765","805373","Alvarez Jr., Nacho","805373","2025","23.6","5.8","0.234","0.33","0.296","0.626","0.279","0.27","0.325","0.312","67.8","3.8","6.5","5.1","31.7","25","7.5","9","6.2","0.1","44.1","30.4","84.9","17.8","1.4","58.6","25.1","82","22.2","38","23.2","24.6"
"2026","Nasim Nuñez","WSN","353","0.72564103","0.90459364","0.27600849","0.52339688","0.7781457","0.40835103","0.17295597","0.50909091","0.22505308","0.0234375","0","0.0905874","0.244299674","Nasim Nunez","25979","683083","Nuñez, Nasim","683083","2026","21","10.5","0.244","0.287","0.326","0.613","0.282","0.272","0.304","0.289","68.5","4","6.1","4.9","27.8","22.3","6.8","18","5","6.6","41.3","31.7","84.6","7.6","0.4","68.2","25.6","85.4","21.4","52.7","17","25.7"
"2026","Nathan Church","STL","289","0.70818505","0.87939698","0.25850966","0.64840183","0.80633803","0.40294388","0.46718147","0.62809917","0.23827047","0.11009174","0.41666667","0.10027599","0.223880597","Nathan Church","31357","701675","Church, Nathan","701675","2026","20.1","4.8","0.224","0.354","0.267","0.621","0.273","0.284","0.313","0.328","70","9.3","11.1","8.5","27.3","21.1","7.2","5","6.4","-0.2","39.9","31.7","86.2","11.5","7.5","72.6","45.3","83.8","22.4","49.1","19.2","20.6"
"2025","Nathan Lukes","TOR","438","0.68686869","0.9","0.29801325","0.52155172","0.88980716","0.41902468","0.29912023","0.78431373","0.20529801","0.03875969","0.2","0.07766406","0.255154639","Nathan Lukes","18123","664770","Lukes, Nathan","664770","2025","13.7","8.7","0.255","0.407","0.323","0.73","0.317","0.315","0.331","0.328","68","5.3","11.7","10.1","35.4","30.6","6.5","7","7.4","8","43.8","31.7","87.9","11.2","4.8","64.4","31.5","89","14","46.7","23.4","22.8"
"2026","Nathan Lukes","TOR","263","0.67518248","0.87027027","0.26524685","0.60714286","0.86666667","0.40658277","0.29411765","0.74666667","0.24685382","0.08333333","0.57142857","0.08131655","0.281512605","Nathan Lukes","18123","664770","Lukes, Nathan","664770","2026","14.8","6.1","0.282","0.391","0.338","0.729","0.324","0.291","0.347","0.304","67.1","3.6","7","5.8","32.6","26.7","6.4","5","6.5","8.4","46.4","30.8","86.4","9.9","1","65.7","35.1","84.7","17.6","52.2","19.7","22.7"
"2023","Nathaniel Lowe","TEX","724","0.74371859","0.91216216","0.26149803","0.48756594","0.78361669","0.43593955","0.14045802","0.4673913","0.2151774","0.0075188","0","0.08738502","0.261637239","Nathaniel Lowe","19566","663993","Lowe, Nathaniel","663993","2023","22.8","12.8","0.262","0.414","0.36","0.774","0.34","0.339","0.388","0.386","74.1","40.4","15.2","12.2","25.6","20.5","7.4","10","6.4","10","44","31.5","89.8","7.2","6.5","67.3","20.8","85.9","20.6","48.2","20.2","26.7"
"2024","Nathaniel Lowe","TEX","565","0.68760064","0.92271663","0.26358234","0.48049477","0.78415842","0.44609508","0.13721805","0.38356164","0.22580645","0.01315789","0","0.06451613","0.265432098","Nathaniel Lowe","19566","663993","Lowe, Nathaniel","663993","2024","22.1","12.6","0.265","0.401","0.361","0.762","0.337","0.332","0.381","0.374","73.3","29.3","15.2","12.4","28.3","23","7.3","23","6.9","7.6","49.9","30.1","88.9","7.7","5.8","62.9","23.4","87.7","20.6","48.5","22.5","25.5"
"2025","Nathaniel Lowe","- - -","609","0.67899604","0.89883268","0.29037208","0.4885159","0.74502712","0.43421557","0.16666667","0.42222222","0.20713464","0.03932584","0.14285714","0.06827771","0.227777777","Nathaniel Lowe","19566","663993","Lowe, Nathaniel","663993","2025","26.1","10.2","0.228","0.381","0.307","0.688","0.301","0.303","0.363","0.366","72.6","24.1","13.4","10.4","27.5","21.3","7.2","28","6.7","7.8","47.3","30.1","89","10.9","7","63.8","24","82.6","24.7","43.8","26.9","24.4"
"2026","Nathaniel Lowe","CIN","257","0.70833333","0.91666667","0.26470588","0.49284254","0.81327801","0.44944853","0.21982759","0.43137255","0.21323529","0.01265823","0","0.07261029","0.255411255","Nathaniel Lowe","19566","663993","Lowe, Nathaniel","663993","2026","26.1","10.1","0.255","0.472","0.331","0.803","0.347","0.35","0.436","0.443","74.6","44.3","14.1","11.4","22","17.7","7.6","10","7.9","4.6","55.4","29.7","88.8","14.6","10.7","64.5","27.3","85.6","21.7","40.2","27.4","26.8"
"2023","Nelson Cruz","SDP","152","0.75","0.81981982","0.2614841","0.55932203","0.71212121","0.41696113","0.33333333","0.26086957","0.24381625","0.15909091","0","0.07773852","0.244755244","Nelson Cruz","2434","443558","Cruz, Nelson","443558","2023","30.3","3.9","0.245","0.399","0.283","0.682","0.291","0.297","0.398","0.407","null","null","null","null","null","null","null","null","null","null","null","null","92.4","10.2","9.3","66.1","39.4","78.5","36.1","46.9","22.4","25.5"
"2023","Nelson Velázquez","- - -","179","0.77325581","0.87969925","0.24431818","0.60726073","0.58152174","0.43039773","0.20606061","0.44117647","0.234375","0.015625","0","0.09090909","0.234567901","Nelson Velazquez","23359","676369","Velázquez, Nelson","676369","2023","28.5","7.8","0.235","0.586","0.302","0.888","0.369","0.37","0.489","0.492","72.7","29.1","17.6","11.9","33.3","22.5","7.5","5","14.6","-7.4","63.2","32.3","91","14.4","21.4","73.6","29.4","75.3","33.7","38.4","41.1","16.1"
"2024","Nelson Velázquez","KCR","230","0.81944444","0.84180791","0.23920266","0.53387534","0.62944162","0.40863787","0.19730942","0.20454545","0.2469546","0.02105263","0","0.10520487","0.2","Nelson Velazquez","23359","676369","Velázquez, Nelson","676369","2024","26.5","8.3","0.2","0.366","0.274","0.64","0.28","0.307","0.335","0.377","73.3","34.1","13.4","9","32.4","21.7","7.5","5","12.1","-4.9","62.3","30.3","88.2","17.4","8.8","70.6","25.6","76.7","35.5","38.8","34","18.4"
"2023","Nick Ahmed","ARI","210","0.74371859","0.81756757","0.2564433","0.50445104","0.77647059","0.43427835","0.29824561","0.56862745","0.22036082","0.2173913","0.26666667","0.08891753","0.212121212","Nick Ahmed","12147","605113","Ahmed, Nick","605113","2023","24.8","5.7","0.212","0.303","0.257","0.56","0.247","0.264","0.299","0.324","69.8","14.1","12.2","9.1","32.4","24.2","7.3","0","11.3","0.1","63.1","27.2","85.2","12.8","2.8","66.8","33.5","80.6","26.9","43.2","21.9","26"
"2024","Nick Ahmed","- - -","228","0.73790323","0.83060109","0.29279811","0.59016393","0.76851852","0.43211334","0.30508475","0.55555556","0.20897285","0.07142857","0.25","0.0661157","0.228571428","Nick Ahmed","12147","605113","Ahmed, Nick","605113","2024","22.4","4.8","0.229","0.295","0.267","0.562","0.248","0.265","0.294","0.316","67.9","0.5","5.2","3.8","30.5","22.5","7.3","5","13.9","-2.7","60.2","28.6","84.9","13.4","3","69.9","35.9","78.3","26","45.5","21.2","21.8"
"2023","Nick Allen","OAK","329","0.7125","0.9254386","0.27420737","0.55298651","0.82926829","0.44473008","0.20940171","0.44897959","0.20051414","0.04255319","0","0.08054841","0.221122112","Nick Allen","22277","669397","Allen, Nick","669397","2023","15.8","5.2","0.221","0.287","0.263","0.55","0.245","0.252","0.263","0.273","66.1","0.6","8.2","6.8","40.6","33.4","6.4","13","4.8","1.2","43.2","27.7","84.8","6.8","1.2","68","29.1","89.1","19.1","54.8","18.5","19.3"
"2024","Nick Allen","OAK","105","0.65420561","0.95714286","0.3005618","0.5620915","0.77906977","0.42977528","0.1969697","0.46153846","0.18539326","0.06666667","0","0.08426966","0.175257731","Nick Allen","22277","669397","Allen, Nick","669397","2024","19","4.8","0.175","0.247","0.216","0.463","0.207","0.224","0.229","0.252","65","0","4.6","3.9","35.8","30.7","6.5","7","5.7","-4.4","50","27.7","84.4","8.9","1.3","66.3","27.3","88.1","18.8","57.5","13.8","17.5"
"2025","Nick Allen","ATL","416","0.70378151","0.87462687","0.30031546","0.53157122","0.81767956","0.429653","0.14733542","0.34042553","0.20126183","0.06422018","0","0.06876972","0.221024258","Nick Allen","22277","669397","Allen, Nick","669397","2025","23.8","7.5","0.221","0.251","0.284","0.535","0.245","0.252","0.278","0.288","64.5","0.2","4.6","3.7","34.4","27.7","6.3","23","7.3","-0.7","48.5","30.2","84.8","13.3","0","67.8","25.8","84.9","21.5","47","19.1","24.7"
"2026","Nick Allen","HOU","108","0.7079646","0.8875","0.28974359","0.50967742","0.73417722","0.3974359","0.19736842","0.33333333","0.19487179","0.04347826","0.5","0.11794872","0.257731958","Nick Allen","22277","669397","Allen, Nick","669397","2026","21.3","5.6","0.258","0.33","0.302","0.632","0.281","0.224","0.327","0.248","68.8","1.3","9.2","6.7","32.1","23.3","6.7","3","7.7","-5.1","57.9","26.7","84.4","16","1.3","67.8","22.7","79.1","27.1","47.4","23.1","15.4"
"2023","Nick Castellanos","PHI","671","0.81191806","0.86009174","0.22126082","0.63138347","0.66764706","0.44375773","0.37308348","0.34246575","0.24186238","0.13274336","0.1","0.09311908","0.271565495","Nick Castellanos","11737","592206","Castellanos, Nick","592206","2023","27.6","5.4","0.272","0.476","0.311","0.787","0.335","0.322","0.441","0.423","72.4","27.8","13.5","9","31.5","21.1","7.7","9","15.7","-6.9","47.1","39.8","88.9","14.4","10.3","74.7","40.9","77.9","35.4","41.8","28.9","24.4"
"2024","Nick Castellanos","PHI","659","0.85353535","0.88560158","0.25504508","0.64623116","0.71539658","0.42722198","0.34857143","0.34972678","0.22541863","0.08372093","0.11111111","0.0923143","0.254125412","Nick Castellanos","11737","592206","Castellanos, Nick","592206","2024","21.1","6.2","0.254","0.431","0.311","0.742","0.321","0.337","0.377","0.399","71.8","22.7","12.6","8.9","33.2","23.5","7.6","12","12.6","-5","47.4","38.9","88.4","15.2","8.1","79.3","37.7","80.6","30.1","38.4","30.5","26.9"
"2025","Nick Castellanos","PHI","589","0.85375494","0.87037037","0.23361034","0.67452301","0.76039933","0.41135734","0.39853748","0.44495413","0.25253924","0.1036036","0","0.10249307","0.250457038","Nick Castellanos","11737","592206","Castellanos, Nick","592206","2025","22.6","5.4","0.25","0.4","0.294","0.694","0.3","0.302","0.362","0.364","70.5","16.9","11.9","8.5","32.2","22.9","7.7","17","15.2","-4.5","46.9","40","87.8","15.2","7.6","79.9","41","81.9","29.9","38.8","31","26.7"
"2026","Nick Castellanos","SDP","122","0.80357143","0.84444444","0.23480084","0.70744681","0.65413534","0.39412998","0.37815126","0.48888889","0.24947589","0.06896552","0","0.12159329","0.191304347","Nick Castellanos","11737","592206","Castellanos, Nick","592206","2026","27.9","4.1","0.191","0.339","0.221","0.56","0.238","0.285","0.313","0.382","69.7","10.1","12.4","8.4","32.9","22.3","7.7","3","15.5","-7.4","45.7","40.8","87.7","13","8.4","77.9","40.2","76.5","33.5","32.5","37.3","28.9"
"2023","Nick Fortes","MIA","323","0.71517028","0.90909091","0.28609389","0.47505423","0.85844749","0.40832595","0.22672065","0.58928571","0.21877768","0.02040816","0","0.08680248","0.204081632","Nick Fortes","21538","663743","Fortes, Nick","663743","2023","18.3","5.3","0.204","0.299","0.263","0.562","0.251","0.264","0.267","0.285","70.3","9","15.3","12.7","35.8","29.5","7.1","0","4.8","-6.5","44.4","23.3","88.2","13.9","3.8","65.3","25.6","88.1","17.1","46.3","25","17.9"
"2024","Nick Fortes","MIA","335","0.68660969","0.9253112","0.30415945","0.50858369","0.88185654","0.40381282","0.27238806","0.71232877","0.2322357","0.02898551","0.5","0.05979203","0.227272727","Nick Fortes","21538","663743","Fortes, Nick","663743","2024","12.2","3.3","0.227","0.318","0.259","0.577","0.252","0.246","0.266","0.259","71.3","19.3","10.3","8.9","31.3","27.1","7.1","4","2","-5.3","32.4","20.4","84.3","15.4","1.4","65.8","31.3","91.2","13.2","45.9","17.9","21.9"
"2025","Nick Fortes","- - -","242","0.6627451","0.92899408","0.27868852","0.52261307","0.80288462","0.43497268","0.29166667","0.73469388","0.18360656","0.06382979","0.33333333","0.10273224","0.229357798","Nick Fortes","21538","663743","Fortes, Nick","663743","2025","19.4","5.8","0.229","0.349","0.296","0.645","0.286","0.27","0.314","0.292","72","19.4","12.9","10.6","29.9","24.7","7.3","5","3.4","-7.4","41.1","19.5","87.5","13.4","4.6","63.8","30.8","86.1","18.9","46","21.3","20.7"
"2026","Nick Fortes","TBR","252","0.69506726","0.91612903","0.26453144","0.625","0.86190476","0.39857651","0.34391534","0.70769231","0.22419929","0.08421053","0.375","0.11269276","0.276595744","Nick Fortes","21538","663743","Fortes, Nick","663743","2026","12.3","2.4","0.277","0.383","0.316","0.699","0.309","0.281","0.328","0.294","72.4","22.9","16.7","14","31.3","26.2","7.4","5","3.4","-6.1","36.9","19.7","85.8","7.2","2.4","68.6","38.5","88.9","17.3","52.7","17.9","18.4"
"2023","Nick Gonzales","PIT","128","0.82068966","0.85714286","0.29116466","0.52","0.60683761","0.45180723","0.27368421","0.38461538","0.19076305","0","null","0.06626506","0.208695652","Nick Gonzales","27490","693304","Gonzales, Nick","693304","2023","28.1","4.7","0.209","0.348","0.268","0.616","0.268","0.257","0.333","0.315","68.7","4.8","5.6","4","25.6","18.5","7.2","2","17","1.7","37.4","42.5","85.5","8.7","3.7","76.3","28.2","76.7","32.4","58.5","23.2","14.6"
"2024","Nick Gonzales","PIT","387","0.84182306","0.91082803","0.27206419","0.61176471","0.71703297","0.43398979","0.28478964","0.51136364","0.22538293","0.04255319","0.25","0.06856309","0.270194986","Nick Gonzales","27490","693304","Gonzales, Nick","693304","2024","19.1","4.7","0.27","0.398","0.311","0.709","0.307","0.322","0.356","0.376","71","12.8","13.9","10.8","32.8","25.3","7.3","16","11.7","-0.3","55.6","32.6","87.9","13","8","78.4","34.1","82.6","24.9","41.7","25.9","27.2"
"2025","Nick Gonzales","PIT","408","0.87228916","0.89226519","0.29537367","0.60287081","0.73544974","0.44626335","0.20879121","0.35087719","0.19430605","0.08888889","0","0.06405694","0.259842519","Nick Gonzales","27490","693304","Gonzales, Nick","693304","2025","17.9","5.1","0.26","0.362","0.299","0.661","0.289","0.291","0.327","0.33","70.5","13.5","13.3","10.3","35.7","27.7","7.5","24","8.6","0.2","52.5","33.2","88.8","9.1","4.5","79.5","31.6","83.9","24.7","46.5","22.8","25.3"
"2026","Nick Gonzales","PIT","426","0.80917874","0.88358209","0.26623794","0.6171875","0.79493671","0.41157556","0.24657534","0.43333333","0.23472669","0.06617647","0.11111111","0.08745981","0.314578005","Nick Gonzales","27490","693304","Gonzales, Nick","693304","2026","17.6","6.6","0.315","0.409","0.369","0.778","0.346","0.324","0.389","0.36","70.7","12.6","11.2","8.7","30.4","23.6","7.4","11","9.4","1.5","48.1","36","86","6.5","3.2","76.5","32","83.8","24","53.6","19.9","24"
"2024","Nick Gordon","MIA","275","0.81923077","0.84976526","0.25793651","0.63420428","0.70411985","0.41765873","0.45531915","0.46728972","0.23313492","0.14130435","0.23076923","0.09126984","0.226923076","Nick Gordon","16337","624503","Gordon, Nick","624503","2024","24.4","4","0.227","0.369","0.258","0.627","0.271","0.267","0.338","0.333","68.1","3.5","8.9","6.1","32.9","22.6","7.3","11","9.5","3.2","45.7","33.9","86.1","6.5","6.2","79","42.3","76.8","32","51","21.9","24.5"
"2025","Nick Kurtz","ATH","489","0.70967742","0.79261364","0.25383828","0.46899662","0.64903846","0.45394063","0.16461916","0.20895522","0.20829069","0.04268293","0.14285714","0.0839304","0.29047619","Nick Kurtz","35110","701762","Kurtz, Nick","701762","2025","30.9","12.9","0.29","0.619","0.383","1.002","0.419","0.372","0.589","0.507","77.2","72.4","22.7","15.2","29.8","20","7.7","18","13.6","2.5","47.6","39.2","92.7","15.3","18.5","63.9","22.4","72.6","35.5","37.9","34.9","23.5"
"2026","Nick Kurtz","ATH","426","0.73814898","0.81651376","0.24502212","0.48911652","0.63089005","0.43196903","0.16341463","0.23880597","0.22676991","0.02298851","0","0.09623894","0.260115606","Nick Kurtz","35110","701762","Kurtz, Nick","701762","2026","32.2","18.1","0.26","0.491","0.399","0.89","0.384","0.375","0.528","0.511","78.2","80.6","21.5","14","26.2","17.1","7.7","17","12.7","4.4","49.8","37.7","93.4","12","18.2","66.5","23","72.8","36.5","41.6","29.2","25.8"
"2024","Nick Loftin","KCR","171","0.7133758","0.98214286","0.25079872","0.48550725","0.82835821","0.44089457","0.12738854","0.45","0.25079872","0.05555556","0","0.05750799","0.189189189","Nick Loftin","27630","679845","Loftin, Nick","679845","2024","14","11.1","0.189","0.236","0.282","0.518","0.242","0.286","0.217","0.276","69.3","2.2","9","8","33.2","29.2","7.4","3","7.8","-5.2","54.4","33.3","83.6","9.9","3.1","65.6","21.2","94","15.3","46.5","23.6","22.8"
"2025","Nick Loftin","KCR","188","0.76415094","0.89506173","0.31360947","0.45357143","0.79527559","0.41420118","0.16788321","0.56521739","0.20266272","0.04255319","0","0.06952663","0.208333333","Nick Loftin","27630","679845","Loftin, Nick","679845","2025","14.4","7.4","0.208","0.357","0.278","0.635","0.279","0.294","0.281","0.302","69.4","6.5","12.7","10.5","36.2","30.2","7.1","5","8.4","-7.7","53.5","29.8","88.2","14","6.3","66","24.9","86.1","19","39.6","25.7","24.3"
"2026","Nick Loftin","KCR","250","0.68558952","0.93630573","0.25846501","0.41902314","0.87730061","0.43905192","0.1865285","0.52777778","0.21783296","0.09333333","0","0.08465011","0.257009345","Nick Loftin","27630","679845","Loftin, Nick","679845","2026","13.6","9.6","0.257","0.416","0.34","0.756","0.332","0.311","0.335","0.307","69","4.3","10.2","8.7","41.5","35.4","7.2","4","8.6","-6.8","54.8","30.2","87.4","13.9","4.8","58.6","25","92","15.2","42.8","28.3","23.5"
"2023","Nick Madrigal","CHC","294","0.59385666","0.97701149","0.27511737","0.51548673","0.93991416","0.42441315","0.28571429","0.71212121","0.21690141","0.03370787","1","0.08356808","0.262962962","Nick Madrigal","20521","663611","Madrigal, Nick","663611","2023","8.2","3.4","0.263","0.352","0.311","0.663","0.294","0.298","0.29","0.295","65.9","2.5","6.6","6.1","50.3","46.6","6.4","0","4.1","1.3","42.9","26.8","86.2","3.7","0.8","59.5","29.6","96","9.4","56.2","16.7","23.5"
"2024","Nick Martini","CIN","163","0.72881356","0.89147287","0.2832","0.55925926","0.8013245","0.432","0.22137405","0.31034483","0.2096","0.0212766","0","0.0752","0.212328767","Nick Martini","12005","605361","Martini, Nick","605361","2024","23.3","5.5","0.212","0.37","0.272","0.642","0.279","0.28","0.325","0.327","69.7","6.7","9.7","7.5","32.1","25","6.9","8","11.2","-2.4","57.4","29.7","87.4","14.9","7.2","68","29.7","81.9","24.8","41.4","30.6","19.8"
"2025","Nick Martini","COL","111","0.63636364","0.8961039","0.28009259","0.51123596","0.83516484","0.41203704","0.2173913","0.64","0.2662037","0","null","0.04166667","0.225490196","Nick Martini","12005","605361","Martini, Nick","605361","2025","16.2","8.1","0.225","0.294","0.288","0.582","0.259","0.253","0.273","0.266","69.7","3.5","9","7.6","35.4","29.7","6.7","5","7","-1.4","51.4","30.4","85.7","14.6","3.6","63.7","26.8","88.9","19.1","45.2","27.4","20.2"
"2023","Nick Maton","DET","293","0.72292994","0.78414097","0.25302176","0.52681992","0.71272727","0.42062853","0.1884058","0.32692308","0.22240129","0.03100775","0","0.10394843","0.172690763","Nick Maton","21635","665155","Maton, Nick","665155","2023","24.9","13","0.173","0.305","0.288","0.593","0.268","0.286","0.282","0.311","69.3","6.9","6.7","5","26.7","19.8","6.4","0","13.9","-3","38.6","39","86.1","18.2","8.5","67.5","26","76.7","31.2","36.3","40.8","17.3"
"2023","Nick Pratto","KCR","345","0.62634409","0.8583691","0.25619835","0.4913928","0.6656051","0.44008264","0.21359223","0.13636364","0.21280992","0.09848485","0","0.09090909","0.232026143","Nick Pratto","22117","668472","Pratto, Nick","668472","2023","40","8.4","0.232","0.353","0.307","0.66","0.292","0.277","0.444","0.413","69.6","6.7","4.7","3.1","21.7","14.1","7.1","4","13.4","-8.3","32.5","41.3","87.5","13.4","8.1","58.7","27.7","78.3","35.3","36.6","24.4","30.8"
"2023","Nick Senzel","CIN","330","0.78193146","0.87250996","0.26997477","0.52052239","0.81003584","0.45079899","0.21097046","0.42","0.19932717","0.02105263","0","0.07989907","0.235880398","Nick Senzel","19293","669222","Senzel, Nick","669222","2023","22.4","7.9","0.236","0.399","0.297","0.696","0.302","0.297","0.353","0.346","69.4","2.5","13.8","11.1","35.4","28.4","7.6","1","11.7","-5","54.2","33.1","87.4","15.2","4.8","70.7","26.8","85","21.6","42.4","25.3","23.1"
"2024","Nick Senzel","- - -","267","0.74087591","0.88669951","0.27263682","0.51002227","0.75545852","0.44676617","0.17619048","0.35135135","0.20895522","0.05555556","0.25","0.07164179","0.194915254","Nick Senzel","19293","669222","Senzel, Nick","669222","2024","22.8","10.5","0.195","0.331","0.283","0.614","0.273","0.301","0.302","0.344","68.7","3.1","6.5","5.3","32.2","26.1","7.5","19","10","-1","54.9","32.6","84","15.5","5.7","66.4","24.9","84","23.9","42","24.4","23.9"
"2025","Nick Sogard","BOS","104","0.61764706","0.92063492","0.255","0.5380117","0.77173913","0.4275","0.13333333","0.66666667","0.225","0.08108108","0.33333333","0.0925","0.260416666","Nick Sogard","25483","686765","Sogard, Nick","686765","2025","23.1","4.8","0.26","0.344","0.317","0.661","0.295","0.302","0.347","0.359","67.8","1.3","8.8","7.3","36.8","30.7","7.1","4","14.9","-4.4","48.4","32.7","86","11.6","5.6","59.6","24.9","85.1","20","43.1","29.2","25"
"2023","Nicky Lopez","- - -","262","0.74204947","0.88095238","0.27690802","0.54566745","0.77682403","0.41780822","0.17521368","0.58536585","0.22896282","0.06410256","0","0.07632094","0.231111111","Nicky Lopez","19339","670032","Lopez, Nicky","670032","2023","15.3","9.9","0.231","0.307","0.326","0.633","0.288","0.294","0.279","0.287","65.1","0","3.8","3","37.9","30.1","6.7","1","9.1","10.9","51.4","29.9","86.7","0.5","1.1","67.9","26.7","84.6","22","57.9","13.2","27.9"
"2024","Nicky Lopez","CHW","445","0.71855011","0.91097923","0.28808354","0.53371593","0.7983871","0.42813268","0.20606061","0.55882353","0.2027027","0.0530303","0.14285714","0.08108108","0.24120603","Nicky Lopez","19339","670032","Lopez, Nicky","670032","2024","15.1","8.3","0.241","0.294","0.312","0.606","0.275","0.273","0.279","0.276","64.1","0.5","3","2.5","39.9","32.6","6.7","16","8.7","8.4","59.6","27.8","85","5.6","1.5","68.6","28","86.5","19.4","56.7","19.3","19.6"
"2026","Nicky Lopez","- - -","170","0.77777778","0.88888889","0.26513912","0.56343284","0.8410596","0.4386252","0.26356589","0.55882353","0.2111293","0.05769231","0.33333333","0.08510638","0.302631578","Nicky Lopez","19339","670032","Lopez, Nicky","670032","2026","14.7","4.7","0.303","0.342","0.344","0.686","0.308","0.268","0.337","0.287","66.1","0","5.5","4.3","37.3","29.6","6.8","2","8","9.3","58.5","26.1","85.1","2.4","0","70.5","33.5","86.7","19.1","61.5","14.1","20.7"
"2023","Nico Hoerner","CHC","688","0.62623413","0.94594595","0.2792438","0.51809524","0.90625","0.41354864","0.26548673","0.69333333","0.22252855","0.06976744","0.33333333","0.08467901","0.282714054","Nico Hoerner","21479","663538","Hoerner, Nico","663538","2023","12.1","7.1","0.283","0.383","0.346","0.729","0.322","0.313","0.327","0.316","68.8","2.6","10.3","9.2","39.7","35.2","7.1","5","4.5","-0.3","42.6","32.7","86.6","10.5","1.8","60.5","30.5","93.2","12.5","47.2","20.3","25.5"
"2024","Nico Hoerner","CHC","641","0.6645469","0.95454545","0.27182368","0.54365079","0.91058394","0.43560933","0.2815735","0.69117647","0.20872947","0.06185567","0.08333333","0.08383751","0.273195876","Nico Hoerner","21479","663538","Hoerner, Nico","663538","2024","10.3","6.9","0.273","0.373","0.335","0.708","0.313","0.318","0.312","0.318","68.2","2.8","7.1","6.4","35.3","31.6","7.1","11","4.8","-1.3","43.4","32.6","85.7","10.4","1.2","63.8","31.9","93.2","11.9","43.9","19.5","29.9"
"2025","Nico Hoerner","CHC","649","0.67008798","0.97155361","0.29587852","0.52893401","0.90978887","0.42733189","0.27824268","0.63157895","0.20737527","0.05","0.375","0.06941432","0.297161936","Nico Hoerner","21479","663538","Hoerner, Nico","663538","2025","7.6","6","0.297","0.394","0.345","0.739","0.324","0.322","0.323","0.32","68.4","2.6","9.6","8.8","40","36.4","7.2","16","5.9","-1.9","48.3","33.3","86.7","12.5","2.4","63.4","32.5","94.9","11.2","44.9","23.8","25.5"
"2026","Nico Hoerner","CHC","470","0.64142539","0.96527778","0.2695078","0.52279202","0.91553134","0.42136855","0.23876404","0.67058824","0.21368547","0.11320755","0.33333333","0.09543818","0.252955082","Nico Hoerner","21479","663538","Hoerner, Nico","663538","2026","8.3","7.9","0.253","0.348","0.317","0.665","0.297","0.324","0.283","0.315","68.3","1.3","7.8","7.1","40","36.2","7.2","11","5.5","-1.3","47.2","32.1","86","13.1","0.8","60.6","31.3","95.5","11.7","41.6","20.3","29.8"
"2024","Niko Kavadas","LAA","106","0.61068702","0.825","0.28172043","0.44897959","0.625","0.42150538","0.13265306","0.23076923","0.21075269","0.025","0","0.08602151","0.182795698","Niko Kavadas","29782","694359","Kavadas, Niko","694359","2024","38.7","10.4","0.183","0.333","0.283","0.616","0.278","0.291","0.392","0.42","70.4","8.9","15.7","10.8","33.3","22.9","7","5","18","-0.1","52.4","40.4","91.7","27.3","11.5","59.7","17.6","74.6","34.1","17.3","50","25"
"2023","Noelvi Marte","CIN","123","0.728","0.87912088","0.28153153","0.50802139","0.75789474","0.42117117","0.21875","0.42857143","0.21621622","0.05555556","0","0.08108108","0.315789473","Noelvi Marte","26517","682622","Marte, Noelvi","682622","2023","20.3","6.5","0.316","0.456","0.366","0.822","0.357","0.341","0.423","0.401","74","41","23.4","17.6","41.8","31.4","7.3","0","6.9","-2.8","44.6","30.3","91.3","1.9","7.9","64.8","28.6","83","26.3","52.8","19.1","24.7"
"2024","Noelvi Marte","CIN","242","0.7962963","0.88372093","0.24489796","0.62154696","0.72444444","0.41043084","0.31455399","0.3880597","0.2414966","0.14285714","0","0.1031746","0.209606986","Noelvi Marte","26517","682622","Marte, Noelvi","682622","2024","31","3.7","0.21","0.301","0.248","0.549","0.243","0.272","0.325","0.37","73.1","33.6","12.8","8.9","27","18.6","7.5","8","10.1","-4.9","53.9","32","87","11.4","6.5","74.4","37.1","80.9","32.1","45.8","21.3","22.6"
"2025","Noelvi Marte","CIN","360","0.75862069","0.88016529","0.25177585","0.59057971","0.74539877","0.43567482","0.28731343","0.50649351","0.21152328","0.0859375","0.09090909","0.10102605","0.262536873","Noelvi Marte","26517","682622","Marte, Noelvi","682622","2025","23.6","4.4","0.263","0.448","0.3","0.748","0.321","0.304","0.4","0.377","73.2","32.9","15.8","11.8","32.7","24.5","7.4","15","9.7","-4.1","61.9","31","88.5","12.7","9.1","70.6","33.1","80.7","27.1","45.7","25.4","21.5"
"2026","Noelvi Marte","CIN","161","0.6971831","0.95959596","0.24190801","0.564","0.72340426","0.42589438","0.36296296","0.65306122","0.22998296","0.15","0.11111111","0.10221465","0.190789473","Noelvi Marte","26517","682622","Marte, Noelvi","682622","2026","23.6","5.6","0.191","0.349","0.236","0.585","0.256","0.263","0.306","0.318","72.5","28.5","11.4","8.8","29.4","22.6","7.3","5","9.2","-3.7","54","31.9","87.9","8.8","6.3","65.8","39","87.7","25.3","57.9","19.3","14"
"2023","Nolan Arenado","STL","612","0.69581056","0.91884817","0.24026258","0.54592363","0.85822306","0.42407002","0.30570902","0.53012048","0.23763676","0.13839286","0.19354839","0.09803063","0.266071428","Nolan Arenado","9777","571448","Arenado, Nolan","571448","2023","16.5","6.7","0.266","0.459","0.315","0.774","0.327","0.32","0.367","0.358","71.3","15.3","12.4","10.7","31.7","27.2","8.2","14","12","-5.7","55.5","34.6","88.8","16.9","7.3","65.5","34.1","89.6","20.2","38.8","25.7","24"
"2024","Nolan Arenado","STL","635","0.68251534","0.93707865","0.26590538","0.52321083","0.85767098","0.42169657","0.26868327","0.57615894","0.22920065","0.05392157","0.09090909","0.08319739","0.271626297","Nolan Arenado","9777","571448","Arenado, Nolan","571448","2024","14.5","6.9","0.272","0.394","0.325","0.719","0.314","0.299","0.336","0.317","70.7","12.7","9.1","7.8","32.3","27.5","8.2","29","11.3","-7.4","55.6","33.3","86.3","16.9","3.3","63.9","30","90.3","17.2","39.4","23.5","27.8"
"2025","Nolan Arenado","STL","436","0.6835443","0.95185185","0.24905422","0.56709957","0.82951654","0.4369483","0.29722222","0.59813084","0.22698613","0.05797101","0.25","0.08701135","0.23690773","Nolan Arenado","9777","571448","Arenado, Nolan","571448","2025","11.2","6.4","0.237","0.377","0.289","0.666","0.287","0.289","0.295","0.298","71.4","16.8","11.3","9.6","34","28.9","8.4","16","10.6","-9","56.3","33.2","86.8","19","4","64.9","33.9","91.2","17.9","36.5","30.1","21.6"
"2026","Nolan Arenado","ARI","397","0.62102689","0.88976378","0.25886076","0.55379747","0.79714286","0.4","0.25198939","0.50526316","0.23860759","0.06790123","0.27272727","0.10253165","0.244318181","Nolan Arenado","9777","571448","Arenado, Nolan","571448","2026","21.4","9.1","0.244","0.42","0.322","0.742","0.324","0.299","0.37","0.333","71.3","15.5","8.7","6.8","29","22.6","8.4","22","12.9","-11.2","57.3","33.2","85.3","17.8","7","62.4","30.4","83.5","24.2","38.9","25.9","23.3"
"2023","Nolan Gorman","STL","464","0.80371901","0.80976864","0.25635593","0.54077792","0.64965197","0.42213983","0.20550847","0.28865979","0.25","0.05185185","0","0.07150424","0.236453201","Nolan Gorman","22263","669357","Gorman, Nolan","669357","2023","31.9","11.4","0.236","0.478","0.328","0.806","0.345","0.351","0.466","0.478","74","37.1","13.8","9.4","25.9","17.6","7.5","6","18.9","-2","37.6","36.6","91","22.2","16.6","72.8","27.7","72","35.6","28.5","38.5","23.8"
"2024","Nolan Gorman","STL","402","0.77014218","0.77846154","0.26490898","0.56726768","0.58924205","0.45260515","0.19642857","0.3030303","0.21092279","0.07894737","0","0.07156309","0.202739726","Nolan Gorman","22263","669357","Gorman, Nolan","669357","2024","37.6","8.5","0.203","0.4","0.271","0.671","0.29","0.308","0.431","0.464","73","29.4","13.9","9.1","25.9","16.9","7.5","16","17.3","-1.2","47.7","35.8","88.5","20.3","16.7","71","30.3","71.1","38.7","31.9","38.9","21.8"
"2025","Nolan Gorman","STL","402","0.73273942","0.82978723","0.27129909","0.49122807","0.6510989","0.44773414","0.23964497","0.38271605","0.20422961","0.07086614","0.11111111","0.07673716","0.205128205","Nolan Gorman","22263","669357","Gorman, Nolan","669357","2025","33.8","11.7","0.205","0.37","0.296","0.666","0.292","0.296","0.391","0.398","72.7","24.5","13.1","8.9","27.6","18.7","7.6","17","14.7","-1.6","50.8","34.1","89.6","22.3","9.2","66.6","27.7","73.4","34.6","28.3","37.4","25.6"
"2026","Nolan Gorman","STL","229","0.7755102","0.77368421","0.25871172","0.5479798","0.60368664","0.41816262","0.28358209","0.33333333","0.21224921","0.08571429","0","0.11087645","0.19402985","Nolan Gorman","22263","669357","Gorman, Nolan","669357","2026","32.3","10.9","0.194","0.318","0.279","0.597","0.266","0.278","0.34","0.362","73.1","30.5","15.5","9.5","29.1","17.9","7.6","8","17.2","-6.2","48.1","32.3","89.3","22.3","9.2","70.5","31.8","72.5","38.9","31.5","36.9","23.8"
"2023","Nolan Jones","COL","424","0.62701613","0.77491961","0.27418463","0.44344473","0.71884058","0.43007186","0.21705426","0.48809524","0.21393035","0.07432432","0","0.08181316","0.297002724","Nolan Jones","20529","666134","Jones, Nolan","666134","2023","29.7","12.5","0.297","0.542","0.389","0.931","0.395","0.362","0.534","0.478","72.3","27.6","16.8","11.7","28.4","19.7","6.8","8","6.6","2.7","40.8","37.5","90.1","9.8","15.8","57.6","26.1","71.7","31.9","43.8","29.3","23.1"
"2024","Nolan Jones","COL","297","0.62973761","0.89351852","0.26364335","0.42087542","0.72","0.45657187","0.17843866","0.5","0.20676403","0.05263158","0","0.07302075","0.2265625","Nolan Jones","20529","666134","Jones, Nolan","666134","2024","30.6","12.1","0.227","0.32","0.321","0.641","0.287","0.291","0.358","0.365","70.7","16.9","11","8.4","31.4","24.1","6.7","8","5.3","4.6","35.8","36.9","88.2","7.8","6","55.6","23.1","79.7","25.6","52.1","20.7","22.5"
"2025","Nolan Jones","CLE","403","0.69335938","0.85633803","0.3017089","0.48097826","0.74011299","0.43370654","0.21470588","0.36986301","0.20035357","0.03669725","0","0.064231","0.211267605","Nolan Jones","20529","666134","Jones, Nolan","666134","2025","28","9.7","0.211","0.304","0.296","0.6","0.27","0.301","0.321","0.372","72.7","31.2","14.4","10.5","30.8","22.4","6.9","14","8.7","0","45","35.5","90.8","13","8.6","63.4","26.7","78.7","27.9","43.1","26","25.2"
"2023","Nolan Schanuel","LAA","132","0.7173913","0.8989899","0.26037736","0.44155844","0.82352941","0.43584906","0.18691589","0.7","0.20188679","0","null","0.10188679","0.275229357","Nolan Schanuel","33189","694384","Schanuel, Nolan","694384","2023","14.4","15.2","0.275","0.33","0.402","0.732","0.336","0.347","0.319","0.333","64.8","0.5","3.8","3.1","39.6","32.6","6.5","3","9.5","3.2","48","38.4","85.4","6.5","2.2","64","20.6","85.5","17.6","51.1","17.8","28.9"
"2024","Nolan Schanuel","LAA","607","0.67862969","0.92788462","0.26018676","0.47152847","0.85805085","0.42487267","0.16030534","0.66666667","0.22241087","0.02752294","0.33333333","0.09252971","0.250481695","Nolan Schanuel","33189","694384","Schanuel, Nolan","694384","2024","17","11.2","0.25","0.362","0.343","0.705","0.315","0.322","0.324","0.333","65.1","2.5","5.5","4.8","36.4","31.8","6.6","13","8.9","1.7","45.8","39","86.1","10.3","3.5","62","21.7","90.1","14.4","46.2","22.5","27.7"
"2025","Nolan Schanuel","LAA","564","0.72287145","0.94457275","0.27912395","0.47578041","0.83710407","0.43289842","0.18640351","0.58823529","0.21248835","0.0308642","0.2","0.07548928","0.264344262","Nolan Schanuel","33189","694384","Schanuel, Nolan","694384","2025","12.6","10.5","0.264","0.389","0.353","0.742","0.327","0.327","0.325","0.325","67.4","5.9","9.3","8","38.5","33","6.7","13","8.6","-0.7","45.3","38.4","87.5","13.2","4.5","65.4","24","91","15","42.9","25","26.9"
"2026","Nolan Schanuel","LAA","371","0.65498652","0.97119342","0.26462197","0.51689189","0.83660131","0.42225392","0.23125","0.63513514","0.22824536","0.05882353","0","0.08487874","0.279635258","Nolan Schanuel","33189","694384","Schanuel, Nolan","694384","2026","13.7","8.9","0.28","0.392","0.353","0.745","0.332","0.334","0.341","0.343","68","5.8","8.5","7.3","38","32.5","6.8","15","7.7","-3.8","50.1","35.3","87.4","11.1","2.5","62.9","28.2","90.5","16.7","45.2","19.6","30.2"
"2024","Oliver Dunn","MIL","104","0.7238806","0.84536082","0.32057416","0.42134831","0.57333333","0.42583732","0.1375","0.18181818","0.19138756","0.07692308","0","0.06220096","0.221052631","Oliver Dunn","26295","686554","Dunn, Oliver","686554","2024","38.5","5.8","0.221","0.316","0.282","0.598","0.266","0.266","0.397","0.397","75.1","54.6","11.2","7.1","30.3","19.1","7.6","2","11.1","-1.1","59.7","28.9","89.1","6.6","5.4","62.3","20.9","72.8","36.2","50","23.2","23.2"
"2023","Omar Narváez","NYM","146","0.78082192","0.87719298","0.25347222","0.4962963","0.8358209","0.46875","0.13333333","0.6875","0.20833333","0.025","0","0.06944444","0.2109375","Omar Narvaez","13338","553882","Narváez, Omar","553882","2023","18.5","9.6","0.211","0.297","0.283","0.58","0.259","0.314","0.268","0.344","67.2","1.2","9.9","8.3","34.8","29.2","7.1","1","11.7","-1.5","48.2","38.5","86","21","7.6","68.7","24","85.6","16.6","26.7","40","26.7"
"2024","Oneil Cruz","PIT","599","0.66952055","0.81841432","0.24527509","0.51956947","0.6873823","0.42923142","0.29541284","0.34161491","0.22889542","0.07826087","0.05555556","0.09659807","0.258780036","Oneil Cruz","21711","665833","Cruz, Oneil","665833","2024","30.2","8.5","0.259","0.449","0.324","0.773","0.331","0.344","0.447","0.469","78.5","74.9","24.4","16.4","34","22.9","7.7","10","7.8","-5.6","40.9","33.1","95.5","9.8","15.7","63","31.8","76","34.1","48.1","20.6","25.3"
"2025","Oneil Cruz","PIT","544","0.63729508","0.79421222","0.21834452","0.46919918","0.70459519","0.43579418","0.25177305","0.42957746","0.25234899","0.09090909","0","0.0935123","0.199575371","Oneil Cruz","21711","665833","Cruz, Oneil","665833","2025","32","11.8","0.2","0.378","0.298","0.676","0.295","0.324","0.38","0.433","78.8","78.2","25.2","17.1","32.7","22.2","7.8","19","9","-7","47.5","33.4","95.8","8.1","18","58.2","28.2","76.2","34","48.3","25.2","21.9"
"2026","Oneil Cruz","PIT","283","0.62825279","0.81656805","0.23249784","0.52109705","0.65991903","0.40968021","0.27737226","0.31578947","0.23681936","0.09285714","0","0.12100259","0.264","Oneil Cruz","21711","665833","Cruz, Oneil","665833","2026","34.6","10.6","0.264","0.472","0.35","0.822","0.357","0.358","0.516","0.521","78.4","77.2","24.9","15.7","34.7","21.9","7.6","7","7.7","-6.2","42.9","33.1","96","7.6","16.7","58.4","32.4","75.1","37.8","47.4","24.3","25"
"2023","Orlando Arcia","ATL","533","0.72145329","0.85851319","0.27110694","0.52459016","0.75","0.42917448","0.17211329","0.53164557","0.21529081","0.05","0","0.08442777","0.264344262","Orlando Arcia","13185","606115","Arcia, Orlando","606115","2023","19.1","7.3","0.264","0.42","0.321","0.741","0.321","0.301","0.365","0.338","70.7","20.3","13","10.3","32.7","25.8","7.7","8","7.3","-2.9","59.8","26.8","88.2","5.4","6.9","65.5","26.4","82.3","24.3","53.5","20.8","19.5"
"2024","Orlando Arcia","ATL","602","0.76762821","0.89770355","0.26758148","0.55314757","0.7369403","0.41552316","0.21928166","0.42241379","0.22684391","0.05714286","0","0.09005146","0.217785843","Orlando Arcia","13185","606115","Arcia, Orlando","606115","2024","21.3","6.8","0.218","0.354","0.271","0.625","0.273","0.262","0.313","0.298","70.8","13.4","12.2","9.2","34.1","25.7","7.9","25","8.2","-2.7","61.9","25.4","88.2","8.6","5.3","70.9","27.5","82.3","26.6","49.9","21.3","20.2"
"2025","Orlando Arcia","- - -","214","0.78902954","0.87165775","0.30229592","0.59876543","0.78350515","0.41326531","0.24223602","0.41025641","0.20535714","0.0483871","0","0.07908163","0.201970443","Orlando Arcia","13185","606115","Arcia, Orlando","606115","2025","22","4.7","0.202","0.291","0.238","0.529","0.233","0.236","0.273","0.278","70.5","14.9","13","10","30.2","23.3","7.8","12","7.2","-0.3","57.1","26.8","87.4","7","2.6","72.8","33.1","82","24.8","49.7","21","22.9"
"2023","Oscar Colás","CHW","263","0.72815534","0.87333333","0.22055675","0.6318408","0.72440945","0.43040685","0.4185022","0.34736842","0.24304069","0.03030303","0.66666667","0.10599572","0.21632653","Oscar Colas","30162","693049","Colás, Oscar","693049","2023","27","4.6","0.216","0.314","0.257","0.571","0.249","0.266","0.316","0.342","75.5","56.9","17.2","11.2","31.7","20.7","7.7","6","7.5","-3.9","40.5","33.3","88.9","7.1","7.9","70.1","39.8","80.2","31.8","51.7","15.7","22.5"
"2023","Oscar Gonzalez","CLE","180","0.72368421","0.80909091","0.22125182","0.67586207","0.76530612","0.42212518","0.53012048","0.53409091","0.24163028","0.13924051","0.36363636","0.11499272","0.213872832","Oscar Gonzalez","20970","660757","Gonzalez, Oscar","660757","2023","25.6","2.8","0.214","0.312","0.239","0.551","0.239","0.27","0.303","0.348","73.7","41.7","17.5","12.4","27.3","19.3","7.2","1","4.8","0","37.3","31.7","88.5","6.4","7.8","71.2","48.8","78.4","30.4","50.8","21.1","23.4"
"2023","Oswald Peraza","NYY","191","0.78536585","0.8757764","0.28432732","0.54137931","0.63057325","0.40221914","0.21084337","0.31428571","0.23023578","0.05","0","0.08321775","0.190751445","Oswald Peraza","22823","672724","Peraza, Oswald","672724","2023","26.2","6.8","0.191","0.272","0.267","0.539","0.246","0.282","0.279","0.334","71.7","20.2","10.6","6.9","33.5","21.8","7.4","5","10.1","-7.8","48.5","26.8","87.2","9.8","4.1","72.9","27.8","77.5","33.1","50.4","18.7","21.1"
"2025","Oswald Peraza","- - -","265","0.73986486","0.85844749","0.29511466","0.60421546","0.62015504","0.42572283","0.21495327","0.32608696","0.21335992","0.04545455","0.33333333","0.06580259","0.163934426","Oswald Peraza","22823","672724","Peraza, Oswald","672724","2025","30.2","6.4","0.164","0.25","0.223","0.473","0.214","0.248","0.262","0.318","73.6","33.5","14.5","9.8","29.9","20.2","7.7","11","7.5","-2.7","51.9","26.3","87.1","8","6.7","73.4","30.3","74.9","33.3","51.5","19.4","20"
"2026","Oswald Peraza","LAA","295","0.80645161","0.89777778","0.25761773","0.61505376","0.74125874","0.42936288","0.31512605","0.36","0.21975993","0.13861386","0","0.09325946","0.236363636","Oswald Peraza","22823","672724","Peraza, Oswald","672724","2026","30.2","3.7","0.236","0.367","0.282","0.649","0.286","0.275","0.381","0.365","72.5","27.4","12.6","9","26.6","18.9","7.6","11","6.3","-2.4","48.6","28.4","87.3","10","7.5","74.8","37.7","82.4","30.1","50","21.8","23.4"
"2023","Oswaldo Cabrera","NYY","330","0.77346278","0.89539749","0.25307125","0.56805808","0.76996805","0.45126945","0.20833333","0.49090909","0.21621622","0.05154639","0","0.07944308","0.211409395","Oswaldo Cabrera","21707","665828","Cabrera, Oswaldo","665828","2023","21.8","7.6","0.211","0.299","0.275","0.574","0.256","0.26","0.286","0.292","70.1","5.8","5.9","4.5","27.8","21","7.2","0","11.1","-0.3","53","32.9","87.8","13.4","3.5","71.9","27.8","83.4","23.5","48.5","26.4","16"
"2024","Oswaldo Cabrera","NYY","326","0.70358306","0.92592593","0.24230466","0.54937163","0.83333333","0.43962115","0.24579125","0.53424658","0.234412","0.04716981","0","0.08366219","0.247491638","Oswaldo Cabrera","21707","665828","Cabrera, Oswaldo","665828","2024","19.3","6.4","0.247","0.365","0.296","0.661","0.29","0.291","0.329","0.331","68.3","1.7","9.9","8.1","33.9","27.6","7","3","6.2","-1.8","44.3","31","88.2","12.5","3.8","68.2","29.5","90","18.8","44","23.2","25.3"
"2025","Oswaldo Cabrera","NYY","122","0.75735294","0.84466019","0.30839002","0.53703704","0.8045977","0.36734694","0.23300971","0.33333333","0.23356009","0","null","0.09070295","0.242990654","Oswaldo Cabrera","21707","665828","Cabrera, Oswaldo","665828","2025","20.5","9","0.243","0.308","0.322","0.63","0.286","0.284","0.308","0.305","69.2","1.6","10.4","7.9","39.6","29.8","7.3","0","8.5","-0.8","58.3","32.1","89.1","8.8","0","69.1","28.6","80.7","24.3","51.2","14.3","27.4"
"2025","Otto Kemp","PHI","218","0.79411765","0.87301587","0.29095355","0.52706553","0.60540541","0.42909535","0.22857143","0.175","0.21393643","0.11111111","0","0.06601467","0.233502538","Otto Kemp","31792","805249","Kemp, Otto","805249","2025","30.7","5.5","0.234","0.411","0.298","0.709","0.308","0.31","0.408","0.41","72.7","26.1","15.7","10.6","32.3","21.7","7.5","11","11.7","-7.8","46.4","34.7","89.9","11.5","12.1","73.1","29.6","77.3","34.3","43.2","32.6","22.7"
"2024","Otto Lopez","MIA","434","0.74595843","0.91950464","0.2802589","0.56875","0.77747253","0.41423948","0.27932961","0.53","0.23171521","0.02631579","0","0.07378641","0.270471464","Otto Lopez","19608","672640","Lopez, Otto","672640","2024","17.3","5.8","0.27","0.377","0.313","0.69","0.302","0.317","0.341","0.359","70.6","13.9","14.2","11.3","37.7","30","6.6","19","6","1.9","47.5","30.7","88","5.4","5.1","70.4","32","87.6","21.9","54.2","20.2","22.3"
"2025","Otto Lopez","MIA","594","0.70668954","0.91019417","0.27383748","0.50108225","0.84665227","0.43400658","0.23059867","0.48076923","0.21183654","0.04093567","0.14285714","0.0803194","0.246323529","Otto Lopez","19608","672640","Lopez, Otto","672640","2025","13.8","7.4","0.246","0.368","0.305","0.673","0.295","0.33","0.308","0.353","71.7","21.9","17.3","14.4","38","31.5","6.8","19","7.3","-2.2","48.3","30","88.5","8.4","7.1","62.7","29.5","89.3","18.9","48.6","23.2","23.4"
"2026","Otto Lopez","MIA","455","0.66273585","0.94661922","0.25806452","0.502849","0.82719547","0.42726719","0.30831099","0.52173913","0.22702374","0.09027778","0.15384615","0.08764455","0.328571428","Otto Lopez","19608","672640","Lopez, Otto","672640","2026","13.6","5.1","0.329","0.49","0.363","0.853","0.367","0.334","0.404","0.363","71.8","24","19.4","15.8","39.9","32.5","6.8","17","5.4","-3.1","46.7","29.5","89.3","7.6","6.6","61.5","32.8","91","20.2","52.7","21.6","22.1"
"2026","Owen Caissie","MIA","246","0.68181818","0.86666667","0.25907753","0.54314721","0.62616822","0.38665358","0.27868852","0.32352941","0.23945044","0.07692308","0","0.11481845","0.23853211","Owen Caissie","27496","683357","Caissie, Owen","683357","2026","39","7.3","0.239","0.459","0.297","0.756","0.322","0.309","0.5","0.475","74.9","53.8","17.6","11.6","29","19.2","7.1","14","11.4","-2.1","37.1","36.2","91.8","16.7","16.3","65.6","30.1","75.7","36.7","37.2","33.3","25.6"
"2023","Owen Miller","MIL","314","0.6627907","0.89473684","0.2885906","0.55298651","0.82926829","0.43540268","0.24279835","0.61016949","0.20385906","0.02325581","0","0.07214765","0.261168384","Owen Miller","24655","680911","Miller, Owen","680911","2023","19.4","5.4","0.261","0.371","0.303","0.674","0.292","0.288","0.337","0.332","69.2","4.4","5.8","4.4","30.4","23.3","6.6","1","10","-1.4","53.8","33.1","86.3","12.9","3.4","63.9","31.5","86.6","18.4","41.5","30.8","23.1"
"2023","Ozzie Albies","ATL","660","0.84210526","0.91477273","0.24463519","0.63753724","0.81464174","0.39289895","0.31825273","0.62745098","0.25009754","0.09027778","0.26923077","0.11236832","0.280201342","Ozzie Albies","16556","645277","Albies, Ozzie","645277","2023","16.2","7","0.28","0.513","0.336","0.849","0.358","0.341","0.4","0.377","69.8","10.7","11.4","9.3","30.7","25.1","7.3","7","13.7","-6.4","59.7","34.3","88.7","16.6","8.3","77.9","35.2","86.7","20.6","36.8","33.8","23.7"
"2024","Ozzie Albies","ATL","435","0.87529412","0.89247312","0.25773196","0.66229985","0.78681319","0.41661613","0.24739583","0.62105263","0.23286841","0.06535948","0.3","0.09278351","0.250626566","Ozzie Albies","16556","645277","Albies, Ozzie","645277","2024","14.9","6.2","0.251","0.404","0.303","0.707","0.307","0.308","0.329","0.33","69","7.4","8.1","6.5","33.1","26.8","7.2","7","12.7","-5.2","57.6","33.9","88.4","18.4","6.2","82.6","33.6","84.6","20.5","38.2","29","23.1"
"2025","Ozzie Albies","ATL","667","0.82491582","0.90612245","0.24822399","0.62710188","0.77917981","0.42248224","0.26597582","0.68831169","0.2419557","0.0861244","0.22222222","0.08733807","0.240464344","Ozzie Albies","16556","645277","Albies, Ozzie","645277","2025","14.1","8.2","0.24","0.365","0.306","0.671","0.295","0.299","0.304","0.31","69","7","8.3","6.7","35.2","28.5","7.2","17","12.7","-5.3","58.5","35","87.5","18.7","4.9","77.9","33.5","85.2","20.8","37.2","28.4","23.5"
"2026","Ozzie Albies","ATL","470","0.85405405","0.89873418","0.22397094","0.65889213","0.80973451","0.41525424","0.3308642","0.60447761","0.24515738","0.14136126","0.33333333","0.11561743","0.260047281","Ozzie Albies","16556","645277","Albies, Ozzie","645277","2026","14.7","6.6","0.26","0.437","0.311","0.748","0.322","0.286","0.346","0.3","69","5.7","8.5","6.7","34.5","27.3","7.2","13","12.1","-5.3","57.7","34.9","86.9","18.2","4.4","79.3","38","85.4","21.6","34","33.2","24.7"
"2023","Pablo Reyes","BOS","185","0.64251208","0.92481203","0.29196051","0.45117845","0.85074627","0.41889986","0.18421053","0.60714286","0.21438646","0","null","0.07475317","0.287425149","Pablo Reyes","16357","622569","Reyes, Pablo","622569","2023","11.4","7.6","0.287","0.377","0.339","0.716","0.315","0.311","0.323","0.318","69.3","4.5","15.9","14.3","44.2","39.6","7.2","2","9.6","-1","71","28.2","88.1","14.7","4","62.2","20.1","88.1","14.9","43.3","21.3","24.7"
"2023","Parker Meadows","DET","145","0.68918919","0.91176471","0.24915825","0.48679245","0.75193798","0.44612795","0.15789474","0.33333333","0.22390572","0.02083333","0","0.08080808","0.232","Parker Meadows","23800","678009","Meadows, Parker","678009","2023","25.5","11.7","0.232","0.368","0.331","0.699","0.308","0.326","0.357","0.385","70","4.5","9.9","7.6","31.6","24.1","7.3","6","7.7","-3.9","53.5","32.4","89.3","18.3","9","63.4","23","85.3","24","36","24.7","30.3"
"2024","Parker Meadows","DET","298","0.67177914","0.89041096","0.27371956","0.54819277","0.72527473","0.41813602","0.16606498","0.2173913","0.23257767","0.04444444","0","0.07556675","0.244444444","Parker Meadows","23800","678009","Meadows, Parker","678009","2024","25.5","8.4","0.244","0.433","0.31","0.743","0.321","0.301","0.397","0.367","70.5","9.6","11.4","8.6","31.3","23.5","7.3","15","9.5","-4.4","50.4","31.5","87","18.5","7.7","65.9","25.8","83.6","27","33.2","31.1","25"
"2025","Parker Meadows","DET","213","0.68085106","0.85625","0.27389277","0.49479167","0.70526316","0.44755245","0.17142857","0.36666667","0.2039627","0.015625","0","0.07459207","0.214659685","Parker Meadows","23800","678009","Meadows, Parker","678009","2025","26.3","9.9","0.215","0.33","0.291","0.621","0.277","0.291","0.327","0.35","69.9","6","10.9","7.8","32.4","23.2","7.3","8","7.8","-3.8","47.8","30.1","86.9","12.5","5.2","64.8","23.9","83.6","28.8","44.1","16.9","30.1"
"2023","Patrick Bailey","SFG","353","0.6953317","0.87632509","0.28844791","0.52231405","0.74050633","0.42877392","0.17708333","0.37254902","0.20411056","0.05405405","0","0.07866761","0.233128834","Patrick Bailey","27478","672275","Bailey, Patrick","672275","2023","28.3","5.9","0.233","0.359","0.285","0.644","0.282","0.312","0.362","0.408","70","6.8","10.2","7.7","28.4","21.3","7.3","4","10.7","-0.6","49.7","33.8","88.7","10.2","10","65.1","26.6","81.9","26.2","43.7","25.8","26.2"
"2024","Patrick Bailey","SFG","448","0.78656126","0.89949749","0.28395062","0.50474898","0.7688172","0.41358025","0.20930233","0.34567901","0.21717172","0.01973684","0","0.08529742","0.234413965","Patrick Bailey","27478","672275","Bailey, Patrick","672275","2024","22.3","8.7","0.234","0.339","0.298","0.637","0.281","0.322","0.321","0.38","71.3","13.2","15.5","12.1","36","28","7.3","9","7.7","-0.7","40.8","33.7","91.3","12.1","5.5","70.2","25.1","84.3","23.4","41.1","24.9","30.7"
"2025","Patrick Bailey","SFG","452","0.75319149","0.87853107","0.27262181","0.5234375","0.7238806","0.44547564","0.21428571","0.24358974","0.21113689","0.05737705","0","0.07076566","0.222493887","Patrick Bailey","27478","672275","Bailey, Patrick","672275","2025","29.4","6.6","0.222","0.325","0.277","0.602","0.265","0.264","0.34","0.339","71.5","15.7","13.4","9.9","31.1","22.9","7.3","11","8.5","-3.4","45.2","32.9","88.2","15.6","5.6","68.4","29.1","82.2","28.6","38.5","29.7","23.8"
"2026","Patrick Bailey","- - -","228","0.76170213","0.88826816","0.26111111","0.54891304","0.72277228","0.40888889","0.30143541","0.49206349","0.23222222","0.04545455","0","0.09777778","0.192307692","Patrick Bailey","27478","672275","Bailey, Patrick","672275","2026","25","7","0.192","0.298","0.248","0.546","0.244","0.291","0.287","0.357","73","34.2","12.8","9.4","31.2","23","7.3","8","6.9","-2.2","39.1","33.1","90.2","13.2","7.1","70.6","32.6","82.4","27.1","45.8","23.9","22.6"
"2023","Patrick Wisdom","CHC","302","0.79378531","0.81494662","0.26858877","0.495637","0.6584507","0.43474962","0.16723549","0.24489796","0.22230653","0.02040816","0","0.07435508","0.20522388","Patrick Wisdom","13602","621550","Wisdom, Patrick","621550","2023","36.8","9.9","0.205","0.5","0.289","0.789","0.333","0.333","0.493","0.494","76.6","71.2","22.8","15.9","33.7","23.5","8","3","14.9","-6.9","68.6","32.1","92.7","21.7","20.1","70","24.1","73.2","33.8","32.1","39.6","17.6"
"2024","Patrick Wisdom","CHC","174","0.79245283","0.85119048","0.30242511","0.48639456","0.66433566","0.41940086","0.22916667","0.21212121","0.20542083","0","null","0.07275321","0.170886075","Patrick Wisdom","13602","621550","Wisdom, Patrick","621550","2024","33.9","5.7","0.171","0.392","0.237","0.629","0.271","0.294","0.372","0.412","75.4","56","14.7","10.4","27.5","19.4","7.9","9","14.2","-7.2","63.8","31.1","90.9","28","16","71.3","25.7","77.7","31.4","25.7","45.5","13.9"
"2023","Paul DeJong","- - -","400","0.79328165","0.84364821","0.27176966","0.59053834","0.63535912","0.43047753","0.25974026","0.2375","0.21629213","0.06896552","0","0.08146067","0.206989247","Paul DeJong","18015","657557","DeJong, Paul","657557","2023","30.3","5.3","0.207","0.355","0.258","0.613","0.266","0.277","0.349","0.366","69.4","3","8","5.3","35.4","23.4","6.9","13","14.9","-4","53.5","36.3","85.5","16.8","6.7","71.3","35.9","76.2","35.4","39.9","28.1","21.7"
"2024","Paul DeJong","- - -","482","0.85220729","0.78378378","0.28146948","0.65819568","0.66602317","0.42517558","0.25117371","0.26168224","0.23014587","0.04273504","0","0.06320908","0.226966292","Paul DeJong","18015","657557","DeJong, Paul","657557","2024","32.4","4.8","0.227","0.427","0.276","0.703","0.302","0.293","0.42","0.404","72","15.4","11.9","8.1","26.9","18.2","6.9","11","16","-1.7","56.3","34.9","87.8","20","10.2","80.6","34.3","73.7","34.9","32","33.3","24.5"
"2025","Paul DeJong","WSN","208","0.8244898","0.88118812","0.2998776","0.61318052","0.59345794","0.42717258","0.29113924","0.34782609","0.19339045","0.07692308","0","0.07955936","0.227979274","Paul DeJong","18015","657557","DeJong, Paul","657557","2025","33.7","5.3","0.228","0.373","0.269","0.642","0.278","0.259","0.392","0.362","72.2","16.5","11.3","7.7","26.1","17.9","6.9","3","16.1","-4.4","53.1","34.7","88.1","22.7","10.3","76.4","36.8","78.8","33.2","29.4","34.1","25.4"
"2023","Paul Goldschmidt","STL","687","0.67829457","0.80190476","0.27186512","0.48847139","0.77447552","0.41131015","0.21253823","0.54676259","0.22971549","0.06451613","0.3125","0.08710924","0.268128161","Paul Goldschmidt","9218","502671","Goldschmidt, Paul","502671","2023","23.4","12.7","0.268","0.447","0.363","0.81","0.35","0.365","0.413","0.436","72","18.5","15.7","11.8","28.8","21.8","7.5","3","8.6","5.9","46.4","32.7","91.3","12.8","12","61.9","26.6","76.8","27.5","41.4","26.9","25.7"
"2024","Paul Goldschmidt","STL","654","0.6981383","0.81142857","0.27677586","0.52225021","0.74276527","0.43835112","0.24412297","0.59259259","0.20353331","0.06334842","0.07142857","0.08133971","0.245409015","Paul Goldschmidt","9218","502671","Goldschmidt, Paul","502671","2024","26.5","7.2","0.245","0.414","0.302","0.716","0.31","0.332","0.393","0.428","72.4","24.1","17.8","13.2","33.3","24.7","7.7","10","11","2.1","53.2","32","91.2","13.1","10.8","65.2","29.5","77.9","27.4","43.7","26.9","23.8"
"2025","Paul Goldschmidt","NYY","534","0.7032967","0.87053571","0.30449331","0.51760563","0.80498866","0.40726577","0.23266219","0.66346154","0.21367113","0.03846154","0.33333333","0.07456979","0.274028629","Paul Goldschmidt","9218","502671","Goldschmidt, Paul","502671","2025","18.7","6.7","0.274","0.403","0.328","0.731","0.316","0.329","0.363","0.381","72.6","21.8","15.8","12.9","34.1","27.7","7.6","9","9.6","2.5","51.3","31.9","90.4","15.9","8","66.2","27.4","83.6","20.5","38.9","29.7","25.8"
"2026","Paul Goldschmidt","NYY","306","0.69047619","0.81280788","0.24789207","0.53219697","0.76512456","0.44519393","0.2890625","0.59459459","0.2158516","0.07407407","0.25","0.09106239","0.258064516","Paul Goldschmidt","9218","502671","Goldschmidt, Paul","502671","2026","23.9","7.5","0.258","0.473","0.32","0.793","0.342","0.312","0.42","0.375","71.3","13.7","13.7","10.2","31.3","23.2","7.5","3","11.7","3.1","51.1","32.6","86.3","13.5","11.1","63.4","33.3","77","26.8","44.4","28.5","19.8"
"2023","Pavin Smith","ARI","228","0.67555556","0.93421053","0.24377031","0.42542787","0.81034483","0.44312026","0.19827586","0.41304348","0.25135428","0.01754386","0","0.06175515","0.188481675","Pavin Smith","19892","656976","Smith, Pavin","656976","2023","19.7","15.4","0.188","0.325","0.317","0.642","0.293","0.328","0.284","0.338","72.7","11.8","6.3","5.9","18.8","17.6","7.5","1","12.6","-8.2","64.7","32.4","89.9","13.8","7.6","58.3","23.2","89.8","20.1","43.8","26.7","21.9"
"2024","Pavin Smith","ARI","158","0.63793103","0.96396396","0.27575277","0.41762452","0.66972477","0.41362916","0.15068493","0.54545455","0.23137876","0","null","0.0792393","0.270072992","Pavin Smith","19892","656976","Smith, Pavin","656976","2024","19.6","11.4","0.27","0.547","0.348","0.895","0.377","0.396","0.433","0.461","72.8","31.6","19.7","15.8","40.5","32.6","7.4","4","10.9","-3.4","53.2","31.4","90.2","13.1","14.7","59.3","17.9","85.9","21.5","43.1","28.4","22.9"
"2025","Pavin Smith","ARI","288","0.61473088","0.79262673","0.2814992","0.44464945","0.71784232","0.43221691","0.19291339","0.32653061","0.20255183","0.01904762","0","0.08373206","0.258196721","Pavin Smith","19892","656976","Smith, Pavin","656976","2025","31.9","14.2","0.258","0.434","0.362","0.796","0.348","0.319","0.466","0.413","72","21.5","14.4","10.2","31.3","22.2","7.3","22","13.3","1.1","51.3","32.6","90.1","12.4","11.7","57.3","22.7","75.9","31.8","42.2","24.7","27.9"
"2024","Pedro Pagés","STL","218","0.69547325","0.91715976","0.28928571","0.54678363","0.70053476","0.40714286","0.34408602","0.59375","0.22142857","0.10144928","0.28571429","0.08214286","0.237623762","Pedro Pages","25782","686780","Pagés, Pedro","686780","2024","26.6","6","0.238","0.376","0.281","0.657","0.286","0.283","0.363","0.36","71.8","23.2","11.7","8.7","28.3","21.1","6.9","8","5.6","1.7","37.8","31","89","11.8","4.9","66.4","35","83.7","26.1","42.9","24.5","27.2"
"2025","Pedro Pagés","STL","389","0.71121718","0.90268456","0.28196501","0.57980456","0.74438202","0.41318977","0.33660131","0.40776699","0.20592194","0.06802721","0.1","0.09892328","0.229916897","Pedro Pages","25782","686780","Pagés, Pedro","686780","2025","27.5","4.9","0.23","0.363","0.272","0.635","0.276","0.259","0.356","0.332","72.6","27.3","12.7","9.3","26.4","19.4","7.1","18","6.9","-2.7","40.8","30.5","88","12.4","7.4","67.1","35.9","85.2","27.7","43.1","25.8","23.1"
"2026","Pedro Pagés","STL","168","0.68292683","0.875","0.24260355","0.57491289","0.76969697","0.42455621","0.33986928","0.46153846","0.22633136","0.18055556","0.23076923","0.10650888","0.203947368","Pedro Pages","25782","686780","Pagés, Pedro","686780","2026","25.6","4.8","0.204","0.322","0.25","0.572","0.253","0.266","0.31","0.33","72.5","21.1","11.3","8.4","22.6","16.9","7.1","8","11.2","-5.9","46.2","32.3","86.5","15","5.3","64.8","37.6","85.1","27.1","44.3","27","18.3"
"2023","Pete Alonso","NYM","658","0.65842349","0.8685446","0.25204519","0.51341351","0.76576577","0.42111414","0.21649485","0.47619048","0.2267238","0.05447471","0","0.10011687","0.216549295","Pete Alonso","19251","624413","Alonso, Pete","624413","2023","22.9","9.9","0.217","0.504","0.318","0.822","0.346","0.369","0.402","0.438","75.7","56.1","16.9","12.8","25.7","19.4","7.4","6","13.4","-7.3","55.1","31.5","89.5","18.2","14.7","61.8","27.5","82.2","26.2","36.3","35.4","19"
"2024","Pete Alonso","NYM","695","0.65832106","0.89932886","0.2442446","0.48666667","0.79623288","0.43165468","0.21745789","0.38028169","0.23489209","0.0766129","0","0.08920863","0.240131578","Pete Alonso","19251","624413","Alonso, Pete","624413","2024","24.7","10.1","0.24","0.459","0.329","0.788","0.34","0.345","0.409","0.418","75.2","51.6","18.6","14.3","29.7","22.8","7.3","19","9.7","-2.9","56","31.7","89.8","14.4","13.2","61","25.9","85.8","24.7","42","28.2","21.1"
"2025","Pete Alonso","NYM","709","0.71251719","0.85714286","0.25908767","0.53276596","0.78434505","0.41874555","0.2173913","0.45517241","0.23770492","0.0464135","0","0.08446187","0.272435897","Pete Alonso","19251","624413","Alonso, Pete","624413","2025","22.8","8.6","0.272","0.524","0.347","0.871","0.368","0.386","0.445","0.471","75.2","53.2","23","17.4","33.8","25.6","7.1","15","10.1","1.3","59.8","33.8","93.5","15.4","18.9","65.7","27.4","81.6","25.6","37.8","29.9","25.5"
"2026","Pete Alonso","BAL","476","0.68080808","0.84866469","0.25581395","0.51956815","0.76623377","0.38294574","0.24634656","0.45762712","0.24754522","0.05909091","0","0.11369509","0.248780487","Pete Alonso","19251","624413","Alonso, Pete","624413","2026","24.4","11.8","0.249","0.461","0.345","0.806","0.349","0.375","0.415","0.457","74.6","47","21.9","16.3","33.1","24.6","7.2","15","10.1","2.2","55.1","33.8","93.9","15.3","12.1","64.9","26.8","82","27.1","40.9","30.5","23.2"
"2024","Pete Crow-Armstrong","CHC","410","0.79217604","0.80555556","0.28782548","0.66390728","0.72319202","0.42505278","0.3707483","0.55963303","0.20689655","0.05263158","0.5","0.08022519","0.236559139","Pete Crow-Armstrong","27769","691718","Crow-Armstrong, Pete","691718","2024","23.9","5.1","0.237","0.384","0.286","0.67","0.289","0.286","0.355","0.35","70.6","8","12.3","8.7","33.5","23.7","7.2","10","14.2","0.2","47.8","35.3","88.9","17.2","7.4","79.7","41.4","75.6","29.9","42.5","29.8","21.8"
"2025","Pete Crow-Armstrong","CHC","647","0.83687943","0.87288136","0.24394464","0.71822034","0.74926254","0.4083045","0.35971223","0.41","0.24048443","0.10483871","0.23076923","0.10726644","0.247038917","Pete Crow-Armstrong","27769","691718","Crow-Armstrong, Pete","691718","2025","24","4.5","0.247","0.481","0.287","0.768","0.323","0.321","0.404","0.401","72.7","28.5","14.6","10.8","30.1","22.2","7.2","24","14.5","-3.5","50.1","34.9","89.5","20","13.1","81.3","41.7","82.1","28.9","33.5","35.5","21.6"
"2026","Pete Crow-Armstrong","CHC","475","0.71853547","0.89808917","0.23775843","0.56698241","0.74940334","0.40206746","0.31990521","0.51111111","0.22959739","0.14583333","0.14285714","0.13057671","0.283950617","Pete Crow-Armstrong","27769","691718","Crow-Armstrong, Pete","691718","2026","26.5","11.6","0.284","0.538","0.382","0.92","0.393","0.361","0.5","0.447","74.8","50.5","16.3","12.5","27.5","21.2","7.4","36","15.5","-5.6","48.2","35.2","90","20.6","11.7","67.4","34.2","82.3","28","33.9","34.3","21.2"
"2026","Petey Halpin","CLE","109","0.78","0.88461538","0.2739726","0.66438356","0.77319588","0.4","0.36144578","0.6","0.22739726","0.16666667","0","0.09863014","0.2","Petey Halpin","27931","690984","Halpin, Petey","690984","2026","20.2","2.8","0.2","0.31","0.236","0.546","0.24","0.273","0.277","0.321","70.1","5.3","11","8.5","30.8","23.9","7","3","8.2","-0.6","51.3","34.3","86.6","21.1","7.3","77.5","40.8","81.6","25.8","36.6","40.2","17.1"
"2023","Rafael Devers","BOS","656","0.80136986","0.82051282","0.22644436","0.62603116","0.74816984","0.42303218","0.29658385","0.68586387","0.24970919","0.04230769","0.18181818","0.10081427","0.270689655","Rafael Devers","17350","646240","Devers, Rafael","646240","2023","19.2","9.5","0.271","0.5","0.351","0.851","0.359","0.379","0.411","0.44","73.3","34.1","20.5","15.5","31.7","23.9","7.5","6","9.7","0.6","62.5","26.9","93.1","12.4","12.7","77.2","32.5","76.2","26.1","42.7","28.4","20.6"
"2024","Rafael Devers","BOS","601","0.79280822","0.76241901","0.24589474","0.58916256","0.72742475","0.42736842","0.23292469","0.57142857","0.24042105","0.06829268","0.14285714","0.08631579","0.272380952","Rafael Devers","17350","646240","Devers, Rafael","646240","2024","24.5","11.1","0.272","0.516","0.354","0.87","0.364","0.366","0.456","0.459","72.5","27.7","19.1","13.7","32.6","23.3","7.4","24","8.1","7.5","58.5","28.4","93.2","11.6","13.1","73.8","30.4","71.9","30.9","41.4","26.6","25"
"2025","Rafael Devers","- - -","729","0.76258993","0.75943396","0.27254902","0.51374705","0.69266055","0.41601307","0.19774011","0.62857143","0.23137255","0.05714286","0.07142857","0.08006536","0.252059308","Rafael Devers","17350","646240","Devers, Rafael","646240","2025","26.3","15.4","0.252","0.479","0.372","0.851","0.365","0.367","0.448","0.452","71.6","19.6","18.3","12.6","31.9","22","7.6","28","10","4.6","59","29.9","93.5","12.6","16","70.1","25.6","71.4","31.6","42.7","30.1","22.9"
"2026","Rafael Devers","SFG","459","0.68978805","0.76256983","0.27993528","0.59668508","0.72685185","0.39050701","0.20787746","0.66315789","0.24649407","0.09090909","0.28571429","0.08306365","0.243309002","Rafael Devers","17350","646240","Devers, Rafael","646240","2026","27.5","9.6","0.243","0.474","0.316","0.79","0.338","0.324","0.434","0.412","71.9","21.8","17.9","12.7","33.4","23.7","7.5","9","9.3","5.3","56.9","30.6","92.2","14.1","11.1","68.4","29.5","73.8","29.5","40.6","34.4","19.1"
"2025","Rafael Marchán","PHI","118","0.71428571","0.85263158","0.28976035","0.4611399","0.82022472","0.4204793","0.18627451","0.42105263","0.22222222","0.06451613","0","0.06753813","0.209523809","Rafael Marchan","21646","665561","Marchán, Rafael","665561","2025","14.4","8.5","0.21","0.305","0.282","0.587","0.264","0.261","0.261","0.257","65.9","0","7","5.6","44.1","35","7.5","6","11.3","-1.6","51.4","32.5","85.6","11.1","2.2","65","24","83.6","22.8","52.2","21.1","17.8"
"2023","Rafael Ortega","NYM","136","0.66","0.80808081","0.25728988","0.49027237","0.8015873","0.44082333","0.13333333","0.61111111","0.23156089","0.02439024","0","0.0703259","0.219298245","Rafael Ortega","10323","542364","Ortega, Rafael","542364","2023","24.3","14.7","0.219","0.272","0.341","0.613","0.288","0.287","0.3","0.298","69.1","7","7.1","5.6","31.4","24.8","7.3","1","11.8","-5.4","44.7","30.5","86.8","10.6","0","62.8","23.1","83.2","23.1","50","25.6","20.7"
"2023","Raimel Tapia","- - -","169","0.68181818","0.79047619","0.23439878","0.53169014","0.78145695","0.43226788","0.37012987","0.59649123","0.23439878","0.15384615","0.1","0.09893455","0.236486486","Raimel Tapia","14350","606132","Tapia, Raimel","606132","2023","23.7","10.1","0.236","0.338","0.317","0.655","0.293","0.297","0.334","0.34","71.2","15.9","14.8","9.1","22.2","13.6","6.8","0","1.3","9.9","24.4","37.6","85.4","1.6","6.4","62.5","39.3","76.2","29","60","18.2","20"
"2023","Ramón Laureano","- - -","404","0.72767857","0.90184049","0.27102238","0.51216023","0.68994413","0.42286751","0.21621622","0.2625","0.22383545","0.05882353","0.125","0.08227465","0.224376731","Ramon Laureano","17128","657656","Laureano, Ramón","657656","2023","28.2","8.2","0.224","0.371","0.304","0.675","0.298","0.304","0.366","0.377","71","19.3","13.7","10.6","31.8","24.5","6.9","14","11.6","2","44.5","36","88.2","12.9","9.7","66.1","27","83.7","29","46","25.4","21.8"
"2024","Ramón Laureano","- - -","309","0.77439024","0.85433071","0.2779661","0.61134454","0.6838488","0.40338983","0.24609375","0.33333333","0.21694915","0.075","0","0.10169492","0.258741258","Ramon Laureano","17128","657656","Laureano, Ramón","657656","2024","31.1","4.9","0.259","0.437","0.311","0.748","0.324","0.313","0.444","0.426","72.6","30.1","13.7","9.6","29.6","20.7","7.2","17","17.2","-1.8","45","36.8","89.2","13.3","12.6","73.4","30.4","77.3","31.8","38.7","30.4","27.7"
"2025","Ramón Laureano","- - -","488","0.76512456","0.85813953","0.28128128","0.4960182","0.71330275","0.43993994","0.18719212","0.36842105","0.2032032","0.0397351","0.16666667","0.07557558","0.281179138","Ramon Laureano","17128","657656","Laureano, Ramón","657656","2025","24.4","7.2","0.281","0.512","0.342","0.854","0.364","0.362","0.454","0.452","72.2","22.2","16.9","12.6","32.1","24","7","28","15.5","1.3","48","35.2","90.3","13.4","13.9","67.2","25.8","80.2","27.4","41.4","26.4","26.1"
"2026","Ramón Laureano","SDP","206","0.78636364","0.86705202","0.25974026","0.57185629","0.68062827","0.39433294","0.28571429","0.31666667","0.24793388","0.04819277","0","0.09799292","0.203296703","Ramon Laureano","17128","657656","Laureano, Ramón","657656","2026","31.6","9.7","0.203","0.374","0.286","0.66","0.291","0.312","0.375","0.411","72.5","26","12","8.4","26.5","18.4","7.1","10","14.8","-1.9","46.6","33.1","88","12.1","14.3","70.9","32.7","81.4","31.1","41.2","31.1","21.8"
"2023","Ramón Urías","BAL","396","0.74692875","0.84539474","0.27857632","0.544","0.74705882","0.42778919","0.22666667","0.33823529","0.20533881","0.04651163","0","0.08829569","0.263888888","Ramon Urias","18795","602104","Urías, Ramón","602104","2023","25.5","6.8","0.264","0.375","0.328","0.703","0.31","0.281","0.378","0.334","70.7","17.1","9.7","7.2","29.7","21.9","7.4","1","7.1","3.1","51.7","26.8","89.2","7.9","6.9","69","28.4","79.8","28.7","52.7","20.4","22.3"
"2024","Ramón Urías","BAL","301","0.78593272","0.84435798","0.28434783","0.57718121","0.74806202","0.38869565","0.18772563","0.40384615","0.24086957","0.03030303","0","0.08608696","0.25367647","Ramon Urias","18795","602104","Urías, Ramón","602104","2024","18.3","7.6","0.254","0.423","0.322","0.745","0.325","0.331","0.36","0.368","70.4","12.3","14.1","10.5","34.3","25.4","7.5","4","11.1","2.8","64.3","24.9","88.3","12.8","8.7","74.3","25.8","79.5","26.8","43.6","27.5","20.6"
"2025","Ramón Urías","- - -","391","0.72705314","0.84717608","0.27618412","0.56583072","0.76177285","0.42561708","0.21587302","0.39705882","0.21014009","0.03787879","0","0.08805871","0.241477272","Ramon Urias","18795","602104","Urías, Ramón","602104","2025","22.5","6.9","0.241","0.384","0.292","0.676","0.292","0.289","0.343","0.339","70.8","12.4","14.3","10.9","34.2","25.9","7.7","15","13.6","0.6","69.8","27.2","89.2","13.2","8.1","70.1","27.6","80.4","26.2","41.6","25.5","24.1"
"2023","Randal Grichuk","- - -","471","0.70135747","0.89677419","0.25682743","0.58219178","0.76235294","0.42417199","0.27941176","0.35087719","0.23707147","0.09929078","0.07142857","0.08192911","0.267281105","Randal Grichuk","10243","545341","Grichuk, Randal","545341","2023","20.4","6.2","0.267","0.459","0.321","0.78","0.333","0.325","0.391","0.381","74.5","49.8","19.4","14.7","32.2","24.4","7.6","9","8.3","-3.9","59.1","28","89.6","14","7.1","67.1","35.1","85.8","26.7","40.9","24.4","26.8"
"2024","Randal Grichuk","ARI","279","0.72697368","0.93665158","0.28358209","0.53381643","0.84162896","0.38619403","0.23166023","0.43333333","0.24160448","0.06315789","0","0.0886194","0.291338582","Randal Grichuk","10243","545341","Grichuk, Randal","545341","2024","16.5","7.2","0.291","0.528","0.348","0.876","0.373","0.366","0.42","0.41","73.7","35.4","18.9","15.2","34.7","27.9","7.7","10","9.1","-8.1","62.4","28.4","90.6","17.3","11","67.6","28.6","88.7","20.4","36.2","29","22.4"
"2025","Randal Grichuk","- - -","293","0.67986799","0.95631068","0.28159851","0.56129032","0.81992337","0.43215613","0.24166667","0.34482759","0.22304833","0","null","0.06319703","0.227941176","Randal Grichuk","10243","545341","Grichuk, Randal","545341","2025","20.8","5.8","0.228","0.401","0.273","0.674","0.289","0.326","0.339","0.39","73.9","42.4","20.2","16.3","34.6","28","7.7","9","10.1","-6.1","64.7","28.3","92.4","17.6","11.7","65.3","31.5","90.6","19.8","38.3","27.1","23.4"
"2026","Randal Grichuk","- - -","162","0.74705882","0.85826772","0.2852349","0.55823293","0.78417266","0.41778523","0.34615385","0.46666667","0.21812081","0","null","0.07885906","0.246753246","Randal Grichuk","10243","545341","Grichuk, Randal","545341","2026","23.5","3.7","0.247","0.506","0.278","0.784","0.33","0.34","0.418","0.432","74.1","40.7","19.2","14.6","32.7","25","7.7","6","9","-5.5","62.4","26.8","90.3","14.5","12","70.3","34.9","85.9","25","40.2","29.1","22.2"
"2023","Randy Arozarena","TBR","654","0.65745008","0.81074766","0.24309186","0.49596413","0.75045208","0.41635549","0.23987034","0.45945946","0.23039582","0.08135593","0.25","0.11015683","0.254083484","Randy Arozarena","19290","668227","Arozarena, Randy","668227","2023","23.9","12.2","0.254","0.425","0.364","0.789","0.347","0.347","0.396","0.397","72.8","32.1","16.7","12.3","31.5","23.3","7.5","7","10.2","0.7","65.3","25.7","91.7","11.3","12.3","61","27.5","76.5","29.1","43.3","25.3","23.3"
"2024","Randy Arozarena","- - -","648","0.66616541","0.78781038","0.23972603","0.45637584","0.74448529","0.4297044","0.20872274","0.50746269","0.23143475","0.05454545","0.26666667","0.09913482","0.218579234","Randy Arozarena","19290","668227","Arozarena, Randy","668227","2024","26.1","11.3","0.219","0.388","0.332","0.72","0.32","0.322","0.368","0.372","72.7","33.3","15.9","11.6","32.9","24","7.4","15","9.3","-1.6","68.7","24.8","90.4","13.2","8.4","59.5","24.3","75","29.7","44.5","27.6","19"
"2025","Randy Arozarena","SEA","709","0.67628607","0.78293135","0.27741037","0.47126437","0.75087108","0.42394709","0.22110553","0.4469697","0.20779673","0.06896552","0.05555556","0.09084581","0.23817292","Randy Arozarena","19290","668227","Arozarena, Randy","668227","2025","26.9","9","0.238","0.426","0.334","0.76","0.332","0.327","0.404","0.395","72.3","29.7","18.5","13.4","35.1","25.5","7.4","20","8.6","0.5","61.9","25.3","91.3","12.9","11.5","62.5","25.3","75.9","29.7","42.6","26.9","21.3"
"2026","Randy Arozarena","SEA","431","0.69902913","0.82986111","0.23815029","0.54428571","0.74540682","0.40462428","0.27069351","0.61157025","0.2583815","0.0994152","0.11764706","0.09884393","0.277628032","Randy Arozarena","19290","668227","Arozarena, Randy","668227","2026","21.3","9.3","0.278","0.445","0.371","0.816","0.36","0.349","0.408","0.391","70.9","22.7","15","11.1","36.2","26.8","7.2","9","7.7","4.5","58.4","26.6","91","7.7","8.2","64.3","31.7","75.9","27.7","51.8","20.9","23.8"
"2023","Reese McGuire","BOS","206","0.67875648","0.89312977","0.2526178","0.58160237","0.80612245","0.44109948","0.41212121","0.58823529","0.21596859","0.10144928","0.28571429","0.09031414","0.267379679","Reese McGuire","15674","624512","McGuire, Reese","624512","2023","25.7","5.3","0.267","0.358","0.31","0.668","0.293","0.243","0.372","0.298","67.6","1.3","7.4","5.7","27.9","21.5","8.1","4","10.8","-2.1","52.2","31.5","84","2.8","2.9","64.5","41.9","82.6","23.1","56.2","13.9","26.3"
"2024","Reese McGuire","BOS","158","0.65838509","0.95283019","0.26436782","0.49230769","0.75","0.42692939","0.27819549","0.40540541","0.2183908","0.05454545","0","0.09031199","0.208633093","Reese McGuire","15674","624512","McGuire, Reese","624512","2024","24.7","8.2","0.209","0.295","0.28","0.575","0.259","0.284","0.293","0.332","68.6","6","8.1","6.5","27.3","21.9","8.1","5","10.6","-2.3","50.5","30.4","84","12.4","6.8","61.6","29.5","88.4","24.5","44.2","25","21.2"
"2025","Reese McGuire","CHC","140","0.73333333","0.92929293","0.26838966","0.61160714","0.73722628","0.44532803","0.35","0.57142857","0.19880716","0.02272727","0","0.08747515","0.225563909","Reese McGuire","15674","624512","McGuire, Reese","624512","2025","19.3","2.9","0.226","0.444","0.245","0.689","0.29","0.254","0.348","0.301","70.7","9.7","9.7","7.6","33.5","26.3","8.2","2","13.8","-7.7","52.1","32.7","85.1","15.7","9.2","71.4","38.3","86.8","22.7","41.3","27.5","20.2"
"2023","René Pinto","TBR","105","0.81102362","0.76699029","0.31909548","0.57232704","0.62637363","0.39949749","0.28235294","0.41666667","0.21356784","0.11111111","0","0.0678392","0.252427184","Rene Pinto","19859","650907","Pinto, René","650907","2023","32.4","1.9","0.252","0.456","0.267","0.723","0.306","0.327","0.446","0.478","72.8","25.3","13.2","8.2","33.9","21.1","7.2","4","9.5","0","61.6","31.3","90.5","16.9","15.9","76","29.9","67.9","38","31.9","31.9","30.4"
"2024","Rhys Hoskins","MIL","517","0.65189873","0.84466019","0.28189117","0.4537037","0.76190476","0.43354148","0.20638298","0.56701031","0.20963426","0.05952381","0","0.0749331","0.213808463","Rhys Hoskins","16472","656555","Hoskins, Rhys","656555","2024","28.8","10.3","0.214","0.419","0.303","0.722","0.313","0.306","0.393","0.381","71.1","12.9","12","9.1","30.4","23.2","8.1","23","15.8","-5.5","57.5","32.7","88.7","20.8","12.7","59.5","25.3","78.8","26.3","33.3","36.6","19.6"
"2025","Rhys Hoskins","MIL","328","0.65291262","0.84758364","0.28831351","0.42158516","0.736","0.41497551","0.17610063","0.39285714","0.22253324","0.01886792","0.5","0.07417775","0.236559139","Rhys Hoskins","16472","656555","Hoskins, Rhys","656555","2025","27.7","11.6","0.237","0.416","0.332","0.748","0.324","0.314","0.398","0.38","71","15.1","13.1","9.8","33.1","24.8","8.2","21","16.6","-6.7","47.5","33.6","90.2","22.1","10.3","60.1","19.9","78.9","27.6","29.9","33.5","25.8"
"2026","Rhys Hoskins","CLE","288","0.69607843","0.8028169","0.24959217","0.49701789","0.716","0.41027732","0.15272727","0.26190476","0.22430669","0.06338028","0","0.11582382","0.17299578","Rhys Hoskins","16472","656555","Hoskins, Rhys","656555","2026","31.9","15.3","0.173","0.367","0.306","0.673","0.302","0.289","0.362","0.339","71.9","17.3","11.6","8.2","29.4","20.8","8.2","15","16.8","-6.4","55.1","33.6","88.7","27","12.1","64.1","22.2","73.8","32.5","26.8","31.5","21.5"
"2023","Richie Palacios","STL","102","0.75423729","0.93258427","0.28921569","0.4516129","0.8452381","0.45588235","0.12658228","0.5","0.19362745","0","null","0.06127451","0.258064516","Richie Palacios","24589","680700","Palacios, Richie","680700","2023","10.8","5.9","0.258","0.516","0.307","0.823","0.346","0.308","0.362","0.316","66.7","3.2","11.9","10.2","43.7","37.6","6.8","2","6.6","-0.2","53","25.4","88.1","6.3","7.1","66.8","22.2","88.1","15.1","53.6","29.8","13.1"
"2024","Richie Palacios","TBR","316","0.80057803","0.85920578","0.27010148","0.49647887","0.75177305","0.44340359","0.12847222","0.40540541","0.22482436","0.02531646","0","0.06167057","0.223484848","Richie Palacios","24589","680700","Palacios, Richie","680700","2024","21.2","14.2","0.223","0.318","0.346","0.664","0.303","0.325","0.311","0.346","68.8","4.1","8.4","6.5","29.6","22.8","7","9","9.1","-4.4","54.9","25.8","86.2","14","3.5","71","23.4","81.8","24.7","37.9","19.7","30.3"
"2026","Richie Palacios","TBR","255","0.64953271","0.90647482","0.2192623","0.53472222","0.81385281","0.44262295","0.25910931","0.578125","0.25307377","0.06024096","0.4","0.08504098","0.229729729","Richie Palacios","24589","680700","Palacios, Richie","680700","2026","18.4","11.4","0.23","0.338","0.325","0.663","0.301","0.304","0.309","0.313","69.2","3.5","10.1","8.1","32.9","26.3","7.3","11","7.4","-4.6","51.9","25.7","85.8","12.3","4","63.3","31.4","84.9","22.3","42.6","18.8","26.7"
"2023","Riley Adams","WSN","158","0.71895425","0.87272727","0.27224199","0.62931034","0.7739726","0.41281139","0.248","0.32258065","0.22241993","0.17307692","0.22222222","0.09252669","0.272727272","Riley Adams","19864","656180","Adams, Riley","656180","2023","28","7","0.275","0.479","0.333","0.812","0.347","0.285","0.454","0.358","75.3","54.7","21.6","16.2","28.4","21.4","8.1","2","8.8","-4.8","37.5","35.6","89.9","18.1","5","71.1","34.4","82.7","28.1","34","25","34"
"2024","Riley Adams","WSN","130","0.73376623","0.86725664","0.29001883","0.54418605","0.76923077","0.40489642","0.25","0.35714286","0.21092279","0.08","0","0.09416196","0.224137931","Riley Adams","19864","656180","Adams, Riley","656180","2024","26.9","7.7","0.224","0.336","0.292","0.628","0.275","0.287","0.335","0.354","75.4","51.8","16.7","12.4","25","18.6","8.1","0","8.5","-1.9","36.9","36.4","89.9","13.6","7.2","68.4","30.2","79.9","28.1","47","21.7","21.7"
"2025","Riley Adams","WSN","286","0.68571429","0.86111111","0.27155172","0.53529412","0.69230769","0.43965517","0.25498008","0.203125","0.21637931","0.08333333","0.14285714","0.07241379","0.186311787","Riley Adams","19864","656180","Adams, Riley","656180","2025","38.5","6.3","0.186","0.308","0.252","0.56","0.25","0.275","0.362","0.41","78.3","79.4","18.2","12.4","23.5","16","7.9","14","8.5","-1","40.2","34.7","91.8","9.1","10.5","65.2","30.8","77.1","34.6","50.3","20.9","22.9"
"2023","Riley Greene","DET","416","0.75167785","0.82142857","0.25943122","0.50738255","0.76719577","0.43238537","0.21772152","0.38372093","0.22925131","0.05882353","0.125","0.0789321","0.288359788","Riley Greene","25976","682985","Greene, Riley","682985","2023","27.4","8.4","0.288","0.447","0.349","0.796","0.344","0.364","0.444","0.476","75.5","52.8","20.3","14.2","31.6","22.1","7.2","0","12.4","3.4","39.4","43.4","91.6","6.6","11.4","68.4","26.5","79.6","28.2","48.9","21.8","28.9"
"2024","Riley Greene","DET","584","0.72870662","0.84632035","0.26538301","0.48844221","0.7345679","0.41649226","0.17368421","0.46464646","0.23859355","0.03684211","0","0.07953118","0.26171875","Riley Greene","25976","682985","Greene, Riley","682985","2024","26.7","11","0.262","0.479","0.348","0.827","0.355","0.352","0.448","0.444","74.6","45.5","16.9","12.5","30.6","22.7","7.2","7","11.5","0.9","43.6","43.4","91.3","12.2","13.4","66.4","23.1","80.7","26.8","43.6","27.7","24.9"
"2025","Riley Greene","DET","655","0.81518625","0.80140598","0.25794531","0.58061821","0.73956835","0.44235033","0.24071082","0.37583893","0.22875092","0.05208333","0.1","0.07095344","0.258333333","Riley Greene","25976","682985","Greene, Riley","682985","2025","30.7","7","0.258","0.493","0.313","0.806","0.343","0.332","0.472","0.454","75.6","57.1","15.3","10.6","24.7","17.1","7.3","6","13.6","1.5","43.3","44.6","89.9","15","17.1","73.5","31.3","76.3","30.9","40.8","31.7","22.3"
"2026","Riley Greene","DET","454","0.77899344","0.85393258","0.24399359","0.51058531","0.72439024","0.42872397","0.21345708","0.31521739","0.23011212","0.04395604","0","0.09717032","0.276923076","Riley Greene","25976","682985","Greene, Riley","682985","2026","26.4","12.6","0.277","0.456","0.368","0.824","0.358","0.371","0.445","0.466","75.6","58.5","17.4","12.4","29.2","20.7","7.3","12","15.6","-0.7","44.3","44.1","91.2","17.2","15.3","69.3","25.5","81.1","29.7","36.4","33.5","25.8"
"2023","Rob Refsnyder","BOS","243","0.6875","0.84491979","0.27091633","0.42488263","0.79558011","0.42430279","0.14537445","0.51515152","0.22609562","0.02531646","0","0.07868526","0.247524752","Rob Refsnyder","13770","608701","Refsnyder, Rob","608701","2023","19.3","13.6","0.248","0.317","0.365","0.682","0.314","0.342","0.315","0.358","72.9","23.1","12","9.9","30","24.8","7.3","2","11.2","3.2","56.9","34.4","87.7","11.9","3.9","61","18.8","80.6","23.1","43.9","19.7","29.9"
"2024","Rob Refsnyder","BOS","307","0.73837209","0.86220472","0.28618968","0.49804688","0.70196078","0.42595674","0.1541502","0.33333333","0.21048253","0.05376344","0.2","0.07737105","0.283088235","Rob Refsnyder","13770","608701","Refsnyder, Rob","608701","2024","25.4","9.1","0.283","0.471","0.359","0.83","0.358","0.327","0.448","0.4","72.8","27.9","17.4","13","31.3","23.4","7.6","10","12.1","2.6","60","33.2","89.6","10.7","9.8","66.1","24.7","79.6","28.1","46.2","22.6","24.6"
"2025","Rob Refsnyder","BOS","209","0.71138211","0.89142857","0.27733935","0.42972973","0.72327044","0.41713641","0.13043478","0.40740741","0.23337091","0.03125","0","0.07215333","0.269230769","Rob Refsnyder","13770","608701","Refsnyder, Rob","608701","2025","25.8","11.5","0.269","0.484","0.354","0.838","0.359","0.338","0.447","0.413","73.2","33.8","20.6","15.9","34","26.2","7.6","6","12.2","0","64.7","31.9","92","12.1","12.3","61.8","19.1","80","25.3","43.8","26.9","24.6"
"2026","Rob Refsnyder","SEA","126","0.70149254","0.88297872","0.26853707","0.45410628","0.71276596","0.41482966","0.25225225","0.46428571","0.22244489","0.04255319","0","0.09418838","0.142857142","Rob Refsnyder","13770","608701","Refsnyder, Rob","608701","2026","27.8","5.6","0.143","0.259","0.208","0.467","0.21","0.259","0.24","0.316","71.9","19.5","13.4","10","28.2","21","7.6","7","12.1","2.8","59.9","34.1","86.6","19.5","8.6","64.8","25","81.3","28.3","39.5","29.6","17.3"
"2023","Robbie Grossman","TEX","420","0.70989011","0.91640867","0.26515152","0.38881491","0.74315068","0.43764569","0.0972973","0.52777778","0.21561772","0.01428571","0","0.08158508","0.237960339","Robbie Grossman","5254","543257","Grossman, Robbie","543257","2023","23.3","13.6","0.238","0.394","0.34","0.734","0.323","0.308","0.359","0.335","67.1","4.9","10.8","8.8","32.9","26.8","6.5","3","12.8","-4","52","35.4","88.2","20.2","6.8","60.2","15.8","86.1","20.1","32.3","35.4","24"
"2024","Robbie Grossman","- - -","245","0.66666667","0.8877551","0.28516004","0.36757991","0.73913043","0.42483026","0.06392694","0.42857143","0.21241513","0.0375","0","0.07759457","0.211538461","Robbie Grossman","5254","543257","Grossman, Robbie","543257","2024","23.7","13.9","0.212","0.293","0.322","0.615","0.283","0.301","0.298","0.326","67.4","2.1","7.5","5.8","37.2","28.8","6.5","8","11.9","-4.2","48.7","35.2","86.3","13.3","3.3","57","15.7","82.3","22.7","44.1","23.7","25.7"
"2025","Robert Hassell III","WSN","206","0.79262673","0.84883721","0.28403141","0.53074434","0.72560976","0.40445026","0.22162162","0.29268293","0.2421466","0.09433962","0","0.06937173","0.223350253","Robert Hassell III","27482","690987","Hassell III, Robert","690987","2025","30.1","3.9","0.223","0.315","0.257","0.572","0.252","0.273","0.338","0.371","68.6","1.8","11.6","8.3","33.2","23.8","6.9","4","11.5","7.3","55.8","38.1","88.6","7.2","8.2","73.6","27.3","80.5","28.8","52.6","20.7","23"
"2023","Rodolfo Castro","- - -","256","0.74452555","0.84313725","0.27290837","0.53808354","0.63013699","0.40537849","0.18987342","0.31111111","0.23605578","0.04651163","0","0.08565737","0.211453744","Rodolfo Castro","21987","666801","Castro, Rodolfo","666801","2023","28.9","9","0.211","0.322","0.297","0.619","0.277","0.269","0.335","0.323","71.9","17.5","13.2","8.8","21.1","14","7.6","0","13.8","-5.2","45.6","37.2","87.2","7.6","7.8","68.7","27.5","78.3","32.9","55.8","22.1","13.6"
"2025","Roman Anthony","BOS","303","0.59428571","0.875","0.27279813","0.40322581","0.67111111","0.43491816","0.16304348","0.22222222","0.21512081","0.02020202","0","0.0771629","0.291828793","Roman Anthony","31812","701350","Anthony, Roman","701350","2025","27.7","13.2","0.292","0.463","0.396","0.859","0.376","0.372","0.476","0.469","75","51.9","22.5","16.2","37.1","26.7","7.4","18","10.5","-0.9","52.2","30","94.5","6.9","15.6","56","20.1","80.7","29.8","50.6","23","24.1"
"2026","Roman Anthony","BOS","130","0.53061224","0.93589744","0.26923077","0.44588745","0.7184466","0.42307692","0.15447154","0.21052632","0.22527473","0.06666667","0","0.08241758","0.229357798","Roman Anthony","31812","701350","Anthony, Roman","701350","2026","25.4","15.4","0.229","0.321","0.354","0.675","0.31","0.352","0.341","0.414","75.5","53.4","20","14.6","36.9","27","7.5","4","11","-0.4","46.2","33.9","92.3","8.3","9.3","53.4","21.6","84.6","28.1","48.7","22.4","27.6"
"2024","Romy Gonzalez","BOS","216","0.81481481","0.88636364","0.26150121","0.64705882","0.7","0.41162228","0.29842932","0.35087719","0.23123487","0.03797468","0.66666667","0.09564165","0.266331658","Romy Gonzalez","21562","663853","Gonzalez, Romy","663853","2024","26.9","5.6","0.266","0.417","0.306","0.723","0.311","0.317","0.401","0.411","74","38.1","21.8","15.5","33.2","23.6","7","3","8","4.7","53.8","27.6","92.3","3.7","8.3","75.9","36.7","82.8","29.2","57.9","17.9","20.7"
"2025","Romy Gonzalez","BOS","341","0.81538462","0.88679245","0.26252019","0.58270677","0.68387097","0.42972536","0.28975265","0.3902439","0.22859451","0.09183673","0.11111111","0.07915994","0.304761904","Romy Gonzalez","21562","663853","Gonzalez, Romy","663853","2025","23.8","5.3","0.305","0.483","0.343","0.826","0.352","0.344","0.442","0.432","74.2","44.4","25.9","18.7","38.6","27.8","6.8","9","5.7","3.9","44.9","27.7","93.3","5.5","12.6","73.5","35.1","82.3","29.3","50.2","21.3","26.4"
"2023","Ronald Acuña Jr.","ATL","735","0.79427793","0.89022298","0.26383896","0.51368049","0.82474227","0.40726096","0.16413374","0.60185185","0.23652049","0.05058366","0.23076923","0.09237958","0.337480559","Ronald Acuna Jr.","18401","660670","Acuña Jr., Ronald","660670","2023","11.4","10.9","0.337","0.596","0.416","1.012","0.428","0.461","0.45","0.494","77.1","69.2","25.1","21.1","35","29.4","7.4","10","6.7","5.4","48.3","34.7","94.7","7.4","15.3","70.8","22.7","85.6","18.7","48.8","22.4","26.2"
"2024","Ronald Acuña Jr.","ATL","222","0.79752066","0.8134715","0.26740331","0.49874687","0.75376884","0.44088398","0.1657754","0.41935484","0.20662983","0.02597403","0","0.08508287","0.25","Ronald Acuna Jr.","18401","660670","Acuña Jr., Ronald","660670","2024","23.9","12.2","0.25","0.365","0.351","0.716","0.322","0.35","0.365","0.41","76.7","72.4","16.7","12.6","29.4","22.1","7.6","10","10.2","5.3","57.6","35","92.2","8.5","9.4","71.3","21.5","77.3","27.5","51.8","21.6","23"
"2025","Ronald Acuña Jr.","ATL","412","0.78193833","0.7971831","0.26076967","0.49934297","0.71578947","0.43710511","0.17837838","0.45454545","0.21252154","0.01923077","0","0.08960368","0.289940828","Ronald Acuna Jr.","18401","660670","Acuña Jr., Ronald","660670","2025","24.8","17.2","0.29","0.518","0.417","0.935","0.403","0.397","0.491","0.481","76.4","67.5","20","14.2","28.3","20.1","7.6","17","11.7","6.3","50.7","38.8","92.7","13.3","15.7","69.3","23.2","73.8","30.3","46.6","29.7","18.6"
"2026","Ronald Acuña Jr.","ATL","248","0.80257511","0.78074866","0.2377551","0.54198473","0.76525822","0.40102041","0.1875","0.48888889","0.24489796","0.03508772","0.25","0.11632653","0.242718446","Ronald Acuna Jr.","18401","660670","Acuña Jr., Ronald","660670","2026","22.6","14.5","0.243","0.403","0.363","0.766","0.34","0.372","0.374","0.427","76","61.9","16.9","12.4","28.1","20.6","7.6","16","11.4","4.6","53.1","37.8","90.1","18.1","13.2","72.4","26","75.7","29.9","39.5","29.6","21.7"
"2023","Ronny Mauricio","NYM","108","0.69512195","0.78947368","0.20448878","0.67664671","0.7699115","0.41645885","0.38181818","0.5","0.27431421","0.19047619","0","0.10473815","0.247524752","Ronny Mauricio","23698","677595","Mauricio, Ronny","677595","2023","28.7","6.5","0.248","0.347","0.296","0.643","0.284","0.286","0.368","0.372","74.6","48.1","13.4","9.5","23.9","16.9","7.7","0","7.6","-7","53","25.8","90.7","7.6","5.7","71.8","42.4","77.9","30.9","47.1","15.7","31.4"
"2025","Ronny Mauricio","NYM","184","0.70700637","0.8018018","0.22687861","0.60188088","0.703125","0.46098266","0.31847134","0.5","0.22687861","0.16949153","0","0.08526012","0.226190476","Ronny Mauricio","23698","677595","Mauricio, Ronny","677595","2025","29.3","8.2","0.226","0.369","0.293","0.662","0.29","0.286","0.374","0.369","73.7","40.4","15.2","10.6","29.1","20.4","7.6","5","7.3","-2.2","52.9","29.1","91.2","12.7","8.9","66.7","39.9","74.1","33.9","45.6","22.8","21.1"
"2023","Rougned Odor","SDP","157","0.80714286","0.91150442","0.23931624","0.575","0.70289855","0.41025641","0.21232877","0.38709677","0.24957265","0.01694915","0","0.1008547","0.20289855","Rougned Odor","12282","596059","Odor, Rougned","596059","2023","23.6","10.8","0.203","0.355","0.299","0.654","0.291","0.319","0.321","0.364","72.8","50","20","12.5","40","25","7.3","0","2.9","-2","11.1","29.3","90.1","19.9","6.9","71.7","28.8","83.4","27.1","31.7","23.8","31.7"
"2023","Rowdy Tellez","MIL","351","0.58778626","0.89177489","0.26147705","0.41363636","0.7985348","0.43912176","0.21515152","0.54929577","0.21956088","0.03333333","0","0.07984032","0.215434083","Rowdy Tellez","15679","642133","Tellez, Rowdy","642133","2023","24.5","10","0.215","0.376","0.291","0.667","0.288","0.305","0.338","0.363","74.5","47.9","20.5","15.6","32.9","25","7.9","0","5.1","-7.2","53.1","28.7","89.9","15.2","8.7","52.9","24.2","85.4","21.9","37.8","30.4","23.9"
"2024","Rowdy Tellez","PIT","421","0.63084112","0.92962963","0.25690276","0.46920052","0.7849162","0.45798319","0.22159091","0.43589744","0.21128451","0.11382114","0.21428571","0.07382953","0.242819843","Rowdy Tellez","15679","642133","Tellez, Rowdy","642133","2024","21.1","7.4","0.243","0.392","0.299","0.691","0.301","0.305","0.347","0.353","74.3","43.3","15.2","12.2","27.3","21.9","8","13","5.2","-7.4","43.9","28.9","89.4","17","8.1","58.9","27.6","88.6","21.9","37.8","25.4","25.4"
"2025","Rowdy Tellez","- - -","312","0.62121212","0.89756098","0.25660964","0.50515464","0.71768707","0.4525661","0.27436823","0.46052632","0.21539658","0.02061856","0.5","0.07542768","0.228373702","Rowdy Tellez","15679","642133","Tellez, Rowdy","642133","2025","26.6","5.4","0.228","0.443","0.276","0.719","0.307","0.328","0.392","0.424","74.7","48","18.9","13.9","33","24.3","8","11","7.9","-7.1","54.1","29.6","91.2","14.8","15.3","59.4","30.2","82.3","28.1","38.8","31.6","22"
"2023","Royce Lewis","MIN","239","0.70292887","0.86904762","0.26496674","0.53263708","0.7745098","0.42461197","0.25","0.44230769","0.23059867","0.05555556","0","0.07982262","0.30875576","Royce Lewis","20437","668904","Lewis, Royce","668904","2023","23","8.4","0.309","0.548","0.372","0.92","0.393","0.349","0.484","0.421","75.1","52.8","19.5","15.4","32.5","25.7","7.8","3","10.5","-5.8","70.9","25.9","90.2","16.2","11.7","65.7","28.5","81.5","27.3","34.6","29","25.9"
"2024","Royce Lewis","MIN","325","0.8","0.875","0.2514193","0.57455268","0.73702422","0.40794809","0.3105802","0.49450549","0.23763179","0.09448819","0.41666667","0.10300081","0.232876712","Royce Lewis","20437","668904","Lewis, Royce","668904","2024","22.8","8.6","0.233","0.452","0.295","0.747","0.317","0.317","0.379","0.379","73.3","36","12.9","9.6","26.7","19.9","7.7","13","8","-5","57.4","28.1","87.1","16.8","11.2","72.9","33.2","80.6","27","36.8","30.5","21.1"
"2025","Royce Lewis","MIN","403","0.77326969","0.85493827","0.27620303","0.54263566","0.76571429","0.42518128","0.27002967","0.47252747","0.22214898","0.06896552","0.125","0.07646671","0.236702127","Royce Lewis","20437","668904","Lewis, Royce","668904","2025","19.9","6.2","0.237","0.388","0.283","0.671","0.292","0.297","0.336","0.343","73.6","39.6","16.7","12.5","33.7","25.3","8","12","10.7","-7.6","67.9","28.9","89.8","16.7","8.7","69.6","31.3","80.1","26.7","36.6","32.6","21.5"
"2026","Royce Lewis","MIN","301","0.72241993","0.86206897","0.23813559","0.53684211","0.68627451","0.40254237","0.27402135","0.32467532","0.23813559","0.1048951","0.06666667","0.12118644","0.215094339","Royce Lewis","20437","668904","Lewis, Royce","668904","2026","24.9","10.3","0.215","0.385","0.299","0.684","0.3","0.31","0.351","0.366","74.8","51.8","16.7","11.4","29.8","20.5","8","10","11.1","-8.3","73.7","25.9","89.6","20.7","11.9","66.1","31.1","79.9","34.2","32.1","30.1","23.8"
"2023","Ryan Jeffers","MIN","335","0.67484663","0.84545455","0.24548193","0.53136531","0.75347222","0.40813253","0.25157233","0.475","0.23945783","0.08450704","0","0.10692771","0.276223776","Ryan Jeffers","24618","680777","Jeffers, Ryan","680777","2023","27.8","9.9","0.276","0.49","0.369","0.859","0.369","0.336","0.473","0.417","73.7","43","15.3","11.4","27.5","20.5","7.7","7","11.7","-3.6","50.2","31.6","90.5","17.2","11.6","62","30.4","79.9","29.2","40.7","29.1","22.1"
"2024","Ryan Jeffers","MIN","465","0.69063181","0.88643533","0.25401217","0.54664915","0.81971154","0.42114001","0.304038","0.46875","0.23298284","0.08433735","0.14285714","0.09186497","0.225728155","Ryan Jeffers","24618","680777","Jeffers, Ryan","680777","2024","20.2","6.9","0.226","0.432","0.3","0.732","0.317","0.307","0.354","0.341","72.8","33.9","13.3","10.4","27.2","21.4","7.5","23","9.5","-4","53.9","29.5","86.9","16.2","8.3","64","34.4","84.4","23.6","39.1","28.9","21.2"
"2025","Ryan Jeffers","MIN","464","0.58494208","0.89768977","0.27567855","0.4386423","0.79166667","0.40766365","0.20537897","0.57142857","0.21766897","0.03763441","0.42857143","0.09898882","0.266009852","Ryan Jeffers","24618","680777","Jeffers, Ryan","680777","2025","19.6","10.8","0.266","0.397","0.356","0.753","0.333","0.325","0.365","0.353","72.3","28","16.6","13.4","35.3","28.6","7.3","16","9.9","-3.1","54.7","28.5","89.3","15","6.3","54","24.4","85.7","21.1","38.3","25.3","27.5"
"2026","Ryan Jeffers","MIN","189","0.58549223","0.91150442","0.2382716","0.46418338","0.87654321","0.4308642","0.1978022","0.52777778","0.22469136","0.04651163","0.25","0.10617284","0.29375","Ryan Jeffers","24618","680777","Jeffers, Ryan","680777","2026","16.3","14.2","0.294","0.531","0.397","0.928","0.399","0.377","0.429","0.398","73","37.5","15.8","13.4","33.6","28.6","7.2","11","8.8","-2.4","51.4","29","90","18.2","13","56.2","23.9","90.1","17.4","34.4","29.8","23.7"
"2026","Ryan Kreidler","MIN","180","0.82828283","0.84756098","0.29289941","0.5620438","0.66883117","0.40532544","0.21854305","0.3030303","0.22337278","0.01886792","0","0.07840237","0.245508982","Ryan Kreidler","25867","668952","Kreidler, Ryan","668952","2026","20.6","6.7","0.246","0.419","0.3","0.719","0.313","0.299","0.364","0.344","74.2","42","15.4","11","29.5","21.1","7.9","12","12.1","-1.7","68.1","31.7","88","11.9","7.7","75.9","28.6","77.9","30.5","51.5","22.3","16.2"
"2023","Ryan McKenna","BAL","139","0.76351351","0.85840708","0.28737864","0.59241706","0.6","0.40970874","0.23423423","0.26923077","0.21553398","0.06666667","0","0.08737864","0.25409836","Ryan McKenna","19928","663630","McKenna, Ryan","663630","2023","28.8","6.5","0.254","0.361","0.316","0.677","0.298","0.276","0.383","0.346","73.4","27.6","11.8","7.9","29.4","19.7","7.3","0","10.5","-2","51.3","33.1","91","13","6.9","75.9","31.3","79.2","34.7","46","27.6","21.8"
"2023","Ryan McMahon","COL","627","0.76706827","0.77312391","0.27242888","0.48753017","0.69636964","0.45331875","0.19354839","0.37037037","0.20350109","0.04639175","0.11111111","0.07075128","0.239639639","Ryan McMahon","15112","641857","McMahon, Ryan","641857","2023","31.6","10.8","0.24","0.431","0.322","0.753","0.325","0.334","0.435","0.449","72.1","22.9","14.4","9.6","26.1","17.3","7.2","7","8.8","4.3","39.8","38.5","90.8","9.7","11.4","67.6","25.5","73.7","32.3","44.2","28.1","26.1"
"2024","Ryan McMahon","COL","645","0.73333333","0.82867133","0.28729282","0.47627265","0.72101449","0.42688766","0.23529412","0.35294118","0.21289134","0.07575758","0.06666667","0.07292818","0.241622574","Ryan McMahon","15112","641857","McMahon, Ryan","641857","2024","28.7","10.7","0.242","0.397","0.325","0.722","0.315","0.327","0.4","0.42","72.5","26.1","16.2","11.6","31.3","22.4","7.2","28","8.6","4.8","40.7","38.2","92.1","10","11","65.8","26.5","77.6","30","49","24.6","24.4"
"2025","Ryan McMahon","- - -","586","0.72781065","0.80081301","0.27029188","0.47564216","0.66294227","0.45141943","0.16539924","0.18390805","0.21031587","0.08823529","0.06666667","0.06797281","0.214145383","Ryan McMahon","15112","641857","McMahon, Ryan","641857","2025","32.3","11.9","0.214","0.381","0.312","0.693","0.306","0.322","0.398","0.426","74","39.9","17","11.4","31.4","21","7.4","28","13.1","0.9","47.6","38.8","93.3","13.9","12.1","64.7","25.1","74.8","35.2","43.3","30.7","22.9"
"2026","Ryan McMahon","NYY","253","0.68592058","0.87894737","0.27534791","0.51886792","0.65454545","0.42147117","0.19266055","0.35714286","0.2166998","0.08045977","0","0.08648111","0.210300429","Ryan McMahon","15112","641857","McMahon, Ryan","641857","2026","30.8","7.1","0.21","0.369","0.27","0.639","0.281","0.304","0.372","0.409","74.7","49.9","19.6","14.3","32.7","23.9","7.3","16","10.5","1.2","53.2","36.1","91.3","12.5","10.4","62.7","29.6","80.9","31.4","42.3","32.1","21.8"
"2023","Ryan Mountcastle","BAL","470","0.80917874","0.85671642","0.23752151","0.61917808","0.77433628","0.41881813","0.36038186","0.49006623","0.24039013","0.08888889","0.1875","0.10327022","0.269503546","Ryan Mountcastle","18373","663624","Mountcastle, Ryan","663624","2023","22.8","7.9","0.27","0.452","0.328","0.78","0.333","0.356","0.4","0.432","76.4","66.8","17","12.7","28.4","21.1","7.4","2","4.4","3.4","31.1","37.8","91.4","12","12.1","73.7","38.8","82.6","28.3","44","26.3","25.1"
"2024","Ryan Mountcastle","BAL","507","0.82083333","0.86040609","0.25249868","0.63118812","0.80196078","0.42503945","0.33023256","0.48591549","0.22619674","0.1147541","0.19047619","0.09626512","0.270613107","Ryan Mountcastle","18373","663624","Mountcastle, Ryan","663624","2024","22.5","5.3","0.271","0.425","0.308","0.733","0.316","0.336","0.385","0.414","75","50.1","16.1","12.4","27.6","21.2","7.5","14","4.8","1.4","35.7","37.5","90.8","10.4","8.8","76","38","83.8","25.1","44.4","23.6","27.4"
"2025","Ryan Mountcastle","BAL","357","0.82432432","0.83934426","0.27366864","0.62673611","0.68698061","0.4260355","0.38846154","0.46534653","0.19230769","0.06849315","0","0.10798817","0.25","Ryan Mountcastle","18373","663624","Mountcastle, Ryan","663624","2025","27.5","4.2","0.25","0.367","0.286","0.653","0.284","0.313","0.367","0.41","75.2","52.4","15","10.4","27.3","18.9","7.5","13","7.2","-0.9","40.1","36","90.7","9.1","11.7","75.9","39.4","77.6","32","45.8","22.9","27.9"
"2023","Ryan Noda","OAK","495","0.76086957","0.81098901","0.28598757","0.42987457","0.52785146","0.41941655","0.12727273","0.19642857","0.21042563","0.02840909","0","0.08417025","0.229064039","Ryan Noda","23312","676116","Noda, Ryan","676116","2023","34.3","15.6","0.229","0.406","0.364","0.77","0.342","0.334","0.457","0.44","72.2","27.2","17","10.9","30.7","19.6","7.3","10","15","-1","47.6","35","91.2","16","13","65.7","19.2","72.4","36.9","39.1","30.3","26.1"
"2024","Ryan Noda","OAK","111","0.77037037","0.82692308","0.27054108","0.41964286","0.57446809","0.4488978","0.09174312","0.3","0.21843687","0.03225806","0","0.06212425","0.136842105","Ryan Noda","23312","676116","Noda, Ryan","676116","2024","33.3","12.6","0.137","0.211","0.255","0.466","0.223","0.254","0.243","0.304","71.8","25.5","13.1","9","24.2","16.6","7.6","5","19.5","-4.9","44.1","34.8","86.2","16","5.2","62.8","19.9","73.5","33.8","44.1","25.4","16.9"
"2023","Ryan O'Hearn","BAL","368","0.78684211","0.87625418","0.26188835","0.57673667","0.80392157","0.42660234","0.22741433","0.43835616","0.22122674","0.03816794","0","0.09028256","0.289017341","Ryan O'Hearn","16442","656811","O'Hearn, Ryan","656811","2023","22.3","4.1","0.289","0.48","0.322","0.802","0.339","0.324","0.422","0.402","72.1","20.9","15.3","12.4","33.9","27.3","7","5","8.9","2.7","43","33.9","91.9","12","10.1","72.1","30.9","86.1","23.3","44","27.6","23.9"
"2024","Ryan O'Hearn","BAL","494","0.7164751","0.93582888","0.271875","0.52184769","0.83253589","0.4171875","0.22222222","0.54","0.234375","0.03401361","0.2","0.0765625","0.264108352","Ryan O'Hearn","16442","656811","O'Hearn, Ryan","656811","2024","14","9.3","0.264","0.427","0.334","0.761","0.33","0.354","0.347","0.378","72.3","24.2","14.8","12.4","33.7","28.2","7.1","6","8.9","0.4","43.6","31.5","89.6","12","6.9","67.8","26.2","89.7","18.1","40.8","27.1","26"
"2025","Ryan O'Hearn","- - -","544","0.74250441","0.88361045","0.26201479","0.50517598","0.79508197","0.44639556","0.2","0.42553191","0.21719039","0.04347826","0.14285714","0.07439926","0.280590717","Ryan O'Hearn","16442","656811","O'Hearn, Ryan","656811","2025","20","10.7","0.281","0.437","0.366","0.803","0.349","0.343","0.394","0.385","71.8","17.8","14.6","11.4","32.9","25.8","7.1","18","11.2","1.6","43.5","33.5","89.4","11.4","7.6","66.8","26.9","84.4","23.3","45","25.7","24.1"
"2026","Ryan O'Hearn","PIT","389","0.68571429","0.9280303","0.25873656","0.5371517","0.7925072","0.43413978","0.25","0.525","0.21505376","0.05839416","0","0.09206989","0.273504273","Ryan O'Hearn","16442","656811","O'Hearn, Ryan","656811","2026","21.9","7.7","0.274","0.462","0.337","0.799","0.346","0.325","0.411","0.38","70.8","9.3","12.4","10","33.6","27","7.1","10","11.8","-0.4","45.6","31.9","89.4","13.7","7.4","63.5","32.1","87.3","21.8","40.5","29.7","24.9"
"2025","Ryan Ritter","COL","207","0.76548673","0.78612717","0.2923674","0.59006211","0.64210526","0.41655886","0.27044025","0.25581395","0.20569211","0.06060606","0","0.08538163","0.240641711","Ryan Ritter","31500","690022","Ritter, Ryan","690022","2025","29.5","4.8","0.241","0.337","0.296","0.633","0.28","0.248","0.365","0.313","69.1","6.6","7.1","4.6","26.1","17.1","6.7","12","10.6","1.4","41.2","35.1","85.2","7.4","1.5","72.3","33.4","74.4","35.4","51.1","18.3","27.5"
"2026","Ryan Vilade","TBR","179","0.74594595","0.89130435","0.26241135","0.54662379","0.81764706","0.44113475","0.21568627","0.51515152","0.21702128","0.07142857","0.25","0.07943262","0.257861635","Ryan Vilade","22165","668723","Vilade, Ryan","668723","2026","21.2","8.4","0.258","0.484","0.32","0.804","0.344","0.312","0.404","0.357","76.4","64","15.1","11.8","24.1","18.8","7.4","3","3.3","-0.3","36.2","31.4","89.5","19.3","6.5","71.7","26.8","83.3","21.7","38.4","30.4","20.8"
"2026","Ryan Waldschmidt","ARI","158","0.66666667","0.89655172","0.28807947","0.528","0.60606061","0.41390728","0.12903226","0.125","0.20529801","0.03571429","0","0.09271523","0.275862068","Ryan Waldschmidt","35061","814439","Waldschmidt, Ryan","814439","2026","33.5","5.7","0.276","0.4","0.318","0.718","0.314","0.289","0.449","0.408","72.3","18.5","15","9.9","34.6","22.7","7","2","9.1","-10.3","42.3","35.1","87.9","17.2","8.5","61.7","25.6","80","33.8","28.7","30.9","36.2"
"2023","Sal Frelick","MIL","223","0.56768559","0.92307692","0.26082005","0.52588556","0.88082902","0.41799544","0.25247525","0.70588235","0.23006834","0.0375","0.66666667","0.09111617","0.246073298","Sal Frelick","29622","686217","Frelick, Sal","686217","2023","16.6","12.6","0.246","0.351","0.341","0.692","0.309","0.298","0.311","0.294","67.1","2.7","8","6.9","30","25.9","7.1","7","6.2","0.9","44.7","27.1","83.3","8.1","2.5","58.3","29","90.6","14.6","53.5","15.9","21.7"
"2024","Sal Frelick","MIL","524","0.61199295","0.94236311","0.2771261","0.46759259","0.88118812","0.42228739","0.21327014","0.68888889","0.20625611","0.02072539","0.5","0.0943304","0.258947368","Sal Frelick","29622","686217","Frelick, Sal","686217","2024","14.9","7.4","0.259","0.335","0.32","0.655","0.292","0.283","0.306","0.294","66.3","2.5","5.8","5.1","36.1","31.7","6.9","10","5.5","0.8","41","30.3","83.4","9.7","0.8","56.9","25.9","92.2","12.9","48","18","24.8"
"2025","Sal Frelick","MIL","594","0.60518293","0.94458438","0.2838598","0.50891089","0.90077821","0.43704024","0.19832985","0.71578947","0.20726958","0.02409639","0","0.07183038","0.287878787","Sal Frelick","29622","686217","Frelick, Sal","686217","2025","13.5","7.9","0.288","0.405","0.351","0.756","0.332","0.299","0.348","0.305","68.1","5.3","7.9","7","33.9","30.2","7.1","13","8.4","-1.6","52.1","28.2","85.5","12.1","3.1","60","26.3","90.7","12.8","46.7","20.2","23.2"
"2026","Sal Frelick","MIL","313","0.63836478","0.95073892","0.26835443","0.50196078","0.9296875","0.43037975","0.15116279","0.71794872","0.21772152","0.05050505","0","0.0835443","0.235507246","Sal Frelick","29622","686217","Frelick, Sal","686217","2026","9.9","8","0.236","0.33","0.301","0.631","0.281","0.281","0.272","0.273","68.3","3.1","10.3","9.5","38.8","36","7.1","7","5.1","1.4","47.3","27.1","85.9","9.3","2","60.7","23.8","93.7","10.7","50.6","20.5","20.1"
"2026","Sal Stewart","CIN","463","0.76470588","0.85207101","0.24569205","0.53351206","0.77135678","0.41467482","0.28431373","0.50862069","0.22679266","0.03940887","0.125","0.11284047","0.253071253","Sal Stewart","31505","701398","Stewart, Sal","701398","2026","21.8","10.4","0.253","0.472","0.33","0.802","0.344","0.347","0.402","0.408","72.4","28.2","15.8","11.9","31.5","23.7","7.6","26","11.8","5.6","54.8","32.9","90.5","13.6","14.3","67.9","29","78.3","27.4","44.9","28.8","21.2"
"2023","Salvador Perez","KCR","580","0.77867203","0.84496124","0.24114508","0.71372549","0.76007326","0.37117904","0.49718574","0.52075472","0.25861232","0.15789474","0.16666667","0.12906356","0.25464684","Salvador Perez","7304","521692","Perez, Salvador","521692","2023","23.3","3.3","0.255","0.422","0.292","0.714","0.302","0.326","0.375","0.409","72.7","29","15.7","11.5","30.4","22.4","7.9","5","12.9","-4.6","56.3","34.6","90.1","15.6","8.8","77.5","47","80.4","30.2","36","30.2","26.3"
"2024","Salvador Perez","KCR","652","0.78373016","0.87341772","0.2190352","0.70449679","0.75987842","0.40591047","0.42647059","0.56034483","0.23641895","0.14106583","0.2","0.13863538","0.27118644","Salvador Perez","7304","521692","Perez, Salvador","521692","2024","19.8","6.7","0.271","0.456","0.33","0.786","0.335","0.361","0.392","0.429","73.2","33.4","17.6","13","33.6","25","7.9","15","13.7","-7","53.8","34.8","91.1","19","12.3","77.2","42.9","81.7","27.8","33.8","33.8","24.4"
"2025","Salvador Perez","KCR","641","0.75670841","0.88888889","0.24658139","0.69139785","0.77760498","0.41023379","0.39189189","0.48275862","0.22849581","0.12307692","0.15625","0.11468902","0.236180904","Salvador Perez","7304","521692","Perez, Salvador","521692","2025","19.5","4.4","0.236","0.446","0.284","0.73","0.311","0.357","0.364","0.426","72.9","30.4","17.6","13.2","32.6","24.4","7.9","22","12.4","-5.3","56.4","34.2","90","18.1","14.8","75","42.2","82.7","26.9","35.1","32.6","23.3"
"2026","Salvador Perez","KCR","426","0.74301676","0.88345865","0.23216602","0.69109948","0.80555556","0.37159533","0.46700508","0.54891304","0.25551232","0.14746544","0.25","0.14072633","0.213740458","Salvador Perez","7304","521692","Perez, Salvador","521692","2026","20.9","4","0.214","0.372","0.263","0.635","0.275","0.299","0.318","0.351","71.6","18.5","14.3","11","31.4","24.2","7.7","15","11.3","-3.9","57.9","34.4","89.1","16.2","10.4","73.1","45.7","85.8","26","38.5","29.4","23.9"
"2026","Sam Antonacci","CHW","350","0.67560322","0.94047619","0.27028986","0.49053356","0.85964912","0.42101449","0.1525974","0.63829787","0.22318841","0.01694915","1","0.08550725","0.278145695","Sam Antonacci","35101","803011","Antonacci, Sam","803011","2026","15.4","7.1","0.278","0.417","0.369","0.786","0.351","0.355","0.363","0.369","70","8.7","10.3","8.9","33.3","28.5","6.7","5","9.2","7.2","50.6","38.9","87.7","10.9","6.4","63.1","22.4","89.4","14.9","50.4","22.2","24.6"
"2023","Sam Haggerty","SEA","108","0.77777778","0.88095238","0.26150121","0.54748603","0.76530612","0.43341404","0.17204301","0.5","0.2251816","0","null","0.07990315","0.252747252","Sam Haggerty","18054","664059","Haggerty, Sam","664059","2023","15.7","13.9","0.253","0.341","0.364","0.705","0.321","0.325","0.313","0.319","69.3","5.3","6.5","5.3","32.5","26.6","7.2","2","3.5","-7.2","31.3","31.2","85.9","12.1","1.3","73.4","24.8","84.9","21.6","44","21.3","28"
"2025","Sam Haggerty","TEX","182","0.75","0.88405797","0.28571429","0.54895105","0.72611465","0.44409938","0.18181818","0.29166667","0.20496894","0","null","0.06521739","0.253086419","Sam Haggerty","18054","664059","Haggerty, Sam","664059","2025","20.3","8.8","0.253","0.37","0.328","0.698","0.307","0.304","0.345","0.341","71.8","22.4","15.2","11.4","31.8","23.8","6.9","8","3","-0.4","30.9","32.3","88.3","7","2.4","70.7","27.1","81.7","26.3","50.8","17.5","27"
"2024","Sam Hilliard","COL","158","0.66857143","0.75213675","0.27472527","0.55078125","0.59574468","0.40188383","0.20915033","0.28125","0.24018838","0.11320755","0","0.08320251","0.239130434","Sam Hilliard","17954","656541","Hilliard, Sam","656541","2024","35.4","8.9","0.239","0.507","0.305","0.812","0.342","0.298","0.516","0.438","75.2","51.9","20.5","12.4","31.7","19.2","7.3","7","9.8","-1.2","49.6","27.3","94.6","16.5","14.9","66.7","27.9","70.3","40.8","42","29.5","22.7"
"2026","Samad Taylor","SDP","102","0.51041667","0.89795918","0.23357664","0.41176471","0.84415584","0.45498783","0.25","0.40909091","0.21411192","0.15","0","0.0973236","0.329545454","Samad Taylor","22274","669392","Taylor, Samad","669392","2026","29.4","11.8","0.33","0.398","0.41","0.808","0.364","0.326","0.483","0.418","68.2","4","2.2","1.6","31.5","23","6.9","1","14.4","3.5","51.5","37","85.2","6.7","3.3","54.9","28.7","89.7","24.3","53.3","11.7","33.3"
"2025","Samuel Basallo","BAL","118","0.7480315","0.85263158","0.28668172","0.6440678","0.71052632","0.39954853","0.36734694","0.66666667","0.22121896","0.07317073","0","0.09255079","0.165137614","Samuel Basallo","28824","694212","Basallo, Samuel","694212","2025","25.4","5.1","0.165","0.33","0.229","0.559","0.246","0.284","0.288","0.344","75.5","55.3","18.8","13.5","26","18.6","7.4","4","9.5","-1.3","58.2","29.9","89.1","13.8","8.9","73.9","38.7","78.9","29.4","49.4","32.9","11.4"
"2026","Samuel Basallo","BAL","311","0.72834646","0.88648649","0.22202797","0.61363636","0.71380471","0.42307692","0.36754967","0.46846847","0.26398601","0.15384615","0.25","0.09090909","0.241134751","Samuel Basallo","28824","694212","Basallo, Samuel","694212","2026","26.4","8.4","0.241","0.45","0.305","0.755","0.325","0.336","0.41","0.427","74.6","47.4","19","13.5","32.1","22.8","7.6","16","11.7","-3.8","51.4","33.4","91.3","10.9","12.9","70.5","40.2","78.9","31.6","45","27.2","22.8"
"2023","Santiago Espinal","TOR","254","0.67407407","0.9010989","0.27300303","0.49056604","0.84615385","0.42871587","0.19905213","0.61904762","0.21334681","0.04761905","0","0.08493428","0.247826086","Santiago Espinal","19997","669289","Espinal, Santiago","669289","2023","14.2","7.1","0.248","0.335","0.31","0.645","0.285","0.295","0.295","0.308","69.1","4.7","9.5","7.7","37.2","30.2","7.5","3","6.7","0.2","54","32.8","87","11.4","1","63.8","25.2","88.5","17.6","44.2","23.4","28.9"
"2024","Santiago Espinal","CIN","391","0.74888889","0.9495549","0.29920213","0.5266559","0.86196319","0.41156915","0.20249221","0.55384615","0.21343085","0.04385965","0.2","0.07579787","0.246498599","Santiago Espinal","19997","669289","Espinal, Santiago","669289","2024","13.8","6.1","0.246","0.356","0.295","0.651","0.285","0.295","0.302","0.315","66.5","2.9","6.5","5.5","35.3","30.1","7.3","8","8.3","0.1","49.6","34.8","85.9","15","1.9","68.9","28","90.6","14.8","39.5","25.1","27.3"
"2025","Santiago Espinal","CIN","328","0.6925","0.93140794","0.30721966","0.49452555","0.84870849","0.42089094","0.13235294","0.61111111","0.20890937","0","null","0.06298003","0.242524916","Santiago Espinal","19997","669289","Espinal, Santiago","669289","2025","11.6","6.4","0.243","0.282","0.292","0.574","0.259","0.254","0.26","0.254","68.4","2","7.3","6.3","36.7","31.9","7.4","7","6.6","-1.7","51.3","34.5","86.5","15.1","0.7","64.6","24","91.1","14.1","43.7","23.5","23.9"
"2024","Sean Bouchard","COL","108","0.78151261","0.80645161","0.27610209","0.43093923","0.69230769","0.4199536","0.15217391","0.07142857","0.21345708","0.02564103","0","0.09048724","0.186813186","Sean Bouchard","21270","656248","Bouchard, Sean","656248","2024","30.6","11.1","0.187","0.297","0.29","0.587","0.266","0.262","0.313","0.306","71.1","10.5","8.9","5.9","38.6","25.7","7.3","0","12.7","0.6","50","37.2","89.8","10.7","5","65.6","22.5","75.9","33.7","49.2","29.5","19.7"
"2023","Sean Murphy","ATL","438","0.74680851","0.85185185","0.26887872","0.52851182","0.75526316","0.41132723","0.15308642","0.37096774","0.23169336","0.05844156","0.22222222","0.08810069","0.251351351","Sean Murphy","19352","669221","Murphy, Sean","669221","2023","22.4","11.2","0.251","0.478","0.365","0.843","0.366","0.393","0.415","0.458","74.4","46.8","14.4","11.5","26.9","21.6","7.8","10","10.5","-0.9","50.9","31.3","91.5","13.1","16.1","69.6","22.9","80.9","25.9","41.4","27.8","26"
"2024","Sean Murphy","ATL","264","0.69473684","0.82828283","0.26861451","0.4688172","0.69724771","0.43826579","0.27272727","0.50793651","0.21771913","0.05","0.25","0.07540057","0.193133047","Sean Murphy","19352","669221","Murphy, Sean","669221","2024","25.4","10.2","0.193","0.352","0.284","0.636","0.281","0.309","0.323","0.366","73.2","38.9","13.6","10","31","22.7","7.9","10","12.2","-3.9","55.5","31.7","88","10.5","9.6","62.5","27.9","79.2","28.4","53.3","25.7","14.4"
"2025","Sean Murphy","ATL","337","0.73280423","0.87364621","0.27896679","0.52331606","0.65346535","0.42730627","0.21843003","0.28125","0.21623616","0.04761905","0","0.07749077","0.199312714","Sean Murphy","19352","669221","Murphy, Sean","669221","2025","31.2","10.4","0.199","0.409","0.3","0.709","0.309","0.314","0.394","0.404","72.6","30.5","15.1","10.6","26.5","18.5","7.8","33","12.4","-3.9","49.8","30.9","89.1","10.6","13.4","68","25.9","78","32.3","46","30.2","20.6"
"2023","Seby Zavala","- - -","193","0.73684211","0.82467532","0.27391874","0.61392405","0.64948454","0.41415465","0.33142857","0.29310345","0.2293578","0.07936508","0","0.08256881","0.171428571","Seby Zavala","18887","664874","Zavala, Seby","664874","2023","36.3","6.2","0.171","0.314","0.23","0.544","0.239","0.251","0.334","0.357","68.7","15.1","8.3","5.5","37.5","24.7","7.1","5","17.9","-3.8","50","41.5","87.5","14.9","5.5","71.4","36.3","73.5","38.4","40.4","30.3","23.9"
"2023","Seiya Suzuki","CHC","583","0.65899281","0.89082969","0.28425358","0.45288462","0.76645435","0.42535787","0.13142857","0.55072464","0.21472393","0.01081081","0","0.07566462","0.285436893","Seiya Suzuki","30116","673548","Suzuki, Seiya","673548","2023","22.3","10.1","0.285","0.485","0.357","0.842","0.358","0.357","0.427","0.426","72.3","30.7","18.9","15.1","36.1","28.9","7.1","8","4.7","1.4","42.4","31.5","91.4","10.8","10.5","60.5","19.8","84.2","21.3","43.6","24","28.6"
"2024","Seiya Suzuki","CHC","585","0.66266867","0.88235294","0.26584297","0.43596987","0.74730022","0.42327621","0.14920071","0.42857143","0.22439219","0.02304147","0","0.08648864","0.283203125","Seiya Suzuki","30116","673548","Suzuki, Seiya","673548","2024","27.4","10.8","0.283","0.482","0.366","0.848","0.365","0.348","0.468","0.442","72.9","34.8","17.9","13.8","33.3","25.6","7.2","17","6.4","-0.9","47.2","30.2","91.7","16.2","11.5","59.6","20.7","83.4","24.5","33.7","34","26.7"
"2025","Seiya Suzuki","CHC","651","0.62757732","0.90143737","0.28456179","0.45891608","0.75809524","0.41950862","0.15614618","0.29787234","0.22075541","0.0097561","0","0.07517418","0.245183887","Seiya Suzuki","30116","673548","Suzuki, Seiya","673548","2025","25.2","10.9","0.245","0.478","0.326","0.804","0.343","0.352","0.419","0.433","73.3","36.9","19.2","15.2","33.4","26.5","7.2","26","8","-3","50.4","31.1","91.3","17.9","16.6","59.2","20.4","84.3","23.9","31.8","34.7","25.8"
"2026","Seiya Suzuki","CHC","402","0.6812933","0.89830508","0.25455614","0.45786517","0.75766871","0.41857731","0.16976127","0.3125","0.22163433","0.03910615","0","0.10523222","0.272206303","Seiya Suzuki","30116","673548","Suzuki, Seiya","673548","2026","26.1","11.4","0.272","0.479","0.361","0.84","0.363","0.332","0.453","0.402","73.3","36.7","15","11.4","27.8","21.2","7.2","15","9.1","-4.5","50.6","32.3","88.8","18.8","9.7","60.2","22.6","84.2","25.6","34.8","27.9","27.1"
"2023","Seth Brown","OAK","378","0.74659401","0.8540146","0.25450763","0.57467532","0.70903955","0.42718447","0.26198083","0.30487805","0.21705964","0.09589041","0","0.10124827","0.221574344","Seth Brown","18171","664913","Brown, Seth","664913","2023","26.7","7.9","0.222","0.405","0.286","0.691","0.298","0.322","0.37","0.407","73.8","32","17.5","12.7","32.5","23.6","7.3","8","11.9","-8.6","53.4","32.1","90.5","16.4","12.2","71.2","31.3","82.9","31.3","37.1","34.7","20.4"
"2024","Seth Brown","OAK","400","0.81637717","0.92705167","0.25966495","0.56269113","0.69836957","0.42139175","0.28","0.25714286","0.24162371","0.03333333","0","0.07731959","0.231182795","Seth Brown","18171","664913","Brown, Seth","664913","2024","28","6.3","0.231","0.379","0.282","0.661","0.289","0.298","0.372","0.385","73.3","28","14.3","10.4","31.1","22.6","7.2","14","9.9","-6.4","50.9","32.7","90","14.6","8.5","75.4","30.3","83.5","29.1","40.2","28.4","23.4"
"2023","Shea Langeliers","OAK","490","0.72255489","0.83149171","0.26080167","0.57932692","0.66390041","0.43310776","0.2545045","0.37168142","0.23112962","0.05555556","0","0.07496096","0.205357142","Shea Langeliers","25816","669127","Langeliers, Shea","669127","2023","29.2","6.9","0.205","0.413","0.268","0.681","0.29","0.299","0.376","0.39","74.6","48","19","13","36.3","24.9","7.2","1","12.3","-4.2","64.6","29.6","90.6","19.6","13.3","70","31.2","76.2","32.1","36.7","31.2","17.5"
"2024","Shea Langeliers","OAK","534","0.72030651","0.86170213","0.26191671","0.58391608","0.72255489","0.43050677","0.22807018","0.36538462","0.2288008","0.03184713","0","0.07877572","0.22406639","Shea Langeliers","25816","669127","Langeliers, Shea","669127","2024","27.2","7.7","0.224","0.45","0.288","0.738","0.315","0.328","0.4","0.42","74.1","41.9","17.7","12.9","32.5","23.7","7.3","7","12.3","-5.5","63.4","29.5","91.3","16.3","12.8","69.6","30.6","80.3","29.2","37.6","30","22.4"
"2025","Shea Langeliers","ATH","523","0.77148438","0.90379747","0.26708399","0.61083123","0.76082474","0.41418884","0.26666667","0.4137931","0.22691706","0.05113636","0.11111111","0.09181012","0.276507276","Shea Langeliers","25816","669127","Langeliers, Shea","669127","2025","19.5","6.9","0.277","0.537","0.326","0.863","0.365","0.329","0.431","0.382","73.8","39.3","19.5","14.8","33","25.1","7.2","5","11.3","-2.9","61.1","30.3","90.9","16.4","11.3","73.2","32.1","84","25.1","37.3","29","25.3"
"2026","Shea Langeliers","ATH","416","0.76584022","0.84892086","0.23314066","0.61326861","0.77044855","0.39691715","0.2825","0.40707965","0.2569043","0.0625","0.09090909","0.11303789","0.263297872","Shea Langeliers","25816","669127","Langeliers, Shea","669127","2026","23.1","8.2","0.263","0.497","0.332","0.829","0.356","0.363","0.433","0.442","75.2","53.7","18.6","13.3","33","23.6","7.2","2","11.9","-2.4","61.9","31.2","91.8","19.7","14.9","72","32.2","81.4","28.4","34.5","31.3","24.2"
"2023","Shohei Ohtani","LAA","599","0.72693727","0.8248731","0.2353452","0.59081633","0.70984456","0.42553191","0.22342342","0.41935484","0.24099001","0.05752212","0","0.09813287","0.303822937","Shohei Ohtani","19755","660271","Ohtani, Shohei","660271","2023","23.9","15.2","0.304","0.654","0.412","1.066","0.433","0.428","0.553","0.545","77.4","74.1","22.8","15.3","28.8","19.3","7.9","5","12.7","-2.3","51.1","35.3","94.4","13.2","19.7","70.5","29.7","76","32.3","42.6","30.3","22.7"
"2024","Shohei Ohtani","LAD","731","0.76209677","0.84656085","0.26215645","0.5249584","0.69889065","0.4235377","0.19939117","0.49618321","0.23150106","0.05957447","0.14285714","0.08280479","0.309748427","Shohei Ohtani","19755","660271","Ohtani, Shohei","660271","2024","22.2","11.1","0.31","0.646","0.39","1.036","0.431","0.444","0.534","0.554","76.3","64","25.8","18.4","38.7","27.5","7.7","10","11.1","-1.4","51.6","35.1","95.8","16.2","21.5","69.8","26.6","76.9","29.8","36.3","31.3","26.9"
"2025","Shohei Ohtani","LAD","727","0.72375691","0.80725191","0.25270506","0.49240608","0.6525974","0.43664921","0.21889764","0.39568345","0.22164049","0.04313725","0.27272727","0.08900524","0.281505728","Shohei Ohtani","19755","660271","Ohtani, Shohei","660271","2025","25.7","15","0.282","0.622","0.392","1.014","0.418","0.425","0.542","0.554","75.8","61.9","26.1","17.9","36.6","25.1","7.9","14","15","-2","53.4","36.9","94.9","15","23.5","66.1","26.1","75.3","33.4","39.7","35.7","21.1"
"2026","Shohei Ohtani","LAD","456","0.7029703","0.8556338","0.23681125","0.55971223","0.72493573","0.4073857","0.2264631","0.43820225","0.23036342","0.07009346","0.13333333","0.12543962","0.289473684","Shohei Ohtani","19755","660271","Ohtani, Shohei","660271","2026","22.8","14","0.289","0.537","0.394","0.931","0.391","0.411","0.475","0.507","74.7","49.2","21.8","15.3","39.3","27.6","7.9","10","13.3","0.6","51.5","37.7","93.7","12.7","16.8","64.6","29.7","78.8","30.2","41.3","31.7","23.5"
"2024","Spencer Horwitz","TOR","381","0.69833729","0.90136054","0.26611884","0.51771117","0.82105263","0.46396966","0.16190476","0.52941176","0.19911504","0.02678571","0","0.07079646","0.265243902","Spencer Horwitz","26477","687462","Horwitz, Spencer","687462","2024","18.4","11","0.265","0.433","0.357","0.79","0.344","0.34","0.373","0.367","69.5","9.6","10.7","8.8","33.5","27.4","7","10","9.4","2.4","45.3","38","88.2","13.7","8","65.5","25.7","84.5","19.4","42","25.6","24"
"2025","Spencer Horwitz","PIT","411","0.7295082","0.92134831","0.28739694","0.46949602","0.83898305","0.44405183","0.20058997","0.47058824","0.19964664","0.05982906","0","0.06890459","0.271978021","Spencer Horwitz","26477","687462","Horwitz, Spencer","687462","2025","17.8","10.7","0.272","0.434","0.353","0.787","0.344","0.326","0.376","0.351","68.4","7","9.3","7.7","32.1","26.8","6.9","13","9.8","-1.8","45.5","35.9","87.4","15.6","8.3","67.2","23.3","88.3","17.8","38.4","27.7","26"
"2026","Spencer Horwitz","PIT","295","0.63245033","0.93717277","0.25399495","0.46843177","0.89130435","0.41295206","0.1993007","0.52631579","0.24053827","0.02727273","0.33333333","0.09251472","0.280487804","Spencer Horwitz","26477","687462","Horwitz, Spencer","687462","2026","13.6","13.6","0.28","0.455","0.386","0.841","0.37","0.339","0.37","0.326","68.9","5","10.6","9.1","34.4","29.4","7","4","9.1","-2.7","48.1","34.8","86.9","17.1","8.6","58.8","24.2","92.7","15.2","39.5","27.6","21"
"2023","Spencer Steer","CIN","665","0.67553191","0.87007874","0.28017884","0.48049645","0.79520295","0.42026826","0.18833333","0.39823009","0.22354694","0.06372549","0.15384615","0.07600596","0.271477663","Spencer Steer","26323","668715","Steer, Spencer","668715","2023","20.9","10.2","0.271","0.464","0.356","0.82","0.355","0.332","0.404","0.371","71.5","11.6","11.1","8.6","29.9","23.1","7.4","12","10.5","-6","52.6","29.7","88.7","15.3","6.8","63.2","23.9","82.8","24.1","38","27.5","24.6"
"2024","Spencer Steer","CIN","656","0.71556886","0.91422594","0.25486456","0.50838482","0.77430556","0.43227776","0.17377049","0.35849057","0.2327356","0.02857143","0","0.08012209","0.224738675","Spencer Steer","26323","668715","Steer, Spencer","668715","2024","20.9","11","0.225","0.402","0.319","0.721","0.316","0.321","0.348","0.355","71.5","13.6","12.9","10.2","32.7","25.7","7.4","21","9.2","-5.5","52.8","28.7","88","17.4","6.4","65","24.8","86.6","23.1","37.8","29.4","23"
"2025","Spencer Steer","CIN","568","0.73894437","0.88610039","0.30306961","0.50598802","0.71203156","0.43320363","0.16703786","0.33333333","0.19412019","0.03726708","0.16666667","0.06960657","0.237721021","Spencer Steer","26323","668715","Steer, Spencer","668715","2025","22.7","9","0.238","0.411","0.312","0.723","0.316","0.293","0.367","0.333","70.9","7.1","10.1","7.7","30.2","22.9","7.4","18","12.4","-4.1","58","28.3","87.3","18.8","7.6","67.6","24.8","81.6","25","35.2","30.3","23.8"
"2026","Spencer Steer","CIN","384","0.68973747","0.88927336","0.27583937","0.54575707","0.7652439","0.39565504","0.18950437","0.41538462","0.22580645","0.03205128","0","0.10269914","0.238235294","Spencer Steer","26323","668715","Steer, Spencer","668715","2026","22.4","9.1","0.238","0.421","0.319","0.74","0.325","0.342","0.374","0.402","71.2","8.3","15.3","11.6","34.4","26.2","7.4","9","13.4","-0.4","59","28.9","89.7","16.9","12.4","65.3","26.2","84.9","25.3","43","29.7","19.1"
"2023","Spencer Torkelson","DET","684","0.74378109","0.89464883","0.28817204","0.5062167","0.75087719","0.40358423","0.18181818","0.34210526","0.22473118","0.03433476","0","0.08351254","0.232673267","Spencer Torkelson","27465","679529","Torkelson, Spencer","679529","2023","25","9.8","0.233","0.446","0.313","0.759","0.326","0.348","0.391","0.426","75","50.2","17.7","13.6","29.7","22.9","7.6","9","10.9","-8.3","55.5","31.5","91.8","17.1","14.2","67.7","23.6","82.5","24.7","33.9","31.6","24.5"
"2024","Spencer Torkelson","DET","381","0.7360179","0.88449848","0.28255373","0.49283668","0.72383721","0.44121365","0.16129032","0.26","0.19595449","0.04724409","0","0.08027813","0.219298245","Spencer Torkelson","27465","679529","Torkelson, Spencer","679529","2024","27.6","8.7","0.219","0.374","0.295","0.669","0.295","0.286","0.363","0.35","73.6","30","12.6","9.6","26.7","20.3","7.5","10","10.3","-8.3","53.5","32.9","89","20.2","6.8","66.9","23.3","82.5","26.6","34.5","31.1","21"
"2025","Spencer Torkelson","DET","649","0.73641304","0.90221402","0.27942293","0.4768154","0.69541284","0.43394077","0.14285714","0.3375","0.2126044","0.03589744","0","0.07403189","0.239786856","Spencer Torkelson","27465","679529","Torkelson, Spencer","679529","2025","26","11.1","0.24","0.456","0.333","0.789","0.339","0.334","0.415","0.407","73","26.3","15.4","11.6","30.7","23.1","7.8","17","13.6","-8.2","50","38","90.2","23.1","13.5","66","22.4","82.4","26.9","27.6","36.6","24.1"
"2026","Spencer Torkelson","DET","422","0.76170213","0.86592179","0.26598755","0.4761236","0.65486726","0.40294284","0.14713217","0.15254237","0.22693831","0.05978261","0.09090909","0.1041313","0.209809264","Spencer Torkelson","27465","679529","Torkelson, Spencer","679529","2026","31.5","10.7","0.21","0.422","0.302","0.724","0.316","0.317","0.412","0.414","73.2","26.2","13.8","10.1","29.1","21.3","7.8","13","15.2","-7.8","51.9","37.9","89.7","20","13.9","65.7","22.9","80.5","31","31.1","37.4","25.2"
"2023","Starling Marte","NYM","341","0.78125","0.904","0.25216706","0.59659091","0.76507937","0.41607565","0.31347962","0.4","0.25137904","0.09803922","0","0.08037825","0.247619047","Starling Marte","9241","516782","Marte, Starling","516782","2023","20.2","4.7","0.248","0.324","0.301","0.625","0.278","0.315","0.316","0.367","70.6","12.5","0","0","9.1","4.2","7.5","2","10.5","-2.4","56","38.8","88.2","6.3","5.7","71.5","37.5","82.8","27.8","53.2","24.6","20.2"
"2024","Starling Marte","NYM","370","0.72634271","0.88732394","0.27593507","0.55647841","0.73432836","0.42484121","0.25412541","0.36363636","0.21383204","0.08264463","0.1","0.08539167","0.268656716","Starling Marte","9241","516782","Marte, Starling","516782","2024","21.9","7.3","0.269","0.388","0.327","0.715","0.313","0.342","0.369","0.411","72.3","25.3","17.6","12.6","33.8","24.1","7.3","11","8","1.8","46.7","36","89.8","4.3","6.9","69","30.3","81.5","28.4","51.7","15.8","30.9"
"2025","Starling Marte","NYM","329","0.70087977","0.89958159","0.27171315","0.53873239","0.75163399","0.45258964","0.28195489","0.38666667","0.21195219","0.025","0","0.06374502","0.269624573","Starling Marte","9241","516782","Marte, Starling","516782","2025","20.7","6.7","0.27","0.41","0.335","0.745","0.326","0.319","0.372","0.362","72.7","33.2","16.7","12.3","32.2","23.6","7.3","10","8.6","-0.1","46.4","35.4","87.6","10","7.9","67.7","29.7","82.6","26.4","48.7","22.2","23.5"
"2026","Starling Marte","KCR","143","0.75816993","0.85344828","0.2849162","0.59903382","0.76612903","0.38547486","0.288","0.36111111","0.23277467","0.09615385","0.4","0.09683426","0.255813953","Starling Marte","9241","516782","Marte, Starling","516782","2026","25.2","5.6","0.256","0.31","0.315","0.625","0.283","0.301","0.337","0.365","72.5","29","18.1","13.1","31.9","23","7.3","9","8.1","0.6","39.6","35.9","88.9","6","9.5","69.6","35.6","80","28.8","51.6","14.7","27.4"
"2023","Steven Kwan","CLE","718","0.62709832","0.97131931","0.29335209","0.44536424","0.89591078","0.42490327","0.16912972","0.61165049","0.21421034","0.01041667","0","0.06753429","0.268025078","Steven Kwan","24610","680757","Kwan, Steven","680757","2023","10.4","9.7","0.268","0.37","0.34","0.71","0.313","0.319","0.306","0.314","64","0.2","4.9","4.4","45.5","41.5","6.4","10","1.8","0.3","30.6","34.9","86","10.7","1.1","59.1","21.2","94","11.2","46.7","20","28.8"
"2024","Steven Kwan","CLE","540","0.63371151","0.97442455","0.28498845","0.4142705","0.93573265","0.43371824","0.12472648","0.64912281","0.21108545","0.03947368","0.16666667","0.07020785","0.291666666","Steven Kwan","24610","680757","Kwan, Steven","680757","2024","9.4","9.8","0.292","0.425","0.368","0.793","0.349","0.337","0.345","0.329","64.4","0.4","6.2","5.8","41.8","38.6","6.4","6","3.3","-2.7","36.3","35.9","86.3","14.9","2.6","57.8","19.1","95.7","8.2","37.4","28.3","27.8"
"2025","Steven Kwan","CLE","693","0.61881785","0.97660819","0.29755922","0.46231156","0.92391304","0.42857143","0.15625","0.64444444","0.20674803","0.03743316","0.14285714","0.06712132","0.272","Steven Kwan","24610","680757","Kwan, Steven","680757","2025","8.7","7.9","0.272","0.374","0.33","0.704","0.31","0.31","0.304","0.305","63.5","0.8","4.3","4","42.9","39.8","6.3","16","3.1","-2.3","35.3","35.7","86.2","15.6","1.9","58.8","22.7","96.1","8.7","39.1","26.1","29"
"2026","Steven Kwan","CLE","407","0.56674473","0.97520661","0.2716285","0.39552239","0.94716981","0.42620865","0.14893617","0.67346939","0.20928753","0.04794521","0.28571429","0.09287532","0.247093023","Steven Kwan","24610","680757","Kwan, Steven","680757","2026","10.1","12.8","0.247","0.305","0.348","0.653","0.301","0.322","0.271","0.298","62.7","0.2","1.7","1.6","46.1","42.9","6.2","5","2.1","-0.8","31","36.3","83.5","14.1","0.3","51.3","21.1","94.9","9","40","22.6","31.3"
"2023","Stone Garrett","WSN","271","0.82926829","0.83333333","0.23699422","0.60986547","0.68382353","0.42967245","0.25390625","0.36923077","0.24662813","0.07777778","0.14285714","0.0867052","0.269230769","Stone Garrett","19273","656448","Garrett, Stone","656448","2023","30.3","9.6","0.269","0.457","0.343","0.8","0.344","0.346","0.458","0.462","74.2","42.9","11.9","7.7","22.8","14.7","7.9","1","10.8","-6.5","55.1","31.2","91.1","17.3","9.6","75","33.7","76.4","32.6","31.8","29.3","29.9"
"2023","Stuart Fairchild","CIN","255","0.82078853","0.81222707","0.29153605","0.56683168","0.64628821","0.42215256","0.13432836","0.18518519","0.21003135","0.04109589","0","0.07628004","0.228310502","Stuart Fairchild","20321","656413","Fairchild, Stuart","656413","2023","27.1","9.8","0.228","0.388","0.321","0.709","0.312","0.312","0.374","0.375","70.2","6.1","14.1","9.6","26.9","18.3","7.4","2","13.4","-2.6","62.1","36.7","85.9","14.3","7.8","75.9","24.3","75.1","33.9","40","28.4","23.9"
"2024","Stuart Fairchild","CIN","233","0.79508197","0.82989691","0.28604924","0.55462185","0.59090909","0.41852286","0.14619883","0.24","0.20046893","0.02469136","0","0.09495897","0.215311004","Stuart Fairchild","20321","656413","Fairchild, Stuart","656413","2024","25.8","7.3","0.215","0.368","0.286","0.654","0.288","0.298","0.347","0.363","70.3","10.1","11.8","7.7","32.6","21.3","7.4","10","14.4","-10.2","57.9","33.4","85.5","20.5","8","74.7","26","73.4","35.5","38.8","30.3","16.4"
"2026","Sung-Mun Song","SDP","116","0.65811966","0.8961039","0.2516129","0.5025641","0.81632653","0.41935484","0.19047619","0.45","0.22580645","0.02083333","1","0.10322581","0.212121212","Sung-Mun Song","37122","823550","Song, Sung-Mun","823550","2026","18.1","12.9","0.212","0.283","0.316","0.599","0.279","0.269","0.273","0.258","72","13.7","10.5","8.3","32.3","25.6","7.6","4","7.7","-1.7","59.8","22.4","86.9","15.8","5","63.7","24.4","83.1","22.9","43.8","26.3","16.3"
"2025","Taylor Trammell","HOU","135","0.71698113","0.75438596","0.28804348","0.49333333","0.6036036","0.4076087","0.16793893","0.18181818","0.23731884","0.02702703","0","0.06702899","0.196581196","Taylor Trammell","19960","666211","Trammell, Taylor","666211","2025","30.4","12.6","0.197","0.333","0.296","0.629","0.282","0.271","0.342","0.322","74.6","44.5","14.2","8.7","31.3","19.3","7.8","6","11.3","-4","47.5","30","91","15.5","7.8","67.8","21.9","69.8","38.6","42.9","24.7","23.4"
"2026","Taylor Trammell","HOU","151","0.7278481","0.85217391","0.28264758","0.51339286","0.5826087","0.40071556","0.27642276","0.17647059","0.22003578","0.09259259","0.2","0.09660107","0.23880597","Taylor Trammell","19960","666211","Trammell, Taylor","666211","2026","32.5","8.6","0.239","0.403","0.32","0.723","0.32","0.301","0.432","0.399","75.5","56.5","14.1","8.9","25","15.7","7.9","9","11","-7.9","54.2","28.6","88.9","14.5","10.5","66.2","28.9","72.7","39.3","44.2","33.7","18.6"
"2023","Taylor Walls","TBR","349","0.75675676","0.87857143","0.26056338","0.46740859","0.70068027","0.44295775","0.0952381","0.3125","0.23661972","0.01176471","0","0.05985915","0.201320132","Taylor Walls","22458","670764","Walls, Taylor","670764","2023","26.4","12.6","0.201","0.333","0.305","0.638","0.287","0.277","0.325","0.309","69.2","3.9","5.9","3.9","35.3","23.6","7.3","1","14.6","-4.8","60","32","86.7","19.1","3.3","65.5","18","78.5","27.2","35.8","31.6","21.7"
"2024","Taylor Walls","TBR","252","0.76610169","0.88495575","0.28696498","0.47126437","0.71219512","0.42315175","0.125","0.28571429","0.21789883","0.01351351","0","0.07198444","0.183486238","Taylor Walls","22458","670764","Walls, Taylor","670764","2024","26.6","12.3","0.183","0.248","0.282","0.53","0.245","0.255","0.262","0.278","67.3","1.7","5.9","4.4","32.9","24.9","7.2","8","12.7","1","59.1","33.8","86.1","18.2","3.2","69.3","20.3","81.4","25","37","29.9","21.4"
"2025","Taylor Walls","TBR","317","0.69900498","0.89679715","0.31578947","0.47330961","0.76691729","0.44147683","0.08333333","0.55","0.18853103","0","null","0.05420267","0.219858156","Taylor Walls","22458","670764","Walls, Taylor","670764","2025","22.1","8.2","0.22","0.319","0.28","0.599","0.265","0.261","0.299","0.293","68.7","2.2","7.2","5.6","35","27.4","7","3","10.2","3.9","58.1","34.4","87","15.1","3.2","64.5","21.2","84.8","20.3","41.6","30.8","21.7"
"2026","Taylor Walls","TBR","296","0.67412141","0.88625592","0.26660988","0.48232848","0.75431034","0.40971039","0.17509728","0.42222222","0.21890971","0.03252033","0.5","0.10477002","0.218253968","Taylor Walls","22458","670764","Walls, Taylor","670764","2026","26","10.8","0.218","0.29","0.308","0.598","0.274","0.247","0.312","0.267","68.2","2.4","3.9","3.1","33.6","26.1","7.1","14","13.4","-0.2","60.7","33.4","85.3","19.5","2.7","62.3","25.3","83","23.6","43.2","28.1","19.5"
"2023","Taylor Ward","LAA","409","0.75721154","0.93015873","0.25568531","0.48359486","0.80530973","0.43085433","0.17119565","0.38095238","0.22618316","0.03521127","0","0.0872772","0.252808988","Taylor Ward","17548","621493","Ward, Taylor","621493","2023","19.6","9.5","0.253","0.421","0.335","0.756","0.329","0.34","0.36","0.377","69.3","1.1","18.7","15.7","32","27","7","1","6.7","-0.3","53.3","29.5","90.7","14.3","8.2","66.9","23.2","87.5","21.1","41.1","32.3","22"
"2024","Taylor Ward","LAA","663","0.73050616","0.86329588","0.28137028","0.45305378","0.73843058","0.42224788","0.14285714","0.375","0.21555042","0.05714286","0","0.08083141","0.246153846","Taylor Ward","17548","621493","Ward, Taylor","621493","2024","24.6","9.5","0.246","0.426","0.323","0.749","0.325","0.345","0.389","0.42","69.8","8.4","14.8","11.4","38.2","29.4","7.1","23","9.2","0.1","50.9","31.6","90.9","17.4","13.1","64.8","20.9","82.5","25.5","32.3","36.3","27.7"
"2025","Taylor Ward","LAA","663","0.61277705","0.91702128","0.2751076","0.38808374","0.73858921","0.44548063","0.15213675","0.37078652","0.20982783","0.04123711","0.125","0.06958393","0.227979274","Taylor Ward","17548","621493","Ward, Taylor","621493","2025","26.4","11.3","0.228","0.475","0.317","0.792","0.339","0.333","0.417","0.407","69.5","7.1","15.7","12.2","38.2","29.6","7.1","26","9.2","-2.6","55.7","32.1","90.1","18","13.7","53.9","20.6","86.5","23.8","34.4","36.1","21.7"
"2026","Taylor Ward","BAL","496","0.62318841","0.93313953","0.26809131","0.37079954","0.7625","0.4191355","0.08240535","0.43243243","0.21806702","0.02051282","0","0.09470617","0.248138957","Taylor Ward","17548","621493","Ward, Taylor","621493","2026","20.4","16.9","0.248","0.35","0.383","0.733","0.337","0.345","0.342","0.355","68.4","2.9","12.5","10.3","41.1","34","6.9","16","6.3","-0.1","46.9","31","89.2","15.5","5.6","54.6","14.3","87.6","19.4","37.4","26.9","27.9"
"2023","Teoscar Hernández","SEA","678","0.77593985","0.80813953","0.24878414","0.62674825","0.68479777","0.42798354","0.29421488","0.25842697","0.22633745","0.08880309","0.13043478","0.09689487","0.2576","Teoscar Hernandez","13066","606192","Hernández, Teoscar","606192","2023","31.1","5.6","0.258","0.435","0.305","0.74","0.317","0.334","0.435","0.463","73.9","43.5","20.2","13.3","32.1","21.1","7.9","18","12.4","-0.8","52.9","34.1","91.3","12.3","13.8","73.2","35.2","75.2","35.8","42.8","26.8","24.9"
"2024","Teoscar Hernández","LAD","652","0.78887304","0.82820976","0.26878834","0.59132841","0.64430577","0.41564417","0.21989529","0.33333333","0.21970859","0.056","0.07142857","0.0958589","0.271646859","Teoscar Hernandez","13066","606192","Hernández, Teoscar","606192","2024","28.8","8.1","0.272","0.501","0.339","0.84","0.36","0.347","0.48","0.459","73.2","31.6","18.5","12.4","29.5","19.8","7.8","29","8.9","1.2","51.1","32.7","90.6","10.3","15","74.7","28.8","75.1","34","46.5","26.6","22.1"
"2025","Teoscar Hernández","LAD","546","0.72204473","0.82079646","0.29266012","0.56465517","0.69083969","0.43384759","0.2325","0.27956989","0.18700327","0.04864865","0.11111111","0.08648901","0.246575342","Teoscar Hernandez","13066","606192","Hernández, Teoscar","606192","2025","24.5","4.8","0.247","0.454","0.284","0.738","0.315","0.323","0.397","0.408","72.9","30.8","18.8","13.2","34.9","24.4","7.8","26","10.3","0","54.5","31.9","90.2","9.9","11.5","68.5","30.1","77.3","31.9","45.3","27.7","23"
"2026","Teoscar Hernández","LAD","290","0.70848708","0.84375","0.23281787","0.5502008","0.69343066","0.42783505","0.20136519","0.38983051","0.25171821","0.07843137","0","0.08762887","0.247104247","Teoscar Hernandez","13066","606192","Hernández, Teoscar","606192","2026","27.6","9","0.247","0.386","0.317","0.703","0.31","0.316","0.388","0.399","72.2","22","16.4","11.4","34","23.7","7.7","13","11","1.4","53.8","33.6","89.2","15.4","8.8","66.2","28.5","76.2","32.5","41.8","31.9","20.3"
"2023","Thairo Estrada","SFG","530","0.72989691","0.94350282","0.25221009","0.55555556","0.80434783","0.43057722","0.34615385","0.49673203","0.22984919","0.08928571","0.13333333","0.08736349","0.27070707","Thairo Estrada","16426","642731","Estrada, Thairo","642731","2023","22.6","4.2","0.271","0.416","0.315","0.731","0.316","0.293","0.384","0.351","70.2","13.1","11.7","9.4","34.6","28","7.3","12","10.1","-4","51.9","31.8","85.9","10.8","4.8","67.3","38.1","89.2","21.5","45.4","22.3","25.5"
"2024","Thairo Estrada","SFG","381","0.67236467","0.94491525","0.26814362","0.5992714","0.82370821","0.41940413","0.33910035","0.46938776","0.22077922","0.06666667","0","0.09167303","0.217032967","Thairo Estrada","16426","642731","Estrada, Thairo","642731","2024","19.9","2.6","0.217","0.343","0.247","0.59","0.256","0.265","0.301","0.312","70.8","14.1","11.8","9.9","33.8","28.3","7.2","17","11.1","-4.7","59.9","30.3","86.2","10.5","4.8","67.4","35","90.3","20.5","47.6","21.7","21.7"
"2025","Thairo Estrada","COL","165","0.76315789","0.9137931","0.26713533","0.60080645","0.80536913","0.43585237","0.33333333","0.45945946","0.19507909","0.06896552","0","0.10193322","0.253246753","Thairo Estrada","16426","642731","Estrada, Thairo","642731","2025","15.8","3.6","0.253","0.37","0.285","0.655","0.284","0.264","0.315","0.29","71.8","18.7","10.1","8.1","32.1","25.6","7.3","3","11.7","-4.1","54.3","30.4","86.3","7","3.1","73","35.2","88.3","22.8","51.9","22.9","21.4"
"2025","Thomas Saggese","STL","295","0.70807453","0.8377193","0.27195946","0.51132075","0.77859779","0.44763514","0.3256705","0.61176471","0.22043919","0.11267606","0.25","0.05996622","0.258181818","Thomas Saggese","27883","695336","Saggese, Thomas","695336","2025","28.1","5.4","0.258","0.342","0.299","0.641","0.282","0.28","0.367","0.363","69.8","6","13","9.6","32.6","24.3","6.9","13","7.9","5.4","40.7","37.9","90.2","12.9","5.6","65.4","34.3","77.5","26.5","41","26.2","28.2"
"2023","Tim Anderson","CHW","524","0.76043557","0.88305489","0.28372812","0.59107807","0.76310273","0.41555098","0.30528846","0.48031496","0.21421215","0.08928571","0.06666667","0.08650875","0.245436105","Tim Anderson","15172","641313","Anderson, Tim","641313","2023","23.3","5","0.245","0.296","0.286","0.582","0.26","0.28","0.31","0.339","68.7","3","11.6","9.1","28.2","22.2","7.1","19","8.9","5.5","44.9","40.8","87.8","2","3","71.5","35.4","82.6","25.3","61.4","10.7","26.8"
"2024","Tim Anderson","MIA","241","0.775","0.84408602","0.25396825","0.59058824","0.69721116","0.44973545","0.34653465","0.48571429","0.21375661","0.11538462","0","0.08253968","0.213675213","Tim Anderson","15172","641313","Anderson, Tim","641313","2024","28.2","2.9","0.214","0.226","0.237","0.463","0.208","0.235","0.272","0.313","69.6","4.2","11.2","8.2","28.1","20.6","7.2","14","9.7","9.2","50","39.9","86.1","1.4","1.8","71.5","37.7","77.2","30.6","62","12.7","24.7"
"2025","Tim Tawa","ARI","225","0.75965665","0.8700565","0.26598174","0.5203252","0.66145833","0.42123288","0.24736842","0.23404255","0.21689498","0.03571429","0","0.09589041","0.201005025","Tim Tawa","29571","694374","Tawa, Tim","694374","2025","28.4","8.9","0.201","0.347","0.274","0.621","0.273","0.29","0.336","0.363","73.1","31.1","16.5","11.3","30.9","21.2","7.1","10","11","-5.3","54.5","31.9","89.2","6.8","9.3","69","28.9","81","32.5","50.7","27.1","17.9"
"2026","Tim Tawa","ARI","146","0.71724138","0.90384615","0.25086505","0.56198347","0.74264706","0.41868512","0.24242424","0.46875","0.2283737","0.03389831","0","0.10207612","0.217054263","Tim Tawa","29571","694374","Tawa, Tim","694374","2026","21.9","7.5","0.217","0.372","0.275","0.647","0.283","0.284","0.328","0.33","74.3","40.7","13.2","10","28.7","21.6","7.3","7","9.9","-6.4","60.3","30.6","88.8","10.9","6.9","71.3","29.8","82.5","26","49.5","25.2","18.4"
"2023","TJ Friedl","CIN","556","0.62418301","0.91884817","0.27894257","0.46695096","0.82648402","0.42752963","0.17573222","0.5","0.21786691","0.0060241","0","0.07566089","0.278688524","TJ Friedl","19522","670770","Friedl, TJ","670770","2023","16.2","8.5","0.279","0.467","0.352","0.819","0.353","0.287","0.383","0.293","68.4","3.5","8.8","7","35.4","28.4","6.7","5","8.1","-9.2","57","28.5","86.7","16.1","3.2","59.1","24.7","88.6","18.4","42.8","25.9","22"
"2024","TJ Friedl","CIN","341","0.66381766","0.93562232","0.27293935","0.51079137","0.83098592","0.43234837","0.12962963","0.28571429","0.20995334","0.01834862","0","0.08475894","0.225589225","TJ Friedl","19522","670770","Friedl, TJ","670770","2024","15.2","7.6","0.226","0.38","0.31","0.69","0.305","0.293","0.309","0.293","70.4","7.7","10","8.3","35.3","29.3","6.8","11","9.1","-8.6","61.6","27.7","86","16.7","3.2","62","23.9","89","17.9","38.2","27.9","24.3"
"2025","TJ Friedl","CIN","685","0.62193548","0.93983402","0.29367185","0.41949911","0.80170576","0.42364532","0.1090573","0.37288136","0.20500189","0.03414634","0","0.07768094","0.260794473","TJ Friedl","19522","670770","Friedl, TJ","670770","2025","16.8","11.8","0.261","0.378","0.364","0.742","0.333","0.3","0.339","0.292","69.9","5.9","11.8","9.8","36.8","30.6","6.7","14","9.3","-7.8","59.4","28.3","87.1","14.3","2.7","58.3","18.1","90.1","17.5","42.3","21.6","25.8"
"2026","TJ Friedl","CIN","233","0.69506726","0.9483871","0.25720877","0.47258486","0.70165746","0.44175317","0.18617021","0.28571429","0.21683968","0.02739726","0","0.08419839","0.167487684","TJ Friedl","19522","670770","Friedl, TJ","670770","2026","23.2","8.6","0.167","0.251","0.254","0.505","0.235","0.237","0.244","0.248","70.9","10.9","9.7","7.3","35.4","26.8","6.8","10","9.4","-5.7","62.3","28.6","87.4","21.1","2.7","63.2","25.5","86.6","25.2","43.9","25.2","19.4"
"2026","TJ Rumfield","COL","428","0.78779841","0.94276094","0.23936508","0.56528418","0.83695652","0.41333333","0.27989822","0.47272727","0.24952381","0.06493506","0","0.09777778","0.293333333","TJ Rumfield","29805","681198","Rumfield, TJ","681198","2026","14.7","10.3","0.293","0.467","0.376","0.843","0.369","0.322","0.39","0.324","68.8","8.3","8.7","7","30.1","24.1","6.6","11","10","-3.5","45","36.4","83.8","15.8","5.1","72.4","31.5","90.8","20.9","39.5","28","26.4"
"2023","Tom Murphy","SEA","159","0.80357143","0.82962963","0.28474576","0.57414449","0.67549669","0.44576271","0.17117117","0.15789474","0.18813559","0.0625","0","0.08135593","0.289655172","Tom Murphy","13499","608596","Murphy, Tom","608596","2023","27.7","6.3","0.29","0.538","0.335","0.873","0.367","0.349","0.489","0.461","72.6","19.3","19.4","14.5","29","21.7","8","1","13.6","-7","53.9","36.2","89.5","13.7","14.6","73","30.1","78.4","30.4","45.6","28.2","24.3"
"2024","Tomás Nido","- - -","140","0.78723404","0.78378378","0.27865613","0.73933649","0.69230769","0.41699605","0.29906542","0.34375","0.21146245","0.12765957","0.16666667","0.09288538","0.192307692","Tomas Nido","13755","621512","Nido, Tomás","621512","2024","25","3.6","0.192","0.315","0.219","0.534","0.231","0.289","0.291","0.373","70.7","5.6","14","9.3","38.5","25.7","8.1","1","15.3","2.9","55.1","32.8","89.8","14.1","12","79.1","41.7","74.6","35.9","46","30","19"
"2023","Tommy Edman","STL","528","0.66923077","0.95402299","0.28745163","0.48911652","0.85863874","0.43173024","0.23513514","0.49425287","0.20453289","0.05072464","0.14285714","0.07628524","0.248434237","Tommy Edman","19470","669242","Edman, Tommy","669242","2023","15.9","6.6","0.248","0.399","0.307","0.706","0.306","0.312","0.329","0.338","70.8","16","15.4","13.4","37.6","32.6","6.9","2","7.4","-0.5","55.2","24.3","89.1","7.5","5","62.1","28.6","92.3","16.1","51.7","21.4","20.1"
"2024","Tommy Edman","LAD","153","0.71153846","0.89189189","0.27513228","0.53556485","0.7734375","0.42151675","0.17355372","0.23809524","0.21340388","0.01960784","0","0.08994709","0.237410071","Tommy Edman","19470","669242","Edman, Tommy","669242","2024","19.6","7.2","0.237","0.417","0.294","0.711","0.307","0.272","0.348","0.3","69.8","8.3","9","7","38.8","30.2","6.9","5","8.5","0.1","52.9","26.9","87.6","11.4","3.6","66.8","25.7","85.2","24","45","27.9","20.7"
"2025","Tommy Edman","LAD","377","0.6997389","0.94029851","0.28624813","0.52516779","0.84664537","0.44544096","0.20895522","0.375","0.20029895","0.05494505","0","0.06801196","0.225433526","Tommy Edman","19470","669242","Edman, Tommy","669242","2025","16.2","5","0.225","0.382","0.274","0.656","0.284","0.321","0.308","0.357","70.1","11.9","16.3","13.3","37.8","30.9","6.9","6","9.8","-1.2","59.5","26.6","88.3","11.8","4.5","65.1","28.4","89.9","19.8","45.7","24.4","24.4"
"2026","Tommy Edman","LAD","121","0.73451327","0.92771084","0.26401869","0.57225434","0.81818182","0.40420561","0.24545455","0.37037037","0.25700935","0","null","0.07476636","0.330188679","Tommy Edman","19470","669242","Edman, Tommy","669242","2026","19","6.6","0.33","0.481","0.403","0.884","0.389","0.368","0.446","0.416","70.5","10","17","13.7","34.6","27.9","7","0","9.8","-2.2","55.4","26.9","89.3","11.1","7.1","68.4","31","87.6","21.2","49.4","21.2","23.5"
"2023","Tommy Pham","- - -","481","0.66477273","0.92307692","0.27543036","0.44074074","0.73389356","0.42253521","0.14454976","0.27868852","0.22013563","0.05095541","0","0.0818988","0.255868544","Tommy Pham","2967","502054","Pham, Tommy","502054","2023","22","9.8","0.256","0.446","0.328","0.774","0.332","0.359","0.386","0.426","73.7","41.9","21.3","16.8","39.4","31.1","6.9","8","6.6","-0.8","40.9","28.3","92.3","5.7","10.7","60.6","20.6","86","23.6","48.5","21.5","27.6"
"2024","Tommy Pham","- - -","478","0.67577413","0.89757412","0.28549142","0.43403206","0.74431818","0.42173687","0.13118812","0.32075472","0.2100884","0.01886792","0.33333333","0.08268331","0.247727272","Tommy Pham","2967","502054","Pham, Tommy","502054","2024","22.2","7.3","0.248","0.368","0.305","0.673","0.297","0.321","0.347","0.382","72.6","21.5","17.9","14.1","36.6","28.9","6.9","14","7.6","3.3","53.5","27.8","90.4","11","7.2","59.9","18.7","84.1","22.5","44.2","22.4","27.2"
"2025","Tommy Pham","PIT","449","0.69449715","0.92349727","0.30890973","0.42666667","0.715625","0.43962485","0.12302839","0.28205128","0.18581477","0.03571429","0.25","0.06565064","0.244897959","Tommy Pham","2967","502054","Pham, Tommy","502054","2025","20.9","11.1","0.245","0.37","0.33","0.7","0.308","0.318","0.341","0.357","73.3","32.4","18.7","14.7","37.4","29.5","7","10","8.1","-0.5","51.6","27.4","91.6","6.9","6.6","60.7","19.9","84.8","22.9","51.2","19.8","23.1"
"2026","Tommy Troy","ARI","134","0.65467626","0.9010989","0.25411335","0.52340426","0.70731707","0.42961609","0.17073171","0.52380952","0.22486289","0.02","0","0.09140768","0.223140495","Tommy Troy","33279","694371","Troy, Tommy","694371","2026","23.1","9.7","0.223","0.364","0.299","0.663","0.295","0.317","0.338","0.371","72.1","24.1","13","9.9","27.3","20.7","7","6","13","-2.6","52.9","32.7","84.8","10.7","10","63.2","27","81.8","24.9","48.9","23.3","23.3"
"2023","Tony Kemp","OAK","419","0.69866071","0.93290735","0.30249831","0.49918699","0.85993485","0.41525996","0.16608997","0.66666667","0.19513842","0.03100775","0","0.08710331","0.208913649","Tony Kemp","14894","643393","Kemp, Tony","643393","2023","9.5","10.5","0.209","0.304","0.303","0.607","0.276","0.299","0.244","0.274","64.9","0.4","3.6","3","47.4","40","6.8","2","9.5","-1.7","57.3","32.8","86.7","10","1.2","66.3","23.6","88.9","14.5","48.6","25.2","21"
"2026","Travis Bazzana","CLE","338","0.71513353","0.91701245","0.24870849","0.47738693","0.74035088","0.44059041","0.19543974","0.36666667","0.22656827","0.07017544","0","0.08413284","0.243986254","Travis Bazzana","34967","683953","Bazzana, Travis","683953","2026","21.9","11.8","0.244","0.399","0.34","0.739","0.327","0.305","0.364","0.33","69.7","13","9.9","7.5","33.6","25.5","7","20","11","-2.5","49.9","33.4","88.3","15.3","4.5","63.8","26.4","83.9","25.7","40.9","29.5","19.5"
"2023","Travis d'Arnaud","ATL","292","0.8119403","0.79411765","0.30044843","0.5583524","0.73770492","0.39192825","0.21774194","0.48148148","0.22242152","0.10526316","0.1","0.08520179","0.224719101","Travis d'Arnaud","7739","518595","d'Arnaud, Travis","518595","2023","22.9","7.2","0.225","0.397","0.288","0.685","0.297","0.323","0.348","0.386","72","21.5","16.1","11.5","32.3","23","7.6","1","10.5","2.4","53","31.1","90.7","10.3","9","75.4","27.2","76.2","28.6","42.3","24.9","25.9"
"2024","Travis d'Arnaud","ATL","341","0.81233244","0.79537954","0.27487104","0.54377104","0.65944272","0.43773029","0.22261484","0.49206349","0.20854827","0","null","0.07885041","0.237785016","Travis d'Arnaud","7739","518595","d'Arnaud, Travis","518595","2024","26.1","7","0.238","0.436","0.302","0.738","0.319","0.323","0.396","0.404","71.2","20.3","13.8","9.3","31.1","21","7.8","6","12.5","1.6","56.7","32.3","89.9","11.6","10.4","74.5","27.3","73.6","32.8","46.8","27.5","20.7"
"2025","Travis d'Arnaud","LAA","231","0.77906977","0.82587065","0.29553265","0.59173127","0.6419214","0.44329897","0.23780488","0.41025641","0.18785796","0.0625","0","0.07331042","0.197183098","Travis d'Arnaud","7739","518595","d'Arnaud, Travis","518595","2025","32","5.6","0.197","0.343","0.255","0.598","0.263","0.269","0.349","0.359","70.1","8","10.5","7.2","28.3","19.6","7.7","6","15","-4.3","55.6","32.8","88.2","17.9","11.4","73.7","32.4","75.8","31.9","38.6","25.7","23.6"
"2023","Travis Jankowski","TEX","287","0.65944272","0.97183099","0.28890877","0.39958592","0.8238342","0.43202147","0.05128205","0.5","0.20930233","0.01282051","1","0.06976744","0.263157894","Travis Jankowski","13768","608671","Jankowski, Travis","608671","2023","14.6","12.2","0.263","0.332","0.357","0.689","0.312","0.303","0.307","0.294","66.3","0.6","8","7.3","40.7","37","6.2","3","-3.6","-3.7","13.1","33.9","85.4","8.1","0","58.5","16.2","89.7","14.8","51.9","18.8","23.6"
"2024","Travis Jankowski","TEX","207","0.69262295","0.90532544","0.2979243","0.47814208","0.75428571","0.44688645","0.12101911","0.42105263","0.19169719","0.01923077","0","0.06349206","0.2","Travis Jankowski","13768","608671","Jankowski, Travis","608671","2024","21.3","5.8","0.2","0.242","0.266","0.508","0.234","0.245","0.25","0.266","67","1.9","5.2","4.2","33.6","26.9","6.5","7","-1.2","-6.1","23.4","35.1","85.4","5.9","0.7","64.7","21.1","85.8","20.7","59.6","16.4","18.5"
"2023","Trayce Thompson","- - -","179","0.71938776","0.75886525","0.24530663","0.43843844","0.54109589","0.41677096","0.13567839","0.22222222","0.24906133","0.07042254","0","0.08886108","0.163398692","Trayce Thompson","9952","572204","Thompson, Trayce","572204","2023","43","13.4","0.163","0.294","0.285","0.579","0.266","0.278","0.388","0.416","72.7","25.5","14","8.1","29.1","16.8","7.7","4","19.2","-3.2","48.7","39.6","89.3","21.8","11.8","62.6","20.5","67.1","43.3","34.2","38.2","19.7"
"2023","Trea Turner","PHI","691","0.80410742","0.87426326","0.23663551","0.60838537","0.728739","0.41906542","0.3255814","0.37142857","0.2411215","0.07246377","0","0.10317757","0.266040688","Trea Turner","16252","607208","Turner, Trea","607208","2023","21.7","6.5","0.266","0.459","0.32","0.779","0.333","0.331","0.399","0.396","72.4","27","15.4","11.1","34.8","25","7.6","5","12.2","-6.8","62.3","29.9","89.9","13","8.4","74.4","35.2","82.2","29.6","40.2","30.6","23.7"
"2024","Trea Turner","PHI","539","0.78897338","0.91566265","0.25949679","0.62529833","0.75763359","0.41341885","0.27385892","0.35606061","0.23778984","0.11049724","0.05","0.08929452","0.295049504","Trea Turner","16252","607208","Turner, Trea","607208","2024","18.2","5","0.295","0.469","0.338","0.807","0.349","0.323","0.405","0.37","71.5","16.9","13.2","9.9","33.9","25.5","7.6","15","10.8","-5","61","29.1","89.1","11.5","6.9","74.8","33.9","85.8","26.1","47.1","26.5","21.3"
"2025","Trea Turner","PHI","639","0.79510703","0.91923077","0.27170752","0.57000993","0.74738676","0.41836311","0.24324324","0.36507937","0.21520565","0.07894737","0","0.09472372","0.303904923","Trea Turner","16252","607208","Turner, Trea","607208","2025","16.7","6.7","0.304","0.457","0.355","0.812","0.352","0.321","0.396","0.356","71.1","17.6","15.1","11.6","33.9","26","7.5","18","7.9","-2.5","58.7","27.9","89.3","9.1","5.8","72.8","31.2","86","24.8","48.3","23.1","24.2"
"2026","Trea Turner","PHI","469","0.76388889","0.9","0.2440678","0.59681698","0.73111111","0.4259887","0.28855721","0.42241379","0.22711864","0.07692308","0","0.10282486","0.243119266","Trea Turner","16252","607208","Turner, Trea","607208","2026","22.6","6","0.243","0.392","0.292","0.684","0.3","0.296","0.358","0.353","71.7","19.9","11.9","8.8","33.8","25.1","7.6","13","8.5","-3.9","63.2","25.6","88.9","9.9","6.6","69.6","34.8","84.3","27.3","47","26.5","21.7"
"2023","Trent Grisham","SDP","555","0.67867868","0.83185841","0.28449381","0.40748031","0.75362319","0.43400256","0.16839917","0.39506173","0.20546775","0.07865169","0.07142857","0.07603588","0.198294243","Trent Grisham","18564","663757","Grisham, Trent","663757","2023","27.7","13.5","0.198","0.352","0.315","0.667","0.299","0.322","0.343","0.385","70.4","8.3","14","10.5","32.2","24.3","7.6","3","17.7","3","50.9","32.8","90.3","18.3","11.9","60.2","21.7","77.8","28.3","38.1","28.1","23.8"
"2024","Trent Grisham","NYY","209","0.65427509","0.86931818","0.31498829","0.33147632","0.7394958","0.42037471","0.09142857","0.1875","0.20491803","0.01960784","0","0.05971897","0.189944134","Trent Grisham","18564","663757","Grisham, Trent","663757","2024","27.3","10.5","0.19","0.385","0.29","0.675","0.295","0.303","0.351","0.364","70.4","5.6","17.8","13.9","39.9","31.2","7.7","3","16.2","-1.4","65.8","29.9","90.6","20","12","56.9","13.8","81.8","23.3","40","38.4","12.8"
"2025","Trent Grisham","NYY","581","0.64190193","0.88425926","0.28123694","0.39688359","0.76905312","0.45591308","0.10967742","0.37254902","0.19431676","0.0304878","0","0.06853322","0.234817813","Trent Grisham","18564","663757","Grisham, Trent","663757","2025","23.6","14.1","0.235","0.464","0.348","0.812","0.353","0.37","0.407","0.434","71","11.4","19","15.2","38.4","30.7","7.6","15","16.7","2","58","30.9","91.1","16.4","14.2","58.2","17.3","83.4","22.7","37.2","33.5","20.7"
"2026","Trent Grisham","NYY","351","0.66581633","0.91954023","0.28344179","0.40554593","0.84615385","0.41720897","0.13131313","0.33333333","0.21475054","0.01709402","0","0.0845987","0.212624584","Trent Grisham","18564","663757","Grisham, Trent","663757","2026","16.2","13.4","0.213","0.382","0.316","0.698","0.31","0.343","0.308","0.355","70.5","7.6","18.2","15.6","41.9","35.9","7.4","5","13.8","-0.8","61.6","28.6","90.8","17.1","10.1","59.5","18.3","90.1","17","40.5","29.6","19.8"
"2023","Trevor Larnach","MIN","212","0.72033898","0.84705882","0.2579235","0.43169399","0.55696203","0.4","0.19642857","0.29545455","0.24480874","0.03370787","0","0.09726776","0.213114754","Trevor Larnach","21501","663616","Larnach, Trevor","663616","2023","34","12.7","0.213","0.415","0.311","0.726","0.313","0.324","0.425","0.445","73.1","25","15.4","10.7","46.2","32.1","7.6","1","13.9","-9.7","42.1","39.8","90.1","17.5","13.3","63.5","23.1","75.5","36.5","34.5","38.1","23"
"2024","Trevor Larnach","MIN","400","0.7364532","0.90301003","0.25761421","0.46783626","0.696875","0.43401015","0.2005571","0.30555556","0.22779188","0.03149606","0","0.08058376","0.259154929","Trevor Larnach","21501","663616","Larnach, Trevor","663616","2024","22.3","10","0.259","0.434","0.338","0.772","0.336","0.346","0.392","0.407","72.8","27","20.4","14.9","39.2","28.6","7.4","8","10.8","-7.6","37.9","39.9","92","12.4","10.1","63.5","25.7","84.6","27.9","44","26.9","25.4"
"2025","Trevor Larnach","MIN","567","0.68988391","0.92548077","0.2752168","0.46294307","0.70301624","0.42492013","0.23658052","0.20168067","0.22957554","0.06493506","0","0.07028754","0.250497017","Trevor Larnach","21501","663616","Larnach, Trevor","663616","2025","21.5","9.3","0.25","0.404","0.323","0.727","0.317","0.318","0.363","0.365","72.1","22.9","17.6","12.7","38.9","28","7.3","19","8.2","-10.3","40.8","34","90.9","10.9","7.2","62.3","27.5","83.9","29.8","43.7","25.8","25.8"
"2026","Trevor Larnach","MIN","322","0.63525836","0.90430622","0.25783699","0.48727984","0.75903614","0.40047022","0.24832215","0.47297297","0.23354232","0.08695652","0.08333333","0.10815047","0.288256227","Trevor Larnach","21501","663616","Larnach, Trevor","663616","2026","17.1","11.5","0.288","0.448","0.377","0.825","0.363","0.339","0.394","0.359","71.8","19.7","14.8","11.3","31.8","24.2","7.2","9","8.1","-14.3","45.7","33.1","87.2","13.9","7.5","58.4","29","86.8","25","39.2","23.8","27.3"
"2023","Trevor Story","BOS","168","0.73446328","0.83846154","0.2765625","0.57090909","0.68152866","0.4296875","0.24827586","0.44444444","0.2265625","0.04651163","0","0.0671875","0.202531645","Trevor Story","12564","596115","Story, Trevor","596115","2023","32.7","5.4","0.203","0.316","0.25","0.566","0.249","0.265","0.338","0.364","71","11.2","10.6","7.4","28.3","19.6","7.3","4","9.9","-1","52.2","33","88.5","15.5","9.7","69.7","30.6","75.2","31.7","39.8","25.2","26.2"
"2024","Trevor Story","BOS","106","0.68965517","0.91666667","0.23324397","0.65838509","0.69811321","0.43163539","0.32183908","0.42857143","0.23324397","0.02631579","0","0.10187668","0.255319148","Trevor Story","12564","596115","Story, Trevor","596115","2024","31.1","10.4","0.255","0.394","0.34","0.734","0.318","0.259","0.428","0.329","68.7","8","10.5","7.2","23.3","16","7.1","2","9.1","-1.5","53.8","29.4","86.1","18.6","6.6","70.1","34.9","82.9","30.3","34.4","26.2","27.9"
"2025","Trevor Story","BOS","654","0.75271739","0.85920578","0.29773463","0.59512195","0.71311475","0.41464401","0.32727273","0.41975309","0.20024272","0.08333333","0","0.08737864","0.263071895","Trevor Story","12564","596115","Story, Trevor","596115","2025","26.9","5","0.263","0.433","0.308","0.741","0.32","0.311","0.416","0.404","71.1","14.1","16.7","11.8","31.5","22.3","7.4","20","10.6","-4.2","46.5","29.4","91.4","14.2","9.9","72.4","35.3","82.1","29.3","43.6","27.4","20.5"
"2026","Trevor Story","BOS","176","0.7265625","0.84946237","0.19541985","0.63245033","0.78010471","0.4610687","0.4248366","0.49230769","0.23358779","0.18055556","0","0.10992366","0.206060606","Trevor Story","12564","596115","Story, Trevor","596115","2026","32.4","4.5","0.206","0.303","0.244","0.547","0.242","0.248","0.33","0.34","71.1","15.1","13.2","9.2","29.5","20.6","7.4","4","10.7","-3.8","51.4","29.3","88.9","12.9","3.6","69.4","44","78.4","31.7","48.2","20.9","22.7"
"2024","Trey Lipscomb","WSN","211","0.73737374","0.87671233","0.25384615","0.58231707","0.79581152","0.42051282","0.26943005","0.44230769","0.2474359","0.09836066","0","0.07820513","0.2","Trey Lipscomb","31567","702358","Lipscomb, Trey","702358","2024","19","7.6","0.2","0.232","0.268","0.5","0.231","0.271","0.237","0.292","69.8","11.4","11.9","9.1","33.2","25.6","7.7","10","3.6","3.5","34.2","32.7","86.5","0.7","0.7","68.7","32.8","84.7","25.3","63.8","11.2","19.1"
"2023","Trey Mancini","CHC","263","0.75539568","0.82380952","0.2647619","0.54229935","0.668","0.43904762","0.23076923","0.48148148","0.22285714","0.07792208","0","0.07333333","0.234042553","Trey Mancini","15149","641820","Mancini, Trey","641820","2023","29.7","8","0.234","0.336","0.299","0.635","0.28","0.274","0.359","0.349","72.6","15.6","11.1","6.3","30.6","17.2","7.8","2","13.1","-2.6","60.9","34.2","88.9","12.3","3.8","68.6","31.3","75.6","32.7","47.5","21.3","24.4"
"2024","Trey Sweeney","DET","119","0.7421875","0.86315789","0.2983683","0.54285714","0.57894737","0.40792541","0.25531915","0.33333333","0.21911422","0.09375","0.33333333","0.07459207","0.218181818","Trey Sweeney","29575","700242","Sweeney, Trey","700242","2024","26.9","5.9","0.218","0.373","0.269","0.642","0.279","0.307","0.351","0.392","74.4","43.4","18.6","13.1","32.9","23.2","7.7","2","11.7","-4","64","29.9","91.1","12.8","9","67","33.5","82","32.4","44.3","29.1","19"
"2025","Trey Sweeney","DET","326","0.73846154","0.81666667","0.2721943","0.54562044","0.77257525","0.45896147","0.24193548","0.31666667","0.20770519","0.05479452","0.25","0.06113903","0.195945945","Trey Sweeney","29575","700242","Sweeney, Trey","700242","2025","28.4","8","0.195","0.29","0.257","0.547","0.244","0.244","0.297","0.298","73.5","29.1","13.6","10","27","19.8","7.5","12","8.3","-3.2","55.9","26.6","87.9","11.9","6.8","70.3","28.8","79.7","28.1","46.6","26.9","18.8"
"2026","Tristan Gray","MIN","182","0.79144385","0.82432432","0.26600284","0.63822526","0.71122995","0.41678521","0.33544304","0.41509434","0.22475107","0.10769231","0","0.09246088","0.232142857","Tristan Gray","19877","656484","Gray, Tristan","656484","2026","31.3","4.9","0.232","0.333","0.271","0.604","0.266","0.266","0.361","0.362","72.6","30.5","10.2","6.7","23.9","15.7","7.1","8","6.7","-10.5","40","29.2","88.4","13.6","6.1","74.3","39.6","77.4","33.6","34.8","22.6","34.8"
"2026","Tristan Peters","CHW","321","0.81818182","0.88034188","0.25065732","0.5913556","0.80066445","0.44609991","0.30165289","0.64383562","0.21209465","0.07692308","0.125","0.09114812","0.272413793","Tristan Peters","30063","671976","Peters, Tristan","671976","2026","18.7","6.5","0.272","0.428","0.328","0.756","0.33","0.299","0.375","0.333","69.7","7.3","10.7","8.4","32.9","25.6","6.9","10","13.3","-3.9","56.2","29.6","87.3","16.9","5.1","76.7","34.8","83.6","23","43.6","26.7","22"
"2023","Triston Casas","BOS","502","0.74952562","0.81772152","0.25557711","0.47426068","0.75288684","0.44277401","0.15184382","0.32857143","0.22356935","0.01242236","0","0.07807953","0.263403263","Triston Casas","22514","671213","Casas, Triston","671213","2023","25.1","13.9","0.263","0.49","0.367","0.857","0.367","0.37","0.445","0.449","75.8","61","18.8","13.6","28.3","20.5","7.8","6","13.5","-2.2","51.2","38.3","91.1","15.7","13.1","66.5","22.1","77.3","28.1","36.4","31.5","25.6"
"2024","Triston Casas","BOS","243","0.7265625","0.78494624","0.25832492","0.49069767","0.68246445","0.43390515","0.18222222","0.34146341","0.22704339","0.0375","0","0.08072654","0.240566037","Triston Casas","22514","671213","Casas, Triston","671213","2024","31.7","12.3","0.241","0.462","0.337","0.799","0.342","0.327","0.468","0.441","74.6","48.9","13.9","9.7","29.5","20.6","7.7","10","11.8","0.8","52.5","36.7","90.2","10.5","13.3","65.8","23.1","74","32.2","43.7","31.1","21.5"
"2025","Triston Casas","BOS","112","0.81102362","0.84466019","0.29061785","0.4973262","0.61290323","0.42791762","0.16666667","0.375","0.21967963","0","null","0.0617849","0.181818181","Triston Casas","22514","671213","Casas, Triston","671213","2025","24.1","9.8","0.182","0.303","0.277","0.58","0.256","0.304","0.284","0.358","75","53.6","18.2","12.5","28.8","19.8","8","3","14.9","-5.1","43.8","36.1","87.6","15.1","9.7","72.6","23.4","75.3","31.1","38.9","34.7","22.2"
"2025","Troy Johnston","MIA","121","0.6969697","0.84782609","0.29333333","0.5828877","0.72477064","0.41555556","0.26168224","0.39285714","0.23777778","0.125","0","0.05333333","0.276785714","Troy Johnston","26143","687859","Johnston, Troy","687859","2025","21.5","6.6","0.277","0.42","0.331","0.751","0.328","0.338","0.389","0.403","70.6","5.3","17.9","12.9","36.4","26.3","7.1","5","11.2","-4.1","54.3","32","89.6","14.6","9.4","67.6","36","77.3","31","37.2","23.3","33.7"
"2026","Troy Johnston","COL","345","0.78877888","0.91213389","0.24514563","0.57722008","0.78929766","0.41909385","0.2852459","0.51724138","0.24676375","0.08181818","0.11111111","0.08899676","0.28618421","Troy Johnston","26143","687859","Johnston, Troy","687859","2026","16.8","8.7","0.286","0.395","0.355","0.75","0.332","0.322","0.357","0.344","70.2","6","13.6","10.5","38.4","29.8","6.8","5","10.4","-1.5","44.3","34.5","89.7","13.6","2","70.4","34.8","87.1","23.2","40.5","23.8","32.5"
"2023","Tucker Barnhart","CHC","123","0.72413793","0.9047619","0.28827038","0.50485437","0.74038462","0.40954274","0.17699115","0.3","0.22465209","0.05128205","0","0.07753479","0.201834862","Tucker Barnhart","10200","571466","Barnhart, Tucker","571466","2023","34.1","9.8","0.202","0.257","0.285","0.542","0.25","0.232","0.318","0.287","67.3","0","5","3.2","35","22.6","7.3","0","14.5","-5.6","61.3","35.4","87","16.5","1.5","63.7","29.5","86.7","25.3","45.6","20.6","23.5"
"2023","Tucupita Marcano","PIT","220","0.77941176","0.93710692","0.27830832","0.52733119","0.81097561","0.42428377","0.28481013","0.73333333","0.21555252","0.03333333","1","0.08185539","0.232673267","Tucupita Marcano","22871","672779","Marcano, Tucupita","672779","2023","15.9","4.5","0.233","0.356","0.276","0.632","0.275","0.292","0.299","0.321","65.7","3.3","4","3.3","32","26.7","7.4","0","14.3","-0.3","64.5","34.4","88.3","14.4","5.2","72.4","29.4","89.9","15.6","43","25","24.4"
"2023","Ty France","SEA","665","0.78501629","0.93568465","0.25319588","0.6097561","0.79692308","0.43958763","0.27554745","0.39735099","0.22597938","0.03553299","0.14285714","0.08123711","0.250425894","Ty France","17982","664034","France, Ty","664034","2023","17.6","6.5","0.25","0.366","0.337","0.703","0.315","0.34","0.329","0.365","71.7","19.3","12.1","10","29.2","24","7.8","10","12.8","0.8","48.7","35.3","87.5","13.7","6.8","74","33.4","89.1","21.9","41.8","23.1","26.5"
"2024","Ty France","- - -","535","0.81031308","0.92954545","0.26775148","0.58285052","0.74552684","0.42554241","0.19603524","0.34831461","0.22386588","0.03571429","0.16666667","0.08284024","0.233820459","Ty France","17982","664034","France, Ty","664034","2024","21.3","7.1","0.234","0.365","0.305","0.67","0.296","0.306","0.332","0.346","71","14.3","12","9.3","31.2","24.1","7.6","17","13.8","5.5","52.6","34.6","88.7","12.9","7.3","74.9","26.9","83.6","24.2","45.1","27.3","21.1"
"2025","Ty France","- - -","490","0.77338877","0.93548387","0.25680726","0.60148515","0.77983539","0.43139349","0.24449878","0.51","0.21836626","0.07428571","0.07692308","0.093433","0.256756756","Ty France","17982","664034","France, Ty","664034","2025","16.9","4.5","0.257","0.36","0.32","0.68","0.302","0.328","0.324","0.359","71","14.7","16","13","34.2","27.7","7.4","19","10.6","5.3","47","34.8","89.5","10.5","7.7","73.6","31.3","88.5","21.3","46.7","24.2","25.8"
"2026","Ty France","SDP","282","0.8113879","0.89912281","0.25383921","0.60043197","0.74820144","0.41824752","0.332","0.40963855","0.22583559","0.05309735","0.16666667","0.10207769","0.28515625","Ty France","17982","664034","France, Ty","664034","2026","23","4.6","0.285","0.539","0.338","0.877","0.373","0.332","0.462","0.403","72.1","20","17.5","12.9","31.3","23.1","7.6","17","10.6","5.7","48.4","34.6","92.4","12.9","11.4","75.6","33.1","82.2","28","44.3","24.7","24.7"
"2026","Tyler Callihan","PIT","107","0.82926829","0.85294118","0.29009434","0.61176471","0.57692308","0.4009434","0.24444444","0.54545455","0.21226415","0.07317073","0","0.09669811","0.210526315","Tyler Callihan","27497","682997","Callihan, Tyler","682997","2026","35.5","8.4","0.211","0.389","0.283","0.672","0.294","0.252","0.416","0.339","70.2","10.8","7.6","4.9","20.6","13.3","7.5","1","12.5","-6.7","39.6","34.2","84.5","26.1","6.8","77","33.5","72.7","34.3","25.4","42.4","23.7"
"2024","Tyler Fitzgerald","SFG","341","0.71774194","0.82022472","0.27969925","0.51336898","0.68402778","0.42180451","0.20557491","0.3220339","0.21578947","0.05454545","0","0.08270677","0.280254777","Tyler Fitzgerald","26208","666149","Fitzgerald, Tyler","666149","2024","31.7","6.5","0.28","0.497","0.334","0.831","0.357","0.293","0.501","0.397","70.4","7.1","11","7.6","31.6","21.9","7.4","3","17.5","-4.3","44","38.1","87.7","20.2","8.3","68","26.8","77.7","31.2","35.3","33.3","24.6"
"2025","Tyler Fitzgerald","SFG","243","0.76078431","0.8814433","0.27567568","0.59416446","0.65178571","0.40756757","0.25581395","0.34545455","0.23243243","0.06410256","0","0.08432432","0.216589861","Tyler Fitzgerald","26208","666149","Fitzgerald, Tyler","666149","2025","28.8","7","0.217","0.327","0.278","0.605","0.269","0.242","0.341","0.299","69.2","3.9","7.3","5.1","27.6","19.1","7.4","9","13.6","-4.6","48","35.2","84.5","17","4.5","72","32.8","79.8","31.2","40.3","30.5","20.8"
"2023","Tyler Freeman","CLE","168","0.70909091","0.92307692","0.25943396","0.51034483","0.84459459","0.45597484","0.25185185","0.55882353","0.21226415","0.02173913","0","0.07232704","0.241830065","Tyler Freeman","22532","671289","Freeman, Tyler","671289","2023","17.9","6","0.242","0.366","0.295","0.661","0.29","0.317","0.32","0.356","72.2","21.6","12","9.9","27.1","22.2","7.4","1","3","-1.3","27.9","33.4","85.8","6.2","3.2","65.9","29.5","88","17.8","50.8","15.9","28.6"
"2024","Tyler Freeman","CLE","383","0.73783784","0.92673993","0.2679218","0.47723705","0.85855263","0.46125996","0.22743682","0.53968254","0.20057929","0.01030928","0","0.07023896","0.209090909","Tyler Freeman","22532","671289","Freeman, Tyler","671289","2024","13.8","7.3","0.209","0.321","0.305","0.626","0.283","0.307","0.268","0.3","71.7","17.3","13.7","11.6","36","30.5","7.2","5","4.1","-4.7","38.2","35","87.7","13","3.2","64.6","29.1","89.9","16.4","45.9","23.7","22.6"
"2025","Tyler Freeman","COL","428","0.69728601","0.96107784","0.29100851","0.5014881","0.89614243","0.40826245","0.17759563","0.53846154","0.22235723","0.0620155","0.125","0.07837181","0.281167108","Tyler Freeman","22532","671289","Freeman, Tyler","671289","2025","11.9","7.9","0.281","0.361","0.354","0.715","0.319","0.325","0.317","0.325","71.3","14.5","13.6","12","35.6","31.4","6.9","7","3","0.7","33","35.7","90.1","7.9","2.1","65.2","25.8","94.2","12.5","52.1","20.8","25.3"
"2026","Tyler Freeman","COL","273","0.74814815","0.96039604","0.28213166","0.53367876","0.88834951","0.40334378","0.25358852","0.62264151","0.2183908","0.04347826","0.25","0.09613375","0.253112033","Tyler Freeman","22532","671289","Freeman, Tyler","671289","2026","12.1","4","0.253","0.324","0.326","0.65","0.297","0.313","0.291","0.312","70.5","12.3","12.7","11.3","33.1","29.5","7","5","2.6","0.4","31","33.8","87.5","9.3","1.4","71.1","30.1","92.8","12.8","51.9","20.1","23.8"
"2025","Tyler Heineman","TOR","174","0.71428571","0.95","0.26794258","0.6199262","0.80952381","0.43221691","0.2519084","0.48484848","0.20893142","0.0877193","0.4","0.09090909","0.288590604","Tyler Heineman","13897","623168","Heineman, Tyler","623168","2025","17.8","6.9","0.289","0.416","0.361","0.777","0.341","0.273","0.376","0.279","66.1","0.7","7","5.8","29.7","24.6","7.1","9","6.4","-12.6","44.8","29","84.4","19.1","3.2","73.8","32.7","88.6","19.3","42.4","25.6","18.4"
"2026","Tyler Heineman","- - -","126","0.66371681","0.90666667","0.25681818","0.62566845","0.82051282","0.425","0.35714286","0.65714286","0.22272727","0.16666667","0","0.09545455","0.178571428","Tyler Heineman","13897","623168","Heineman, Tyler","623168","2026","18.3","4","0.179","0.241","0.233","0.474","0.217","0.25","0.229","0.273","65.4","0","3","2.4","29.7","23.7","7.1","6","7.6","-11.3","49.3","29.8","81.2","11.8","1.1","69.1","42.3","90.7","20.1","52.6","21.1","17.9"
"2025","Tyler Locklear","ARI","116","0.70542636","0.93406593","0.27044025","0.56185567","0.64220183","0.4067086","0.23893805","0.25925926","0.23689727","0.14634146","0.16666667","0.08595388","0.174757281","Tyler Locklear","31396","682988","Locklear, Tyler","682988","2025","37.1","8.6","0.175","0.262","0.267","0.529","0.245","0.252","0.322","0.337","71.4","16.3","13.3","9.6","23.3","16.7","7.2","14","12.6","1.3","48.8","34","87.9","7","6.7","67.4","33.6","81.4","32.2","60","28.3","11.7"
"2023","Tyler Nevin","DET","111","0.71532847","0.89795918","0.29525862","0.55135135","0.79411765","0.3987069","0.15533981","0.3125","0.22198276","0","null","0.08405172","0.2","Tyler Nevin","17893","663527","Nevin, Tyler","663527","2023","22.5","10.8","0.2","0.316","0.306","0.622","0.282","0.308","0.293","0.333","67.2","0","7.3","5.2","45.5","32.5","6.9","1","11.2","1","55.1","36.6","89.3","13.7","7","69","22.7","83","22.7","45.1","33.8","14.1"
"2024","Tyler Nevin","OAK","278","0.76254181","0.85964912","0.27431193","0.49570815","0.75324675","0.42752294","0.20816327","0.54901961","0.22477064","0.05","0","0.0733945","0.204081632","Tyler Nevin","17893","663527","Nevin, Tyler","663527","2024","23","9","0.204","0.331","0.288","0.619","0.276","0.304","0.304","0.346","68.2","3.4","10.8","8.1","37.8","28.3","6.9","7","9.3","2.9","55.6","34.9","89.8","10.7","8.8","69","25.9","80.7","25.6","43.5","30.4","22.3"
"2023","Tyler O'Neill","STL","266","0.73282443","0.875","0.25143954","0.50337079","0.75892857","0.42706334","0.20325203","0.26","0.23608445","0.02247191","0","0.08541267","0.231092436","Tyler O'Neill","15711","641933","O'Neill, Tyler","641933","2023","25.2","10.5","0.231","0.403","0.312","0.715","0.313","0.335","0.372","0.407","72.3","24","17.3","13.4","33.5","26","7","4","12.1","-2.3","54.8","33.6","89.2","15","12.4","66.7","25.5","81.7","27.8","43.3","29.8","19.9"
"2024","Tyler O'Neill","BOS","473","0.72597137","0.82535211","0.24647177","0.51242604","0.64203233","0.42590726","0.1835443","0.32183908","0.23891129","0.05681818","0","0.08870968","0.240875912","Tyler O'Neill","15711","641933","O'Neill, Tyler","641933","2024","33.6","11.2","0.241","0.511","0.336","0.847","0.36","0.34","0.513","0.476","75.2","51.6","18","11.8","28.1","18.5","7.6","11","17.4","-6.6","53.8","34.1","90.9","20.2","17.3","65.2","26.2","75.7","34.1","36.2","33.1","20.1"
"2025","Tyler O'Neill","BAL","209","0.7255814","0.82692308","0.26187576","0.55113636","0.70103093","0.42874543","0.21472393","0.34285714","0.19853837","0.04395604","0","0.11084044","0.198895027","Tyler O'Neill","15711","641933","O'Neill, Tyler","641933","2025","24.4","10.5","0.199","0.392","0.292","0.684","0.297","0.36","0.339","0.438","74","34.6","16.2","11","31.9","21.8","7.7","5","19","-7.3","47.3","35.9","88.8","22.2","16.5","68","28.3","76.1","31.4","31.6","37.6","19.5"
"2026","Tyler O'Neill","BAL","200","0.75647668","0.89726027","0.24775353","0.5625","0.71666667","0.41078306","0.2020202","0.175","0.25417202","0.02941176","0","0.0872914","0.20670391","Tyler O'Neill","15711","641933","O'Neill, Tyler","641933","2026","28.5","9.5","0.207","0.369","0.29","0.659","0.293","0.301","0.36","0.373","72.3","19.6","13.9","10","32.5","23.3","7.3","4","15.4","-8.1","53.7","35.1","90.3","23.4","9","69","28","80.1","30.7","28.7","40.2","21.3"
"2023","Tyler Soderstrom","OAK","138","0.71034483","0.88349515","0.27938343","0.54148472","0.60483871","0.44123314","0.23478261","0.33333333","0.22157996","0.13333333","0.25","0.05780347","0.16","Tyler Soderstrom","27467","691016","Soderstrom, Tyler","691016","2023","31.2","8","0.16","0.24","0.232","0.472","0.216","0.274","0.258","0.354","72.9","25.2","16","11.1","28.8","19.9","7.6","4","12.7","-1.2","46.2","31.4","89.3","5.7","6","70.5","29.8","77.7","32.9","54.2","21.7","19.3"
"2024","Tyler Soderstrom","OAK","213","0.77083333","0.89189189","0.24935065","0.55587393","0.66494845","0.45324675","0.18023256","0.25806452","0.22337662","0.03508772","0","0.07402597","0.232804232","Tyler Soderstrom","27467","691016","Soderstrom, Tyler","691016","2024","24.9","9.4","0.233","0.429","0.315","0.744","0.322","0.351","0.387","0.432","74.3","44.6","20.1","14.4","35","25.1","7.5","9","13.2","1.1","50.4","30.8","91.9","9.6","14.6","69.7","29","81.2","30.1","48.9","28.5","18.2"
"2025","Tyler Soderstrom","ATH","624","0.75726496","0.91196388","0.26268523","0.525","0.74857143","0.44903458","0.23667377","0.41441441","0.21059722","0.04624277","0.375","0.07768298","0.276292335","Tyler Soderstrom","27467","691016","Soderstrom, Tyler","691016","2025","22.6","8.8","0.276","0.474","0.346","0.82","0.354","0.341","0.424","0.406","73.9","37.7","21.1","16.2","33.3","25.5","7.5","27","9.4","1.6","50.3","30.5","91.6","7.9","11.4","68.3","28.9","84","25.4","48.3","23.5","24.6"
"2026","Tyler Soderstrom","ATH","398","0.73670213","0.92418773","0.25217975","0.52201258","0.79216867","0.42655936","0.19881306","0.41791045","0.2260228","0.04929577","0.14285714","0.0952381","0.245664739","Tyler Soderstrom","27467","691016","Soderstrom, Tyler","691016","2026","18.8","12.1","0.246","0.468","0.342","0.81","0.349","0.333","0.385","0.361","74.4","44.3","17.5","13.9","30.5","24.2","7.5","12","10.1","-1.9","53","28.6","90.2","11.4","9.6","68.6","25.6","89.1","21.7","46.7","27.2","18.4"
"2023","Tyler Stephenson","CIN","517","0.67213115","0.89701897","0.26780488","0.46966292","0.66985646","0.43414634","0.17977528","0.425","0.21707317","0.03012048","0.4","0.08097561","0.243010752","Tyler Stephenson","17988","663886","Stephenson, Tyler","663886","2023","26.1","9.1","0.243","0.378","0.317","0.695","0.305","0.314","0.371","0.386","70.4","2.3","20.4","15.9","43.3","33.7","7.5","9","10.8","1.5","50.4","37.7","89.4","8.9","7.6","61.8","24.1","80.3","28.4","48.9","23.3","24.5"
"2024","Tyler Stephenson","CIN","515","0.70112782","0.93297587","0.27324088","0.4653706","0.73368146","0.42270159","0.1891253","0.4375","0.21725732","0.03550296","0","0.08680021","0.258205689","Tyler Stephenson","17988","663886","Stephenson, Tyler","663886","2024","22.7","9.3","0.258","0.444","0.338","0.782","0.339","0.325","0.4","0.378","70.8","9.4","15.6","12.7","37.4","30.4","7.4","31","10.7","2","51.3","36.7","90.2","10.9","9.1","63.5","23.7","86.8","22.7","47.7","27.2","21.3"
"2025","Tyler Stephenson","CIN","342","0.69553073","0.84738956","0.25904486","0.46570973","0.69520548","0.4536903","0.19344262","0.40677966","0.22069465","0.0326087","0.33333333","0.06657019","0.23076923","Tyler Stephenson","17988","663886","Stephenson, Tyler","663886","2025","33.9","10.8","0.231","0.421","0.316","0.737","0.319","0.313","0.441","0.431","70.1","4.9","14.5","10.5","31.8","23.1","7.4","26","13.1","0.8","51.6","37.5","90.5","12.9","14.5","62.1","25.2","77.9","30.6","38","34.2","24.6"
"2026","Tyler Stephenson","CIN","289","0.76635514","0.91056911","0.28306878","0.46830266","0.68995633","0.43121693","0.15450644","0.16666667","0.20546737","0.02197802","0","0.08024691","0.249027237","Tyler Stephenson","17988","663886","Stephenson, Tyler","663886","2026","25.3","10","0.249","0.397","0.325","0.722","0.319","0.345","0.383","0.425","71","9.6","15.2","11.5","35.3","26.7","7.4","15","12.7","0.5","53.4","37.6","91","18.1","11.6","67.3","22.3","85.9","26.1","33.3","31.2","30.1"
"2024","Tyler Wade","SDP","156","0.65868263","0.93636364","0.28449744","0.45454545","0.82727273","0.41226576","0.23076923","0.36666667","0.22146508","0.04166667","0.5","0.08177172","0.217391304","Tyler Wade","15730","642180","Wade, Tyler","642180","2024","18.6","7.1","0.217","0.239","0.285","0.524","0.242","0.285","0.253","0.312","66.1","1.6","4.7","3.8","38","31.1","6.7","0","7.1","-0.6","49.7","33.3","83.7","14.5","1.8","62.8","25.5","88.6","20.8","46","18.6","26.5"
"2025","Tyler Wade","SDP","127","0.67407407","0.87912088","0.27217742","0.44186047","0.69473684","0.43346774","0.17346939","0.52941176","0.19758065","0.10416667","0.4","0.09677419","0.205607476","Tyler Wade","15730","642180","Wade, Tyler","642180","2025","24.4","11.8","0.206","0.252","0.309","0.561","0.262","0.247","0.279","0.254","64.9","1.1","2.3","1.7","30.3","23","6.7","5","7.4","-1.3","46.6","31.6","82.6","8.3","0","60.2","26.4","82.4","26.7","55","20","21.3"
"2023","Tyrone Taylor","MIL","243","0.6872428","0.90419162","0.27334083","0.5964467","0.7787234","0.4431946","0.28415301","0.38461538","0.20584927","0.08695652","0.16666667","0.0776153","0.233766233","Tyrone Taylor","13675","621438","Taylor, Tyrone","621438","2023","22.6","3.3","0.234","0.446","0.267","0.713","0.302","0.307","0.371","0.377","69.7","2.5","13.3","10.5","34.4","27.1","7.4","0","13","-6.6","58.9","35.7","87.7","18.2","6.8","67.2","35.9","84.3","24.9","33.9","31.6","25.4"
"2024","Tyrone Taylor","NYM","345","0.69895288","0.92883895","0.28873772","0.54932302","0.79577465","0.39077853","0.30194805","0.46236559","0.23280423","0.07758621","0","0.08767952","0.247648902","Tyrone Taylor","13675","621438","Taylor, Tyrone","621438","2024","23.2","5.5","0.248","0.401","0.299","0.7","0.304","0.305","0.367","0.37","70.5","6.8","14.2","11.3","33.9","27","7.6","8","10.9","-6.8","57.2","35.4","87.3","16.8","7.1","66.2","32.5","88","22.2","38.2","24.5","27"
"2025","Tyrone Taylor","NYM","341","0.68119891","0.948","0.29430634","0.54237288","0.77430556","0.42582197","0.252","0.41269841","0.20048115","0.1010101","0","0.07939054","0.222580645","Tyrone Taylor","13675","621438","Taylor, Tyrone","621438","2025","22.3","4.7","0.223","0.319","0.279","0.598","0.264","0.298","0.305","0.353","70.3","9.9","12.2","9.7","31","24.6","7.5","6","8","-8.4","52.9","32.3","86.5","19.4","3.8","65.4","30.4","88.5","22.7","33.1","23","31"
"2026","Tyrone Taylor","NYM","155","0.7124183","0.90825688","0.28073394","0.5678392","0.77876106","0.36513761","0.34285714","0.5","0.25688073","0.05660377","0","0.09724771","0.241134751","Tyrone Taylor","13675","621438","Taylor, Tyrone","621438","2026","19.4","5.8","0.241","0.489","0.291","0.78","0.335","0.31","0.392","0.358","71.7","13.4","14.1","10.7","37.2","28.1","7.5","6","12","-5.9","60.5","34.5","87.9","20.1","11.3","66.1","33.9","85.2","24.7","35.7","34.8","18.3"
"2024","Vaughn Grissom","BOS","114","0.71186441","0.91666667","0.26636569","0.44973545","0.8","0.42663657","0.28703704","0.48387097","0.24379233","0.03571429","0","0.06320542","0.19047619","Vaughn Grissom","26031","687093","Grissom, Vaughn","687093","2024","21.1","6.1","0.19","0.219","0.246","0.465","0.213","0.291","0.229","0.337","69","5.1","11.9","9.6","31.5","25.4","7.3","6","8","-2.4","43.9","36.3","86.1","8.3","4.9","62.3","29.4","87.3","22.4","46.3","19.5","31.7"
"2026","Vaughn Grissom","LAA","261","0.72047244","0.92896175","0.26266805","0.55155875","0.79130435","0.43123061","0.26903553","0.58490566","0.20372285","0.06060606","0.16666667","0.10237849","0.264069264","Vaughn Grissom","26031","687093","Grissom, Vaughn","687093","2026","15.3","7.7","0.264","0.416","0.331","0.747","0.327","0.338","0.346","0.36","71.7","20.8","15.2","12.1","35.8","28.6","7.3","9","8.8","-0.9","47.1","34.2","89","12.6","7.2","67.5","29.7","87.1","21.2","42.1","26.2","26.7"
"2023","Victor Caratini","MIL","226","0.68949772","0.87417219","0.27204969","0.47680412","0.81621622","0.48198758","0.18055556","0.34615385","0.17888199","0.05555556","0.33333333","0.06708075","0.258706467","Victor Caratini","14968","605170","Caratini, Victor","605170","2023","19.9","8.4","0.259","0.383","0.327","0.71","0.312","0.309","0.347","0.342","72","23.1","18.9","15.6","36.9","30.6","7.1","3","8.8","-4.2","48","32.7","91.3","10.8","5","66.1","22.5","84.9","21.1","52.8","20.1","21.4"
"2024","Victor Caratini","HOU","274","0.76428571","0.91121495","0.26948989","0.507431","0.72384937","0.4533205","0.15044248","0.5","0.21751684","0.0483871","0","0.05967276","0.269387755","Victor Caratini","14968","605170","Caratini, Victor","605170","2024","19.3","8.4","0.269","0.408","0.336","0.744","0.324","0.326","0.365","0.368","71.9","23.2","15.5","12.2","38.7","30.5","7","6","9.2","-0.7","47.9","35.9","91.2","9.3","5.6","67.6","25.8","84.7","23.3","49.2","24.1","24.1"
"2025","Victor Caratini","HOU","386","0.72727273","0.91666667","0.30275229","0.49506579","0.76079734","0.42907551","0.15570934","0.46666667","0.20395201","0.03296703","0.33333333","0.06422018","0.25872093","Victor Caratini","14968","605170","Caratini, Victor","605170","2025","16.8","6","0.259","0.404","0.324","0.728","0.318","0.329","0.342","0.357","72.3","23.5","16.6","13.6","37.8","30.9","7","7","10.7","-3.5","56.7","34.9","88.7","12.5","7.7","68.2","23.5","85.2","19.8","42.8","26.7","24.6"
"2026","Victor Caratini","MIN","297","0.61837456","0.96","0.25495495","0.46487603","0.76444444","0.43603604","0.22540984","0.47272727","0.21981982","0.06060606","0","0.08918919","0.236220472","Victor Caratini","14968","605170","Caratini, Victor","605170","2026","19.2","8.8","0.236","0.354","0.32","0.674","0.3","0.324","0.316","0.351","71","13.1","13.9","11.2","42.1","33.8","7","10","11.6","-1.1","53.9","34.9","89.8","13.5","6.8","58.2","25.5","90.4","21.7","43.9","23.9","27.3"
"2026","Victor Mesa Jr.","TBR","129","0.78504673","0.88095238","0.21616162","0.61574074","0.80451128","0.43636364","0.296","0.56756757","0.25252525","0.06382979","0","0.09494949","0.223214285","Victor Mesa Jr.","25999","683748","Mesa Jr., Victor","683748","2026","24.8","11.6","0.223","0.455","0.313","0.768","0.333","0.32","0.397","0.377","74.1","39.6","10.7","8","25.4","19.1","7.9","1","10.4","-2.7","69.3","30.7","88.5","20.6","11","76.1","34.1","81.1","25.2","35.4","22","24.4"
"2023","Victor Robles","WSN","126","0.91735537","0.91891892","0.26651982","0.54210526","0.7184466","0.4185022","0.19230769","0.65","0.22907489","0.05128205","0","0.08590308","0.29906542","Victor Robles","18363","645302","Robles, Victor","645302","2023","14.3","8.7","0.299","0.364","0.385","0.749","0.338","0.324","0.345","0.326","null","null","null","null","null","null","null","null","null","null","null","null","86.7","9.9","2.2","81.1","27.4","82.4","22","54.8","19.4","19.4"
"2024","Victor Robles","- - -","295","0.81226054","0.9009434","0.25638507","0.6088993","0.72307692","0.4194499","0.2360515","0.45454545","0.22888016","0.05154639","0.2","0.09528487","0.307086614","Victor Robles","18363","645302","Robles, Victor","645302","2024","18","7.1","0.307","0.433","0.381","0.814","0.357","0.331","0.397","0.36","68.2","2.5","8.1","6.1","35.5","26.6","6.9","8","14.5","-6.2","51.1","34.1","86.7","14.8","6.2","78.8","33.3","83.9","24.7","47.6","23.3","21.9"
"2025","Victor Robles","SEA","114","0.85436893","0.88636364","0.27466667","0.62576687","0.74509804","0.43466667","0.36144578","0.5","0.22133333","0.15384615","0","0.06933333","0.245283018","Victor Robles","18363","645302","Robles, Victor","645302","2025","22.8","2.6","0.245","0.33","0.281","0.611","0.268","0.237","0.32","0.277","67","1.6","6.3","4.7","31.3","23.4","6.8","6","9.6","-3.1","48.5","33.3","85.4","6.8","4.9","79.3","42.9","84.9","25.9","50","26.8","18.3"
"2026","Victor Robles","SEA","118","0.7962963","0.89534884","0.26150121","0.64596273","0.76923077","0.38983051","0.3030303","0.53333333","0.23970944","0.06666667","0","0.10895884","0.247706422","Victor Robles","18363","645302","Robles, Victor","645302","2026","16.1","4.2","0.248","0.275","0.291","0.566","0.257","0.27","0.276","0.293","68.2","2.1","4.1","3.1","35.1","26.8","6.8","5","11.9","-3.6","57.1","33.7","83.8","13.1","2.2","75.8","37.7","89.6","22.4","42.4","27.2","23.9"
"2024","Victor Scott II","STL","155","0.71698113","0.90350877","0.27992958","0.54474708","0.72142857","0.45246479","0.22018349","0.20833333","0.19190141","0","null","0.07570423","0.179310344","Victor Scott II","31349","687363","Scott II, Victor","687363","2024","27.1","3.9","0.179","0.283","0.219","0.502","0.221","0.251","0.273","0.317","69.1","7","12.3","9.5","33.8","26","6.7","7","11","-3.9","47.1","32.9","88.4","12.1","5.7","70.5","29.3","84.5","26.1","46.7","23.8","21.9"
"2025","Victor Scott II","STL","463","0.73662551","0.91061453","0.28537874","0.52883263","0.68617021","0.41749853","0.15601023","0.32786885","0.22959483","0.06086957","0.28571429","0.06752789","0.216080402","Victor Scott II","31349","687363","Scott II, Victor","687363","2025","24","9.1","0.216","0.296","0.305","0.601","0.274","0.287","0.303","0.324","69","5.9","8.3","6.1","32.4","23.7","6.4","21","9.7","-1.8","53.3","32.3","86.1","15.2","3.7","73.3","24.5","82.1","26.9","44","25","24"
"2026","Victor Scott II","STL","184","0.74157303","0.91666667","0.26061493","0.5","0.72666667","0.43923865","0.16783217","0.20833333","0.20937042","0.0483871","0","0.09077599","0.193548387","Victor Scott II","31349","687363","Scott II, Victor","687363","2026","23.9","8.7","0.194","0.258","0.276","0.534","0.248","0.273","0.272","0.312","68.4","2.8","6.6","4.8","32","23.4","6.4","9","7.5","0.8","42.1","31.2","86.7","7.2","0.8","68.6","22.1","85.3","24.9","55.7","17.2","22.1"
"2024","Vidal Bruján","MIA","278","0.79584775","0.87826087","0.27393365","0.5701559","0.77734375","0.42559242","0.24324324","0.48148148","0.21042654","0.02105263","0.5","0.09004739","0.221774193","Vidal Brujan","20536","660644","Bruján, Vidal","660644","2024","19.4","9","0.222","0.319","0.303","0.622","0.276","0.268","0.296","0.286","66.8","0.9","5.9","4.6","31.5","24.6","6.9","12","7","-0.4","46.2","31.3","85.1","8","1.5","74","28.3","83","24.4","52.3","19","22.1"
"2023","Vinnie Pasquantino","KCR","260","0.68220339","0.95652174","0.23297137","0.53594771","0.82520325","0.45310958","0.26956522","0.59677419","0.22704837","0.02272727","0.5","0.08687068","0.246753246","Vinnie Pasquantino","27676","686469","Pasquantino, Vinnie","686469","2023","11.9","9.6","0.247","0.437","0.324","0.761","0.327","0.349","0.331","0.36","null","null","null","null","null","null","null","null","null","null","null","null","89.3","17.4","7.5","62.8","32.4","90.8","17.4","36.8","28.4","26.9"
"2024","Vinnie Pasquantino","KCR","554","0.70162749","0.97164948","0.25925926","0.53837719","0.87169043","0.42756681","0.26195426","0.63492063","0.22550398","0.05882353","0.18181818","0.08766995","0.262096774","Vinnie Pasquantino","27676","686469","Pasquantino, Vinnie","686469","2024","12.8","7.2","0.262","0.446","0.315","0.761","0.325","0.336","0.341","0.356","71.6","19.7","16","13.9","37.1","32","7.4","10","9.6","-6.8","57.8","30","91","14.6","7.1","66.3","30.8","92.5","14.5","40.3","27.8","23.5"
"2025","Vinnie Pasquantino","KCR","682","0.70707071","0.93469388","0.26944012","0.53783784","0.84924623","0.43157076","0.23992674","0.45038168","0.21228616","0.05381166","0.08333333","0.08670295","0.264090177","Vinnie Pasquantino","27676","686469","Pasquantino, Vinnie","686469","2025","15.7","7.2","0.264","0.475","0.323","0.798","0.34","0.334","0.375","0.367","72.5","26.3","18.4","15.2","36.5","30.3","7.4","12","9.7","-9","55.5","29.4","90.9","16.3","10.8","65.2","30.4","90","18.2","38.2","29.7","24.3"
"2026","Vinnie Pasquantino","KCR","336","0.67975831","0.92444444","0.24356144","0.53225806","0.8956229","0.41059603","0.28571429","0.60227273","0.22663723","0.0617284","0.2","0.1192053","0.232081911","Vinnie Pasquantino","27676","686469","Pasquantino, Vinnie","686469","2026","17.9","11","0.232","0.345","0.318","0.663","0.294","0.315","0.307","0.336","70.3","9.5","12.4","10.6","31.7","27.2","7.3","10","10.8","-10.1","57.8","28.6","89","19.3","6.8","63.8","31.1","90.8","16.2","33.3","26.2","27"
"2025","Vinny Capra","- - -","105","0.63779528","0.90123457","0.3489011","0.44736842","0.72058824","0.41758242","0.21052632","0.25","0.15659341","0.03571429","0","0.07692308","0.125","Vinny Capra","25040","681962","Capra, Vinny","681962","2025","23.8","2.9","0.125","0.177","0.157","0.334","0.15","0.211","0.171","0.257","68.5","1.4","11.1","8.5","43.5","33.1","7.2","4","11.6","-5.5","52.4","33.7","85.9","11.2","2.7","58.3","26.1","85.4","24.5","53.9","19.7","18.4"
"2023","Vladimir Guerrero Jr.","TOR","682","0.80248834","0.89922481","0.26341663","0.56071076","0.75880282","0.41499385","0.24680073","0.54814815","0.22408849","0.06302521","0.13333333","0.09750102","0.264119601","Vladimir Guerrero Jr.","19611","665489","Guerrero Jr., Vladimir","665489","2023","14.7","9.8","0.264","0.444","0.345","0.789","0.34","0.38","0.356","0.41","75.4","51.4","19","14.9","30.4","24","7.6","3","1.7","-5.4","29.1","27.6","92.1","10.5","11.1","74.2","28.8","84.7","23","45.3","21.7","26.1"
"2024","Vladimir Guerrero Jr.","TOR","697","0.73991655","0.88157895","0.27707129","0.51685393","0.82065217","0.41156069","0.25128205","0.50340136","0.22543353","0.06278027","0.07142857","0.08593449","0.323051948","Vladimir Guerrero Jr.","19611","665489","Guerrero Jr., Vladimir","665489","2024","13.8","10.3","0.323","0.544","0.396","0.94","0.398","0.412","0.434","0.453","75.8","57","24.2","19.4","34.5","27.7","7.7","9","2.9","0","36.8","28.7","93.8","7.4","13.8","68.6","27.5","84.9","21.5","47.7","21.2","26.9"
"2025","Vladimir Guerrero Jr.","TOR","680","0.69400631","0.89318182","0.25339728","0.45744681","0.78488372","0.45083933","0.15539305","0.54117647","0.2186251","0.07772021","0.13333333","0.07713829","0.292020373","Vladimir Guerrero Jr.","19611","665489","Guerrero Jr., Vladimir","665489","2025","13.8","11.9","0.292","0.467","0.381","0.848","0.366","0.384","0.383","0.408","76.7","67.6","26.3","20.8","37.6","29.8","7.6","8","1.1","-4.1","30.1","27.4","92","7.8","12.2","62.4","21.5","84.2","21.5","47.1","19.8","27.1"
"2026","Vladimir Guerrero Jr.","TOR","435","0.7260274","0.87924528","0.23639896","0.58461538","0.83684211","0.42098446","0.22133333","0.6626506","0.24287565","0.08441558","0.15384615","0.09974093","0.265091863","Vladimir Guerrero Jr.","19611","665489","Guerrero Jr., Vladimir","665489","2026","13.1","10.3","0.265","0.357","0.345","0.702","0.311","0.342","0.313","0.353","76.3","62.6","20.4","16.7","31.1","25.5","7.6","8","1.1","-3.3","30.8","28.4","90.2","8","6.7","68.5","31","85.8","19.7","48.3","18.8","26.4"
"2026","Wade Meckler","LAA","160","0.73333333","0.91919192","0.24456522","0.5158371","0.72807018","0.40036232","0.23404255","0.45454545","0.25543478","0.05454545","0","0.09963768","0.296551724","Wade Meckler","31490","685133","Meckler, Wade","685133","2026","22.5","9.4","0.297","0.4","0.362","0.762","0.34","0.317","0.402","0.369","68.6","1.7","10.7","8.2","38.4","29.4","6.8","5","12.7","1.9","42.9","40.4","86.1","7.6","4.6","66.5","28.3","88.1","24.8","47.7","20.2","32.1"
"2023","Wander Franco","TBR","491","0.70019342","0.91436464","0.27181914","0.49821216","0.88277512","0.44111462","0.17929293","0.6056338","0.20820189","0.05333333","0.25","0.07886435","0.280542986","Wander Franco","23667","677551","Franco, Wander","677551","2023","14.1","8.6","0.281","0.475","0.344","0.819","0.349","0.365","0.374","0.394","71.8","20.2","16.3","13.7","35.5","29.8","6.8","3","7.7","5.3","54.4","31.2","89.4","8.9","7.7","63.4","26.3","90.6","14.8","47.7","23.9","24.7"
"2025","Warming Bernabel","COL","146","0.77702703","0.86086957","0.28461538","0.62626263","0.83064516","0.38076923","0.36065574","0.63636364","0.23461538","0.09615385","0","0.1","0.251798561","Warming Bernabel","26536","682653","Bernabel, Warming","682653","2025","17.1","4.8","0.252","0.41","0.288","0.698","0.301","0.273","0.344","0.307","69.1","5.1","9.2","7.4","30.9","24.9","7.6","2","4.2","-17.4","38.1","33.8","85.4","13.2","2.6","72.9","39.6","86.7","20.8","42.1","23.7","24.6"
"2024","Wenceel Pérez","DET","425","0.66301969","0.88778878","0.26294591","0.5309973","0.8071066","0.4269275","0.24810127","0.6122449","0.22727273","0.02083333","0.33333333","0.08285386","0.241645244","Wenceel Perez","22857","672761","Pérez, Wenceel","672761","2024","21.6","7.5","0.242","0.383","0.3","0.683","0.299","0.295","0.348","0.343","70.2","9.2","9.2","7.3","32","25.5","6.9","4","6.5","-4","44.2","29","88.4","18","4.4","65","28.5","84.9","20.9","36","26","27.7"
"2025","Wenceel Pérez","DET","383","0.6855792","0.86206897","0.27574967","0.58435583","0.76377953","0.42503259","0.23353293","0.48717949","0.21773142","0.056","0.28571429","0.08148631","0.244186046","Wenceel Perez","22857","672761","Pérez, Wenceel","672761","2025","22.7","8.1","0.244","0.43","0.308","0.738","0.318","0.31","0.375","0.362","70.5","8.5","14.2","10.6","37.3","27.7","7","3","8","-4.2","51.7","29.8","90.3","18.4","8.8","67.3","32.7","79.9","26","36.6","31.3","23.3"
"2026","Wenceel Pérez","DET","175","0.70121951","0.92173913","0.25114855","0.54577465","0.82580645","0.43491577","0.24840764","0.61538462","0.24042879","0","null","0.07350689","0.180124223","Wenceel Perez","22857","672761","Pérez, Wenceel","672761","2026","16.6","8","0.18","0.348","0.246","0.594","0.262","0.272","0.273","0.286","71.4","18.1","13.7","11.2","36.6","30","7","0","7.7","-6.3","50.2","28.1","87.2","17","7.6","67.2","29.1","87.6","18.2","41.7","31.8","13.6"
"2025","Weston Wilson","PHI","125","0.6993007","0.9","0.26679104","0.46090535","0.63392857","0.45335821","0.2","0.45454545","0.20522388","0","null","0.07462687","0.198198198","Weston Wilson","19358","642215","Wilson, Weston","642215","2025","27.2","9.6","0.198","0.369","0.282","0.651","0.288","0.33","0.346","0.415","73.9","41.1","12.6","8.7","28","19.3","7.8","2","14.9","-4.2","58.9","34.4","89.4","14.4","10.3","62.7","24.9","78.2","30.1","42.3","26.9","25.6"
"2023","Whit Merrifield","TOR","592","0.73631841","0.89414414","0.27409091","0.57247132","0.81785064","0.43590909","0.26923077","0.61344538","0.20090909","0.04081633","0.25","0.08909091","0.272394881","Whit Merrifield","11281","593160","Merrifield, Whit","593160","2023","17.1","6.1","0.272","0.382","0.318","0.7","0.304","0.278","0.34","0.306","64.8","1.2","4.8","3.9","36.1","29.4","6.9","3","11.1","-2","50.1","33.6","85.1","14.4","2.4","69.9","32.5","85.5","19.5","40.5","25.7","26.1"
"2024","Whit Merrifield","- - -","335","0.74157303","0.92045455","0.26908541","0.49909256","0.80363636","0.4164777","0.19","0.54385965","0.22675737","0.01724138","0","0.08767952","0.221843003","Whit Merrifield","11281","593160","Merrifield, Whit","593160","2024","15.5","10.4","0.222","0.314","0.311","0.625","0.283","0.3","0.28","0.303","63.3","0.2","4.2","3.4","32.3","26.3","6.9","7","9.8","0.1","47.1","35.2","84.1","12.9","2.5","66.3","25.8","88.1","18.7","45.7","24.5","23.7"
"2023","Wil Myers","CIN","141","0.59459459","0.86363636","0.26811594","0.45914397","0.57627119","0.46557971","0.25","0.44444444","0.19565217","0.12820513","0.4","0.07065217","0.188976377","Wil Myers","10047","571976","Myers, Wil","571976","2023","34","8.5","0.189","0.283","0.257","0.54","0.243","0.252","0.32","0.339","null","null","null","null","null","null","null","null","null","null","null","null","87.6","11","6.3","56.2","29.7","69.2","36.8","50.6","19.8","19.8"
"2023","Will Benson","CIN","329","0.76392573","0.80208333","0.2755848","0.43396226","0.66403162","0.42616959","0.13861386","0.26190476","0.22149123","0.00952381","0","0.07675439","0.275261324","Will Benson","21853","666181","Benson, Will","666181","2023","31.3","12.2","0.275","0.498","0.365","0.863","0.369","0.321","0.503","0.416","70.3","9.8","15.1","10.1","32.2","21.6","7.4","8","12.8","-0.1","52.3","34.8","90.2","14.6","10.3","66.1","19.3","76.4","31.5","38.4","28.1","27"
"2024","Will Benson","CIN","388","0.794926","0.79255319","0.2858006","0.50720461","0.55397727","0.41933535","0.13972603","0.21568627","0.22054381","0.05691057","0","0.07432024","0.186588921","Will Benson","21853","666181","Benson, Will","666181","2024","39.7","10.3","0.187","0.376","0.274","0.65","0.285","0.272","0.426","0.399","72","20.5","10.6","6.7","25.8","16.2","7.9","17","15.9","-6.7","53.7","33.5","89.4","18.2","11.5","71.3","22.1","68.5","39","35.9","35.4","22.9"
"2025","Will Benson","CIN","253","0.83206107","0.8440367","0.28416486","0.54439252","0.61802575","0.46420824","0.17112299","0.28125","0.20281996","0.08888889","0","0.04880694","0.226086956","Will Benson","21853","666181","Benson, Will","666181","2025","26.5","6.3","0.226","0.435","0.273","0.708","0.298","0.342","0.379","0.445","71.8","18.4","20.5","14.1","38.2","26.4","7.5","9","13.8","-4.2","53.4","33.6","92.4","16.1","15.4","74.6","27.5","73.3","34.4","36.1","29.6","26.6"
"2026","Will Benson","CIN","114","0.84210526","0.80208333","0.24152542","0.43961353","0.63736264","0.43855932","0.1588785","0.35294118","0.22669492","0.02272727","0","0.09322034","0.1875","Will Benson","21853","666181","Benson, Will","666181","2026","33.3","14","0.188","0.333","0.31","0.643","0.29","0.3","0.367","0.39","73.5","37.6","13.4","8.8","30.3","19.9","7.7","6","14.4","-8.4","48.6","36.9","91.1","24.9","12.7","67.3","22.1","68","36.1","31","46.6","15.5"
"2023","Will Brennan","CLE","455","0.78414097","0.90168539","0.28198758","0.61396011","0.85614849","0.43602484","0.32941176","0.66964286","0.21118012","0.10526316","0.08333333","0.07080745","0.266203703","Will Brennan","25660","686823","Brennan, Will","686823","2023","12.5","3.5","0.266","0.356","0.299","0.655","0.285","0.306","0.307","0.333","68.2","2","9.6","8.1","35.2","29.8","6.9","5","2.6","4.4","33.9","33.3","85.7","9.4","2.4","73.3","38.3","86.9","18.2","47.2","17.8","28.1"
"2024","Will Brennan","CLE","353","0.79640719","0.87969925","0.27154472","0.61753731","0.86706949","0.43577236","0.25735294","0.6","0.22113821","0.05681818","0.4","0.07154472","0.263636363","Will Brennan","25660","686823","Brennan, Will","686823","2024","13.6","5.4","0.264","0.388","0.309","0.697","0.303","0.306","0.326","0.33","69","3.2","10.1","8.5","34.2","29","6.8","22","5","0.2","43.5","30.1","86","13.3","4.6","75.2","33.7","87","18.1","42.4","25.1","24.7"
"2023","Will Smith","LAD","554","0.73719008","0.86547085","0.26396161","0.51803607","0.81624758","0.43542757","0.15662651","0.74358974","0.21727749","0.03664921","0.28571429","0.08333333","0.260775862","Will Smith","19197","669257","Smith, Will","669257","2023","16.1","11.4","0.261","0.438","0.359","0.797","0.345","0.35","0.354","0.362","68.5","3","10.6","8.6","32.4","26.2","7.2","9","8.9","1.3","60.8","35.1","89.3","15.6","6.7","67.9","25.1","83.7","19.5","37.7","32.3","24"
"2024","Will Smith","LAD","544","0.71895425","0.88636364","0.26948481","0.50752257","0.82411067","0.43901365","0.20556745","0.52083333","0.20563628","0.04102564","0.125","0.08586526","0.247899159","Will Smith","19197","669257","Smith, Will","669257","2024","19.3","9.4","0.248","0.433","0.327","0.76","0.326","0.337","0.363","0.38","67.8","3.1","10.7","8.7","33.6","27.3","7.2","27","13.2","0.7","60.2","34.5","89.4","18.7","10.9","66.6","26.3","84.6","20.9","33","40.4","22.2"
"2025","Will Smith","LAD","436","0.64338235","0.89142857","0.28245067","0.39763314","0.79166667","0.43873313","0.14250614","0.36206897","0.2113188","0.02307692","0","0.0674974","0.29558011","Will Smith","19197","669257","Smith, Will","669257","2025","20.4","14.7","0.296","0.497","0.404","0.901","0.389","0.378","0.439","0.422","69.7","6.1","16.9","13.4","36.6","29.1","7.3","20","11.6","0.9","62.6","34","91.3","18.4","12.2","57","19.5","84.6","22.2","32.7","36.7","25.5"
"2026","Will Smith","LAD","201","0.66519824","0.93377483","0.26456876","0.46774194","0.85057471","0.43356643","0.14516129","0.55555556","0.21678322","0.02739726","0","0.08508159","0.248554913","Will Smith","19197","669257","Smith, Will","669257","2026","16.9","11.4","0.249","0.382","0.338","0.72","0.321","0.385","0.331","0.422","70","7.5","14.3","12.3","34.9","29.9","7.3","9","12.2","2.6","64.8","33.8","90","19.9","13.4","61.8","21.3","88.9","16.4","28.2","38","28.9"
"2025","Will Wagner","- - -","149","0.73333333","0.9469697","0.28481013","0.55147059","0.74","0.43037975","0.22834646","0.51724138","0.20094937","0","null","0.08386076","0.224806201","Will Wagner","29634","695238","Wagner, Will","695238","2025","18.8","11.4","0.225","0.279","0.324","0.603","0.28","0.318","0.279","0.336","69","6.2","9.9","7.7","28.3","22","6.5","3","4.6","0.7","34.5","31.8","86.8","9.1","2","71.9","27","86.8","22.4","51","16.7","26.5"
"2023","Willi Castro","MIN","409","0.75514874","0.87575758","0.27553594","0.54585799","0.73441734","0.42622951","0.29428571","0.44660194","0.22068096","0.10569106","0.15384615","0.07755359","0.25698324","Willi Castro","17338","650489","Castro, Willi","650489","2023","24.2","8.3","0.257","0.411","0.339","0.75","0.327","0.302","0.386","0.347","72","23.9","11.6","8.8","23.2","17.7","7.3","4","7.2","-6.8","41.6","38.6","86.5","15.1","6.8","69.1","34.6","82.2","27.9","41.7","26.1","23.5"
"2024","Willi Castro","MIN","635","0.76197605","0.89390963","0.26624153","0.57462687","0.69967532","0.42726186","0.26411658","0.36551724","0.21881228","0.06818182","0","0.08768434","0.247311827","Willi Castro","17338","650489","Castro, Willi","650489","2024","23.6","8","0.247","0.385","0.331","0.716","0.317","0.323","0.366","0.376","70.6","15.4","12","8.6","28.8","20.8","7.1","18","9","-5.7","45.6","37.1","87.4","13.6","7","72.7","31.7","82.6","29","40","27.1","27.4"
"2025","Willi Castro","- - -","454","0.78958785","0.85714286","0.26570605","0.5723115","0.72570194","0.46628242","0.2170088","0.32432432","0.19654179","0.05645161","0","0.07146974","0.226368159","Willi Castro","17338","650489","Castro, Willi","650489","2025","24.4","8.8","0.226","0.366","0.313","0.679","0.302","0.306","0.348","0.356","71.6","21","13.1","9.5","28.2","20.5","7.2","13","7.6","-3.5","43.5","37.3","86.7","11.2","6.5","72.2","31.8","79.6","28.2","41.1","26.7","26.4"
"2026","Willi Castro","COL","364","0.7880597","0.89015152","0.23426573","0.66496599","0.71867008","0.41118881","0.31780822","0.39655172","0.25524476","0.05633803","0","0.0993007","0.259146341","Willi Castro","17338","650489","Castro, Willi","650489","2026","28","8.2","0.259","0.405","0.33","0.735","0.325","0.3","0.413","0.373","73","29","11.3","8","24.5","17.3","7.3","9","9","-3.6","48.5","37.1","88","20.3","8","75","38.2","80.2","30.8","35.2","34.8","23.3"
"2023","William Contreras","MIL","611","0.69218501","0.85483871","0.25919802","0.47674419","0.72560976","0.42662257","0.19776119","0.4245283","0.22157916","0.05357143","0.16666667","0.09260025","0.288888888","William Contreras","20503","661388","Contreras, William","661388","2023","20.6","10.3","0.289","0.457","0.367","0.824","0.357","0.332","0.411","0.375","73.7","44.3","22.6","16.3","38.7","27.8","7.3","14","9.7","2.4","64.1","27.5","91.3","4.7","9.4","62.6","24.7","79","28","55.4","20.4","19.9"
"2024","William Contreras","MIL","679","0.78448276","0.85714286","0.25999253","0.53770197","0.72287145","0.41613747","0.18518519","0.32173913","0.23197609","0.03252033","0.125","0.09189391","0.280672268","William Contreras","20503","661388","Contreras, William","661388","2024","20.5","11.5","0.281","0.466","0.365","0.831","0.359","0.356","0.412","0.408","74.6","50.2","20.8","15.6","34.9","26.1","7.3","24","9.9","1.6","62.8","28.2","92.8","6.1","10","71.2","25.6","80.7","27.8","54","19.4","21.4"
"2025","William Contreras","MIL","659","0.7560241","0.8685259","0.25978091","0.51273047","0.75513699","0.44561815","0.17335766","0.48421053","0.2143975","0.03414634","0.14285714","0.08020344","0.259717314","William Contreras","20503","661388","Contreras, William","661388","2025","18.2","12.7","0.26","0.399","0.355","0.754","0.332","0.328","0.353","0.348","73.2","34.9","19.6","15.3","36.8","28.8","7.1","27","10.6","3.4","65.4","29.2","91.1","7","6.4","67.9","25.3","82.9","24.2","50.4","21.7","23.9"
"2026","William Contreras","MIL","429","0.75853018","0.94463668","0.2555332","0.52702703","0.80769231","0.39704896","0.26647564","0.60215054","0.23407109","0.05325444","0.22222222","0.11334675","0.272727272","William Contreras","20503","661388","Contreras, William","661388","2026","14","8.4","0.273","0.395","0.336","0.731","0.319","0.332","0.337","0.354","73.2","35","18.6","15.4","38.9","32.4","7.2","11","8.1","1.1","57.8","27.2","89.7","11.4","7.3","67.7","29","88.4","19.2","43","24.5","24.2"
"2023","Willie Calhoun","NYY","149","0.63448276","0.93478261","0.25800712","0.45306122","0.85585586","0.43594306","0.15","0.5","0.21352313","0.03846154","0.5","0.09252669","0.23880597","Willie Calhoun","17838","641432","Calhoun, Willie","641432","2023","13.4","9.4","0.239","0.403","0.309","0.712","0.307","0.309","0.316","0.32","null","null","null","null","null","null","null","null","null","null","null","null","90.7","11.9","3.5","57.6","22.4","89.9","15.7","38.3","20.9","30.4"
"2024","Willie Calhoun","LAA","254","0.68164794","0.95054945","0.27870564","0.48267327","0.85128205","0.4217119","0.17889908","0.69230769","0.22755741","0.02898551","0","0.07202505","0.244541484","Willie Calhoun","17838","641432","Calhoun, Willie","641432","2024","12.2","9.1","0.245","0.38","0.315","0.695","0.305","0.311","0.307","0.316","69.9","10.3","15.4","13.7","39.5","35.2","6.7","3","3.8","-3.5","42.4","23.2","89","12.4","3","64.2","22.9","91.9","13.2","43.7","22.1","24.6"
"2025","Willie MacIver","ATH","111","0.79527559","0.9009901","0.32151899","0.61146497","0.77083333","0.39746835","0.17582418","0.375","0.23037975","0.2","0","0.05063291","0.186274509","Willie MacIver","24641","680862","MacIver, Willie","680862","2025","24.3","6.3","0.186","0.324","0.252","0.576","0.256","0.256","0.294","0.295","70.6","4.8","12.4","9.6","29.7","23","7.4","6","8.9","4.2","55.3","31.4","88.8","10.2","4","76.2","30.8","78.8","27.2","49.3","22.7","22.7"
"2023","Willson Contreras","STL","495","0.74509804","0.86549708","0.23538462","0.55676329","0.73969631","0.42461538","0.26582278","0.4047619","0.24307692","0.08994709","0.05882353","0.09692308","0.264018691","Willson Contreras","11609","575929","Contreras, Willson","575929","2023","22.4","10.3","0.264","0.467","0.358","0.825","0.358","0.375","0.414","0.44","76.2","61.9","21.9","15.5","29.6","20.9","7.7","7","10.2","-2.9","50","31.2","91.3","10.1","12.2","68.9","31.1","81.3","29","48.1","23.1","21.6"
"2024","Willson Contreras","STL","358","0.77690289","0.83783784","0.27568741","0.54513889","0.62101911","0.41678726","0.23178808","0.21428571","0.21852388","0.06504065","0.125","0.08900145","0.262458471","Willson Contreras","11609","575929","Contreras, Willson","575929","2024","26.8","12.6","0.262","0.468","0.38","0.848","0.37","0.367","0.456","0.45","75.8","61","18.7","12.4","27.8","18.4","7.9","13","9.7","-1.3","50.3","31.5","91.6","14.2","11.2","71.3","29.8","77.8","35","42.4","24.4","23.9"
"2025","Willson Contreras","STL","563","0.70629371","0.86881188","0.26481481","0.54363828","0.74081238","0.44027778","0.22943723","0.33962264","0.21388889","0.10857143","0","0.08101852","0.257142857","Willson Contreras","11609","575929","Contreras, Willson","575929","2025","25.2","7.8","0.257","0.447","0.344","0.791","0.344","0.358","0.416","0.439","76","61.8","18.5","13.3","29.3","21.1","8","14","9.3","-1.6","47.1","32.8","90.6","12.3","13.9","66.4","30.1","80.5","28.9","41.9","28","25.8"
"2026","Willson Contreras","BOS","413","0.70666667","0.86415094","0.23644388","0.56756757","0.74229692","0.39659521","0.33062331","0.39344262","0.23266078","0.13615023","0.06896552","0.13430013","0.285302593","Willson Contreras","11609","575929","Contreras, Willson","575929","2026","25.2","10.9","0.285","0.539","0.392","0.931","0.4","0.387","0.494","0.472","77.1","72","17.1","12.3","26","18.6","7.9","21","11.5","-8.4","50.4","33.9","90.6","18","14.3","67.2","33.9","82.7","31","38.2","28.9","22.4"
"2023","Willy Adames","MIL","638","0.75079365","0.84989429","0.24268105","0.58471455","0.71811024","0.4183359","0.27287066","0.39306358","0.24422188","0.06910569","0.05882353","0.09476117","0.216998191","Willy Adames","15986","642715","Adames, Willy","642715","2023","25.9","11.1","0.217","0.407","0.31","0.717","0.311","0.333","0.367","0.402","72.5","24.2","12","8.5","27.9","19.9","8.2","8","16.2","-4.2","47.9","34.2","87.4","18.2","12.4","71.6","31.8","79.3","31","36.3","31.5","22.3"
"2024","Willy Adames","MIL","688","0.77323944","0.84335155","0.25978778","0.55488851","0.74497682","0.42663739","0.23491028","0.36111111","0.22429565","0.04098361","0.1","0.08927918","0.250819672","Willy Adames","15986","642715","Adames, Willy","642715","2024","25.1","10.8","0.251","0.462","0.331","0.793","0.342","0.341","0.419","0.418","73.6","33.2","13.3","9.7","29.2","21.2","8.1","9","15.5","-0.8","58.4","33.7","88.6","20.6","12","71.3","28.1","78.9","29.5","30.9","36.4","22.7"
"2025","Willy Adames","SFG","686","0.74175824","0.88518519","0.26027887","0.50546678","0.69550749","0.42509832","0.23919753","0.34193548","0.2316768","0.04310345","0","0.08294601","0.225042301","Willy Adames","15986","642715","Adames, Willy","642715","2025","26.1","11.7","0.225","0.421","0.318","0.739","0.321","0.327","0.384","0.395","72","19.7","11.9","8.7","29.3","21.5","8.1","14","18.5","-3.7","50.3","35.3","88.9","21.1","12.6","67.8","26.8","81.3","29.2","31.8","36.3","22.3"
"2026","Willy Adames","SFG","432","0.70378619","0.85759494","0.2695078","0.54261364","0.7408377","0.42256903","0.28529412","0.31958763","0.20408163","0.06936416","0","0.10384154","0.2275","Willy Adames","15986","642715","Adames, Willy","642715","2026","28.5","6.7","0.228","0.427","0.282","0.709","0.308","0.292","0.4","0.375","72.3","26","11.9","8.7","28.9","21.3","8.2","10","15.4","-4","57.3","33.7","87.8","22.3","9","65.3","32.4","83.4","28.9","34.2","34.5","20.1"
"2023","Wilmer Flores","SFG","454","0.66459627","0.91900312","0.2576","0.53522868","0.84064665","0.43146667","0.22020725","0.63529412","0.20586667","0.01522843","0.33333333","0.10506667","0.283950617","Wilmer Flores","5827","527038","Flores, Wilmer","527038","2023","13.9","9","0.284","0.509","0.355","0.864","0.368","0.335","0.392","0.349","67.5","2.7","10.8","9.2","35.2","30","7.1","8","12.4","-6.6","56.9","32.5","86.4","22","7.9","62.6","28.4","88.5","15.8","31.9","29.9","23.5"
"2024","Wilmer Flores","SFG","242","0.644","0.9378882","0.25987526","0.50970874","0.9","0.42827443","0.18181818","0.66666667","0.24012474","0.11594203","0.375","0.07172557","0.205607476","Wilmer Flores","5827","527038","Flores, Wilmer","527038","2024","13.6","8.3","0.206","0.318","0.277","0.595","0.262","0.292","0.258","0.296","65.9","2.1","7.6","6.6","34","29.6","6.9","6","10.6","-6.1","55.5","31.7","83.5","21.4","6","60.7","28.6","92.8","13.9","32.8","24.2","27.4"
"2025","Wilmer Flores","SFG","463","0.67884615","0.89235127","0.27111575","0.53251534","0.81105991","0.42492179","0.24819277","0.58252427","0.21637122","0.03571429","0","0.08759124","0.241050119","Wilmer Flores","5827","527038","Flores, Wilmer","527038","2025","19","7.3","0.241","0.379","0.307","0.686","0.302","0.281","0.333","0.304","65.5","0.9","6.5","5.2","35","28.2","6.9","17","11.1","-6.4","49.7","32.1","85.9","18.8","4.8","63.2","29.3","85.6","20.8","35","26.9","26"
"2024","Wilyer Abreu","BOS","447","0.74891775","0.84393064","0.25609756","0.52030457","0.74634146","0.4368071","0.23989899","0.41052632","0.2195122","0.07594937","0","0.08758315","0.253132832","Wilyer Abreu","23772","677800","Abreu, Wilyer","677800","2024","28","8.9","0.253","0.459","0.322","0.781","0.336","0.324","0.431","0.413","74.5","44.3","15.9","11.7","30.7","22.6","7.4","17","11.1","-3.1","53.7","31.7","91.6","19.2","11.2","68.4","28.1","76.9","29.6","34.1","34.1","23.3"
"2025","Wilyer Abreu","BOS","417","0.77704194","0.89488636","0.283125","0.57819225","0.77419355","0.435625","0.2202381","0.2972973","0.21","0.00877193","0","0.07125","0.246648793","Wilyer Abreu","23772","677800","Abreu, Wilyer","677800","2025","24.2","9.6","0.247","0.469","0.317","0.786","0.334","0.335","0.41","0.413","74.1","40.9","17","13.5","27.6","22","7.1","15","9.5","-1.3","57.7","31.2","90.8","23","12.3","73.6","29.1","83.9","24","31.5","39.9","18.1"
"2026","Wilyer Abreu","BOS","455","0.72706422","0.88328076","0.24384787","0.58060288","0.81038375","0.42673378","0.25432099","0.49514563","0.22651007","0.08152174","0.2","0.10290828","0.248138957","Wilyer Abreu","23772","677800","Abreu, Wilyer","677800","2026","20.9","9.5","0.248","0.429","0.32","0.749","0.325","0.337","0.372","0.39","73.8","37.4","14.8","11.5","30.8","23.9","7.2","8","8.1","0.1","47.7","33.2","89.7","18.9","12.1","68.8","31.5","82","24.2","33.1","36","22.9"
"2024","Wyatt Langford","TEX","557","0.67169179","0.86783042","0.26462766","0.50684932","0.8004158","0.42065603","0.16115702","0.44871795","0.21453901","0.02654867","0.16666667","0.1001773","0.25250501","Wyatt Langford","33333","694671","Langford, Wyatt","694671","2024","20.6","9.2","0.253","0.415","0.325","0.74","0.321","0.332","0.367","0.383","74.4","47.9","18.3","14.1","31.5","24.2","7","8","11.1","-4.2","55.2","31","89.6","16.6","9.4","64.3","23","83.2","22.9","40.1","28.9","22"
"2025","Wyatt Langford","TEX","573","0.70047544","0.90045249","0.27023555","0.4757085","0.7","0.42312634","0.1626506","0.39506173","0.21327623","0.05045872","0.18181818","0.09336188","0.241308793","Wyatt Langford","33333","694671","Langford, Wyatt","694671","2025","26.4","12.9","0.241","0.431","0.344","0.775","0.337","0.346","0.407","0.421","73.1","28.9","17.9","13.4","34.3","25.7","7","10","16.7","-3","48.6","33.7","91.4","17.5","14","64","23.4","83.2","26.3","35","30.6","26.8"
"2026","Wyatt Langford","TEX","241","0.78125","0.905","0.28667413","0.52659574","0.76262626","0.42105263","0.26035503","0.5","0.18924972","0.0326087","0.33333333","0.10302352","0.277533039","Wyatt Langford","33333","694671","Langford, Wyatt","694671","2026","22.4","5.4","0.278","0.507","0.32","0.827","0.355","0.309","0.437","0.373","72.7","25.4","15.2","11.6","34.8","26.6","6.9","5","12.3","-5","52.8","31.3","89.3","19.9","8.7","70.1","28.9","83","23.7","32.9","29.5","23.7"
"2023","Xander Bogaerts","SDP","665","0.63102999","0.90289256","0.29009077","0.46188341","0.78058252","0.42170953","0.21582734","0.55833333","0.21028744","0.03398058","0.14285714","0.07791225","0.285234899","Xander Bogaerts","12161","593428","Bogaerts, Xander","593428","2023","16.5","8.4","0.285","0.44","0.35","0.79","0.343","0.317","0.374","0.34","70.1","14.9","12.2","10","37.2","30.5","7.2","4","9.2","-4.7","51.4","32.6","87.6","7.9","6.1","59.2","25.2","86.1","20.4","49.8","22.6","21.1"
"2024","Xander Bogaerts","SDP","463","0.66361974","0.93112948","0.30541597","0.46808511","0.81534091","0.41987716","0.20113314","0.47887324","0.19709659","0.03597122","0.2","0.07761027","0.264018691","Xander Bogaerts","12161","593428","Bogaerts, Xander","593428","2024","17.1","6","0.264","0.381","0.307","0.688","0.3","0.308","0.335","0.345","70.7","15.2","12.9","10.7","36.9","30.8","7.2","9","10","-2.5","53.8","31.6","88.1","10.9","5.1","60","25.7","88.6","18.3","47.6","23.9","22.8"
"2025","Xander Bogaerts","SDP","552","0.61842105","0.92287234","0.28966174","0.45942857","0.76865672","0.41686517","0.19646799","0.52808989","0.21581706","0.05521472","0","0.07765603","0.262729124","Xander Bogaerts","12161","593428","Bogaerts, Xander","593428","2025","17","8.7","0.263","0.391","0.328","0.719","0.313","0.327","0.34","0.359","72.1","25.7","15.9","12.7","36.4","29.1","7.3","16","9.9","-6.3","51.6","31.1","89","11.1","6.9","58.9","23.6","85.5","21.3","43.8","23.2","26.8"
"2026","Xander Bogaerts","SDP","409","0.68181818","0.92280702","0.26092385","0.44281525","0.7615894","0.42571785","0.1878453","0.45588235","0.22596754","0.04285714","0","0.08739076","0.217514124","Xander Bogaerts","12161","593428","Bogaerts, Xander","593428","2026","18.3","11.7","0.218","0.319","0.313","0.632","0.287","0.315","0.29","0.33","72.4","28.2","14.1","11.1","35.7","28","7.4","17","10.2","-4.1","51.5","32.3","88.1","5.7","6","59.5","24.1","86.3","22.8","53.4","24","19.1"
"2024","Xavier Edwards","MIA","303","0.78635015","0.88679245","0.28438819","0.49011858","0.87096774","0.42700422","0.15267176","0.45","0.22109705","0.0125","0","0.06751055","0.328301886","Xavier Edwards","22266","669364","Edwards, Xavier","669364","2024","17.2","10.9","0.328","0.423","0.397","0.82","0.359","0.3","0.396","0.315","64.5","0.2","5.1","4.3","37.6","31.6","6.3","14","4","6.9","37.2","32.8","86.1","6.7","1.8","70.3","24.8","87.3","16.9","52.3","19.3","27.1"
"2025","Xavier Edwards","MIA","619","0.7593985","0.93861386","0.29555556","0.49479167","0.88631579","0.42666667","0.18895966","0.69662921","0.20933333","0.03246753","0.2","0.06844444","0.283422459","Xavier Edwards","22266","669364","Edwards, Xavier","669364","2025","14.2","7.9","0.283","0.353","0.343","0.696","0.308","0.295","0.325","0.307","66.9","2.4","7.4","6.5","36.2","31.9","6.4","11","2.6","2.5","34.1","31.1","86.8","8.2","0.8","69.1","26.9","91.8","12.2","49.3","20.3","26.3"
"2026","Xavier Edwards","MIA","459","0.68666667","0.9223301","0.25466893","0.48529412","0.86501377","0.42331636","0.16129032","0.52307692","0.22807018","0.04216867","0","0.09394454","0.291457286","Xavier Edwards","22266","669364","Edwards, Xavier","669364","2026","13.5","12","0.291","0.402","0.373","0.775","0.342","0.322","0.35","0.324","68.5","2.6","8.2","6.9","39.1","32.8","6.5","11","5.8","-0.9","44.6","29.5","87.1","10.5","4.1","64.4","23.9","89.9","16.4","47.1","22.2","26.3"
"2023","Yainer Diaz","HOU","377","0.7734139","0.8984375","0.2550077","0.70058708","0.74581006","0.39368259","0.42345277","0.50769231","0.23651772","0.11409396","0.29411765","0.11479199","0.28169014","Yainer Diaz","23003","673237","Diaz, Yainer","673237","2023","19.6","2.9","0.282","0.538","0.308","0.846","0.354","0.358","0.425","0.431","73.7","36.7","16.2","12.2","32.8","24.8","7.5","5","11.1","3.9","55","30.3","90.3","11.5","12.2","76.6","44","82.7","27.6","44.3","29.6","22.6"
"2024","Yainer Diaz","HOU","619","0.82633588","0.90531178","0.2462406","0.67096019","0.79232112","0.40131579","0.42226488","0.54545455","0.24483083","0.11353712","0.19230769","0.10761278","0.299145299","Yainer Diaz","23003","673237","Diaz, Yainer","673237","2024","17.3","3.9","0.299","0.441","0.325","0.766","0.329","0.343","0.383","0.4","72.5","23.6","17.2","13.2","34.4","26.5","7.4","17","11.2","4.1","59.1","30.7","90.2","8.9","7.6","77.7","42.7","86.4","24","51.2","18.7","25.5"
"2025","Yainer Diaz","HOU","567","0.82067511","0.92030848","0.25334046","0.69795918","0.81481481","0.39283805","0.42325581","0.49450549","0.22982362","0.125","0.10344828","0.12399786","0.256457564","Yainer Diaz","23003","673237","Diaz, Yainer","673237","2025","16.8","3.5","0.256","0.417","0.284","0.701","0.3","0.326","0.346","0.379","72.2","21.6","17.6","13.9","34.9","27.5","7.3","30","10.4","1.1","59.1","28.3","89.9","10.2","9.6","78.2","44.4","87.4","23.4","46","23.3","24.9"
"2026","Yainer Diaz","HOU","204","0.7672956","0.90983607","0.24766355","0.63837638","0.84971098","0.42211838","0.39864865","0.52542373","0.2305296","0.0625","0","0.09968847","0.24742268","Yainer Diaz","23003","673237","Diaz, Yainer","673237","2026","15.7","3.4","0.247","0.402","0.275","0.677","0.293","0.302","0.33","0.342","72.4","20.4","14.1","11.2","38.2","30.4","7.3","8","8.2","2.6","59.6","27.8","87.9","6.6","5.5","72.2","41.7","89.7","21.7","54.9","18.9","21.3"
"2023","Yan Gomes","CHC","419","0.73105134","0.88628763","0.25788146","0.58575581","0.77171216","0.43379571","0.31955923","0.61206897","0.22887768","0.11111111","0","0.07944515","0.267015706","Yan Gomes","9627","543228","Gomes, Yan","543228","2023","19.3","5","0.267","0.408","0.315","0.723","0.312","0.322","0.357","0.371","68.9","7.9","12.5","10.1","35.9","28.9","7.7","0","9","-3.2","45.8","33.4","87.4","15.1","7.8","69.3","37","83.8","24.2","37","28.9","25.6"
"2023","Yandy Díaz","TBR","600","0.73899848","0.90143737","0.2795927","0.44709544","0.82366589","0.40899448","0.14392523","0.49350649","0.22698345","0.04020101","0.125","0.08442936","0.329523809","Yandy Diaz","16578","650490","Díaz, Yandy","650490","2023","15.7","10.8","0.33","0.522","0.41","0.932","0.402","0.384","0.439","0.415","73.8","41","20.8","17.6","35.3","29.8","7.5","8","4.3","5.7","44.4","25.9","93.4","5.7","9.5","65.5","19.7","88.1","18.4","52.2","20.8","23.8"
"2024","Yandy Díaz","TBR","621","0.7309417","0.94478528","0.27195122","0.46500921","0.83960396","0.44146341","0.15637066","0.67901235","0.21056911","0.02139037","0.75","0.07601626","0.280639431","Yandy Diaz","16578","650490","Díaz, Yandy","650490","2024","15.3","8.1","0.281","0.414","0.341","0.755","0.331","0.339","0.356","0.367","73.2","34.1","21.8","19.1","36.5","31.8","7.5","2","3.2","7.2","37.9","25.4","92.2","5","7.7","64","22.8","89.7","14.2","55.5","17.8","21.2"
"2025","Yandy Díaz","TBR","651","0.70464135","0.90419162","0.28236696","0.47465438","0.83495146","0.43089754","0.17318436","0.61290323","0.2132645","0.03783784","0.42857143","0.07347101","0.300171526","Yandy Diaz","16578","650490","Díaz, Yandy","650490","2025","14.1","8.8","0.3","0.482","0.366","0.848","0.364","0.353","0.393","0.378","73.5","35.2","24.7","20.5","37.1","30.8","7.6","9","2.8","7.2","34.7","24.4","93","5","8.3","63.8","24","87","17.9","54","20","22.4"
"2026","Yandy Díaz","TBR","453","0.69160998","0.92131148","0.26423008","0.54978962","0.87244898","0.42720192","0.19892473","0.77027027","0.22288796","0.01398601","0","0.08568005","0.300751879","Yandy Diaz","16578","650490","Díaz, Yandy","650490","2026","14.3","9.3","0.301","0.464","0.377","0.841","0.366","0.355","0.39","0.375","73.8","40.1","20.5","17.9","32.5","28.4","7.6","9","1.8","7.3","29.8","23.9","90.7","5.8","7.1","65.2","27.8","88.3","14.2","49.9","20.5","24"
"2025","Yanquiel Fernández","COL","147","0.72","0.86111111","0.24671053","0.60299625","0.72670807","0.43914474","0.36842105","0.32653061","0.21875","0.01724138","0","0.09539474","0.224637681","Yanquiel Fernandez","28552","692585","Fernández, Yanquiel","692585","2025","29.9","5.4","0.225","0.348","0.265","0.613","0.268","0.243","0.356","0.318","74.5","45.2","12.3","8.6","25.1","17.6","8","2","10.6","-11.2","56","28.6","88.6","8","8.5","70.7","35.8","80.5","30.7","49.5","25.3","21.1"
"2023","Yasmani Grandal","CHW","405","0.66203704","0.86713287","0.26325411","0.50884354","0.77540107","0.44789762","0.19354839","0.46969697","0.20780012","0.06015038","0","0.08104814","0.234159779","Yasmani Grandal","11368","518735","Grandal, Yasmani","518735","2023","21.2","8.9","0.234","0.339","0.309","0.648","0.288","0.282","0.319","0.311","70.5","9.3","9.6","7.5","33.9","26.5","7.5","1","9.2","1.6","51.7","26.5","87.9","10.8","4.7","62.1","27.5","82.4","24.9","45.2","25.4","24.7"
"2024","Yasmani Grandal","PIT","243","0.57518797","0.89542484","0.27941176","0.43497758","0.81443299","0.46848739","0.19251337","0.5","0.19642857","0.03773585","0","0.05567227","0.227906976","Yasmani Grandal","11368","518735","Grandal, Yasmani","518735","2024","18.9","9.9","0.228","0.4","0.304","0.704","0.308","0.327","0.338","0.365","70.3","8.4","18","15","43.2","36","7.4","12","10.5","0.2","64.7","26.4","91.1","11.1","9.8","54.2","25.5","85.1","20.1","47.4","28.3","20.2"
"2023","Yoán Moncada","CHW","357","0.68","0.87058824","0.26978417","0.54139073","0.6911315","0.43453237","0.21818182","0.35","0.19784173","0.06617647","0.11111111","0.09784173","0.260479041","Yoan Moncada","17232","660162","Moncada, Yoán","660162","2023","30","5.6","0.26","0.425","0.305","0.73","0.315","0.315","0.426","0.426","74.2","42.8","16.6","11.9","31.6","22.7","7.7","5","10.5","-2.2","44.7","38.6","89.4","12.3","10.1","66.2","28.2","78.9","30.7","41.7","23.7","29.8"
"2025","Yoán Moncada","LAA","289","0.77627119","0.88646288","0.26152482","0.46","0.64347826","0.44326241","0.16603774","0.22727273","0.23492908","0.04411765","0","0.06028369","0.233870967","Yoan Moncada","17232","660162","Moncada, Yoán","660162","2025","26","11.1","0.234","0.448","0.336","0.784","0.339","0.324","0.407","0.382","73.3","38.2","16.6","11.8","33.2","23.7","7.4","13","12.1","-5.4","43","38.3","89.8","15.1","14.3","65.9","24.3","79.6","31.4","36.6","33.7","24.6"
"2026","Yoán Moncada","LAA","130","0.57857143","0.91358025","0.25362319","0.47639485","0.71171171","0.42210145","0.16793893","0.18181818","0.23731884","0.02083333","0","0.08695652","0.189189189","Yoan Moncada","17232","660162","Moncada, Yoán","660162","2026","34.6","13.1","0.189","0.297","0.308","0.605","0.281","0.269","0.352","0.33","72.3","30.4","13.7","9.9","29.5","21.5","7.4","4","11.4","-3.4","36.4","38.1","90.3","15.8","7.7","56.7","21.1","82.2","28.8","34.8","36.4","25.8"
"2025","Yohel Pozo","STL","168","0.77941176","0.90566038","0.23011844","0.71138211","0.82857143","0.41624365","0.43312102","0.67647059","0.26565144","0.19230769","0.4","0.08798646","0.23125","Yohel Pozo","18848","650968","Pozo, Yohel","650968","2025","13.1","4.2","0.231","0.375","0.262","0.637","0.275","0.276","0.298","0.3","69.5","9.4","11.7","9.7","30.3","25","7.7","9","6.7","-1.9","46.9","25.8","87.7","17.8","2.2","76.3","48","86.7","19.8","38.8","18","25.2"
"2026","Yohendrick Piñango","TOR","180","0.70056497","0.84677419","0.26222222","0.61209964","0.81976744","0.4162963","0.33088235","0.48888889","0.20148148","0.04938272","0","0.12","0.260355029","Yohendrick Pinango","26664","682818","Piñango, Yohendrick","682818","2026","24.4","6.1","0.26","0.396","0.306","0.702","0.308","0.309","0.383","0.383","75.6","57.4","17.4","13.2","27.4","20.8","7.1","5","0.9","-1.8","29.7","29.7","90.9","9.6","8","67.1","35.2","80","25.6","42.4","21.6","30.4"
"2023","Yordan Alvarez","HOU","496","0.69909502","0.91262136","0.23165618","0.51683938","0.81203008","0.40461216","0.22131148","0.50925926","0.2557652","0.08252427","0.05882353","0.10796646","0.292682926","Yordan Alvarez","19556","670541","Alvarez, Yordan","670541","2023","18.5","13.9","0.293","0.583","0.407","0.99","0.415","0.436","0.466","0.498","76.7","70.6","23.4","18.6","32.1","25.5","7.6","0","10.1","-5.7","45.3","34.3","93.3","17.1","18.1","64.6","26.1","86.9","22.4","36","35.7","22.4"
"2024","Yordan Alvarez","HOU","635","0.72037037","0.91773779","0.2385159","0.55431472","0.82967033","0.43507067","0.24361493","0.5483871","0.22482332","0.09130435","0","0.10159011","0.307971014","Yordan Alvarez","19556","670541","Alvarez, Yordan","670541","2024","15","10.9","0.308","0.567","0.392","0.959","0.402","0.415","0.444","0.462","76.5","62.7","22.4","18.2","34.3","27.8","7.6","1","8.7","-5.8","42","35.1","93.1","18.3","14.5","68","30.6","89","19.9","33.4","36.2","23.9"
"2025","Yordan Alvarez","HOU","199","0.68208092","0.94067797","0.21544209","0.49444444","0.80337079","0.4483188","0.24137931","0.42857143","0.25280199","0.10447761","0.14285714","0.08343711","0.272727272","Yordan Alvarez","19556","670541","Alvarez, Yordan","670541","2025","16.6","14.1","0.273","0.43","0.367","0.797","0.338","0.393","0.359","0.437","76.1","62.5","23.4","18.1","36.3","28.1","7.7","1","10","-4.7","40.7","36.6","94.7","18.3","13.8","63.6","26.7","89.1","22.4","34.1","31.9","26.8"
"2026","Yordan Alvarez","HOU","474","0.67142857","0.90425532","0.2310231","0.48924731","0.87637363","0.40924092","0.26027397","0.61403509","0.24092409","0.06944444","0","0.11881188","0.321428571","Yordan Alvarez","19556","670541","Alvarez, Yordan","670541","2026","17.1","15.4","0.322","0.642","0.433","1.075","0.445","0.475","0.51","0.556","76.1","61.1","22.6","18.5","32.3","26.3","7.6","5","8.1","-4.7","45.5","36.5","94.6","19.7","18.6","61.7","27.5","89.7","19.4","29.4","39.3","26.2"
"2023","Yu Chang","BOS","112","0.72321429","0.90123457","0.29866667","0.58823529","0.65555556","0.408","0.30379747","0.08333333","0.21066667","0.09677419","0","0.08266667","0.161904761","Yu Chang","14773","644374","Chang, Yu","644374","2023","30.4","2.7","0.162","0.352","0.2","0.552","0.236","0.263","0.316","0.358","72.4","22.7","20.3","13.6","40.7","27.3","7.6","3","12.9","-5.7","57","30.5","88.8","9.8","5.6","70.8","35.9","82.6","35.3","45.2","28.8","20.5"
"2023","Yuli Gurriel","MIA","329","0.64262295","0.90816327","0.25651808","0.54527163","0.88560886","0.41799832","0.31481481","0.67058824","0.22708158","0.03418803","0","0.09840202","0.244966442","Yuli Gurriel","19198","493329","Gurriel, Yuli","493329","2023","13.4","7.9","0.245","0.359","0.304","0.663","0.287","0.275","0.297","0.282","70.6","7.7","8.3","7.1","37.8","32.4","7.7","3","2.3","-1.9","32.2","23.7","88.6","16.5","1.9","62.9","30.7","89.5","16","40.7","24.4","23.6"
"2025","Zach Dezenzo","HOU","109","0.74100719","0.82524272","0.28958333","0.47668394","0.66304348","0.40208333","0.14851485","0.06666667","0.21041667","0.04255319","0","0.09791667","0.244897959","Zach Dezenzo","31562","701305","Dezenzo, Zach","701305","2025","33.9","10.1","0.245","0.367","0.321","0.688","0.306","0.316","0.421","0.441","73.5","29.1","16.9","11.6","24.6","16.9","7.6","4","13.8","0.9","47.4","39.8","89.3","17.5","16.4","68.3","20","76.2","33.5","36.1","29.5","29.5"
"2023","Zach McKinstry","DET","518","0.71501706","0.90692124","0.27958015","0.52570093","0.81555556","0.40839695","0.21063395","0.57281553","0.23330153","0.07878788","0.07692308","0.07872137","0.230603448","Zach McKinstry","19392","656716","McKinstry, Zach","656716","2023","21.8","8.5","0.231","0.351","0.302","0.653","0.289","0.312","0.324","0.359","67.9","3.4","5.3","4.1","31.1","24.4","6.9","2","12.3","-0.5","40.5","38.4","87.2","17.8","7.6","68.3","27.1","88.2","20.5","35.7","34","26.1"
"2024","Zach McKinstry","DET","325","0.69321534","0.8893617","0.27185245","0.54151625","0.81","0.44426624","0.19291339","0.42857143","0.20368885","0.06","0","0.08019246","0.215488215","Zach McKinstry","19392","656716","McKinstry, Zach","656716","2024","21.2","7.4","0.215","0.337","0.277","0.614","0.27","0.301","0.304","0.348","67.2","0.8","8.8","6.9","38.3","30.2","6.7","5","12.6","-0.1","44.5","37.9","88","18.7","4.3","66.7","28.1","86.1","22.1","32.6","31.3","29.6"
"2025","Zach McKinstry","DET","511","0.68892794","0.88520408","0.27960688","0.50266241","0.77754237","0.46142506","0.20707071","0.47560976","0.19459459","0.02290076","0","0.06437346","0.258849557","Zach McKinstry","19392","656716","McKinstry, Zach","656716","2025","21.7","9","0.259","0.438","0.333","0.771","0.333","0.305","0.385","0.344","67.5","1.9","9.3","7.3","31.5","24.6","6.8","9","9.9","1.5","43.1","37.4","85.7","14.1","6.1","65.5","26.5","84.1","22.8","40.9","24.5","29.1"
"2026","Zach McKinstry","DET","289","0.68454259","0.93548387","0.29379055","0.56643357","0.91358025","0.39759036","0.23348018","0.50943396","0.21037998","0.11320755","0","0.09823911","0.20703125","Zach McKinstry","19392","656716","McKinstry, Zach","656716","2026","16.3","9.7","0.207","0.316","0.283","0.599","0.268","0.283","0.273","0.293","68.6","5.7","7.3","6.1","30.6","25.8","6.7","6","8.6","1","41.6","38","85.2","14.6","2.8","67.1","29.5","91.2","17.1","41.1","28.5","24.3"
"2023","Zach Neto","LAA","329","0.71954674","0.85826772","0.27406832","0.54850746","0.70748299","0.41614907","0.1862069","0.31481481","0.22515528","0.0733945","0.125","0.08462733","0.224913494","Zach Neto","31347","687263","Neto, Zach","687263","2023","23.4","6.1","0.225","0.377","0.308","0.685","0.302","0.315","0.342","0.362","69.4","6.7","11.7","8.1","34.5","23.8","7.2","9","17.8","-3.8","49.8","36","89.1","14.5","8.8","69.9","25.1","80.6","28.7","38.9","32.4","23.1"
"2024","Zach Neto","LAA","602","0.69373942","0.88780488","0.25819135","0.55426765","0.75095057","0.41459152","0.29511278","0.40764331","0.2324159","0.08294931","0.05555556","0.09480122","0.24907749","Zach Neto","31347","687263","Neto, Zach","687263","2024","23.3","6.5","0.249","0.443","0.318","0.761","0.33","0.319","0.395","0.379","71","14.7","13.9","10.4","33.8","25.4","7.1","37","14.4","-6","57","33.4","88.5","12.3","8.4","67.9","31.3","82.2","27.1","45.2","29.2","18.7"
"2025","Zach Neto","LAA","554","0.74074074","0.87954545","0.27360663","0.56521739","0.70299145","0.38139106","0.25","0.32539683","0.23215108","0.06530612","0","0.11285122","0.256972111","Zach Neto","31347","687263","Neto, Zach","687263","2025","26.9","6","0.257","0.474","0.319","0.793","0.337","0.344","0.436","0.447","71.4","13.2","18.3","13.3","36.9","26.9","7.1","30","18","-5.6","48.3","39.1","91","17.5","14","69.5","30.1","81.4","29.1","36.3","31.6","24.6"
"2026","Zach Neto","LAA","476","0.72665148","0.88401254","0.23513658","0.6022567","0.70491803","0.37975362","0.38034188","0.39325843","0.25066952","0.10358566","0.07692308","0.13444028","0.232057416","Zach Neto","31347","687263","Neto, Zach","687263","2026","31.3","10.3","0.232","0.433","0.324","0.757","0.331","0.31","0.437","0.4","71.1","13.4","10.8","7.4","30.2","20.7","7.1","27","20.7","-7.9","38.2","39.9","89.3","22.1","12.6","69.8","36.7","82.4","32.4","32.6","37","20.7"
"2023","Zach Remillard","CHW","160","0.69942197","0.89256198","0.30034722","0.44401544","0.6","0.44965278","0.25","0.12","0.17361111","0.02272727","0","0.07638889","0.25170068","Zach Remillard","19788","621545","Remillard, Zach","621545","2023","30","5","0.252","0.32","0.295","0.615","0.27","0.219","0.367","0.287","68.8","5","4.5","2.9","34.8","22.1","7.1","3","10.2","-3.9","55.5","31.8","85.7","11.9","1","64.5","26.6","77.7","33.8","55.3","13.6","19.4"
"2023","Zack Gelof","OAK","300","0.78827362","0.75619835","0.26580087","0.54126679","0.67375887","0.45108225","0.24229075","0.36363636","0.1965368","0.02","0.5","0.08658009","0.266666666","Zack Gelof","29766","680869","Gelof, Zack","680869","2023","27.3","8.7","0.267","0.504","0.337","0.841","0.357","0.331","0.461","0.421","71.4","11.2","14.2","9.8","34.4","23.7","7.1","5","15.9","4.5","55.4","34.8","89.8","11.8","11.1","71.7","28.9","72.4","33.7","41.3","28","27"
"2024","Zack Gelof","OAK","547","0.81071429","0.80176211","0.27250608","0.54949944","0.59919028","0.43746959","0.22758621","0.29292929","0.21167883","0.04347826","0","0.0783455","0.211267605","Zack Gelof","29766","680869","Gelof, Zack","680869","2024","34.4","6.9","0.211","0.362","0.27","0.632","0.276","0.273","0.386","0.382","71.6","11.7","12","7.8","30.2","19.6","7.3","23","16.3","0.6","54.9","33.6","89.2","14.2","8.9","72.1","29.7","74","36.4","43.5","27.4","22.7"
"2025","Zack Gelof","ATH","101","0.81512605","0.75257732","0.28605769","0.54210526","0.51456311","0.45673077","0.13414634","0.09090909","0.19711538","0.08","0","0.06009615","0.173913043","Zack Gelof","29766","680869","Gelof, Zack","680869","2025","45.5","6.9","0.174","0.272","0.23","0.502","0.224","0.219","0.373","0.362","72.1","14.2","11.9","6.8","26.6","15.3","7.3","3","21.3","0.1","37.5","34.6","88.1","15.2","12.5","74.4","26.4","65.6","43.2","43.8","25","22.9"
"2026","Zack Gelof","ATH","247","0.74","0.78918919","0.26595745","0.51485149","0.77884615","0.42978723","0.16990291","0.48571429","0.21914894","0.075","0","0.08510638","0.273127753","Zack Gelof","29766","680869","Gelof, Zack","680869","2026","25.1","5.7","0.273","0.476","0.327","0.803","0.348","0.289","0.44","0.352","73.8","32.5","13.9","10.2","32.3","23.7","7.3","2","14.6","1.6","62.5","31.8","88.8","15.7","6.6","66.4","23.9","77","27.5","43.1","26.3","21.6"
"2023","Zack Short","DET","253","0.72093023","0.87096774","0.29509804","0.43055556","0.70967742","0.42352941","0.08520179","0.15789474","0.21862745","0.03125","0","0.0627451","0.203619909","Zack Short","19562","670097","Short, Zack","670097","2023","26.1","11.1","0.204","0.339","0.292","0.631","0.281","0.296","0.326","0.351","70.5","1.7","10.5","7.5","30.6","22","7.1","8","10.4","-3","61.1","32.3","87.6","21.2","8.9","64.2","16.4","81.4","24.9","37.1","30.8","18.2"
